adref,id,redirect_url,description,latitude,salary_is_predicted,created,longitude,title,contract_type,__CLASS__,location.display_name,location.__CLASS__,location.area,category.__CLASS__,category.tag,category.label,company.display_name,company.__CLASS__,contract_time,salary_min,salary_max
eyJhbGciOiJIUzI1NiJ9.eyJpIjoiNTgzMTkwNjY3OSIsInMiOiJuSWR6OFYtUzhSR0o1S2o5d2x5UzNRIn0.gzpz1_OWJVBoHy1T_1PUTrUCAxsSCUhCAq4_zlU8d1w,5831906679,https://www.adzuna.ca/details/5831906679?utm_medium=api&utm_source=e90db681,"Job Description Job Description We are looking for an experienced DevOps Engineer role for our client. This is a permanent position, that can either be remote or in-office at Toronto! Our client is a large technology firm with a product that you've likely used. You Have: You have hands-on experience with enterprise-grade infrastructures, operations and / or systems administration. Familiar with DevOps engineering practices Experience designing and implementing automations, including creation of…",45.544959,0,2026-08-07T06:49:40Z,-73.588138,DevOps Engineer,permanent,Adzuna::API::Response::Job,"Montréal, Québec",Adzuna::API::Response::Location,"['Canada', 'Québec', 'Montréal']",Adzuna::API::Response::Category,it-jobs,IT Jobs,Targeted Talent,Adzuna::API::Response::Company,,,
eyJhbGciOiJIUzI1NiJ9.eyJzIjoibklkejhWLVM4UkdKNUtqOXdseVMzUSIsImkiOiI1ODMxOTA2MzkwIn0.3FY4JU2IjNo7mGKKMrEZRKZ6y0wVHYzR05k9lFXYrSE,5831906390,https://www.adzuna.ca/details/5831906390?utm_medium=api&utm_source=e90db681,"Job Description Job Description Company Description Acumatica is a company on a mission. We are a leading innovator in cloud ERP (Enterprise Resource Planning) solutions with growing businesses worldwide. But don’t take our word for it—read what analysts like G2, IDC, Nucleus Research, and Info-Tech have to say about us. Acumatica is different by design and purposely built to help small and midsized companies thrive in today’s digital economy. Our industry-specific business management solution …",45.544959,0,2026-08-07T06:49:28Z,-73.588138,"Senior Manager, IT Business Systems",,Adzuna::API::Response::Job,"Montréal, Québec",Adzuna::API::Response::Location,"['Canada', 'Québec', 'Montréal']",Adzuna::API::Response::Category,it-jobs,IT Jobs,Acumatica,Adzuna::API::Response::Company,,,
eyJhbGciOiJIUzI1NiJ9.eyJpIjoiNTgzMTkwNjM3OSIsInMiOiJuSWR6OFYtUzhSR0o1S2o5d2x5UzNRIn0.W405O313B6xVXbS-WXSsqATBHct4f3zhpKsJiEeIMGc,5831906379,https://www.adzuna.ca/details/5831906379?utm_medium=api&utm_source=e90db681,"Job Description Job Description Description du poste En tant que Designer UX Senior à Ubi Montréal , vous contribuerez à façonner l’expérience utilisateur d’un ambitieux jeu de tir à la première personne multijoueur en mode « live-service » évoluant dans un environnement à grande échelle. Au sein d’une petite équipe autonome, vous agirez comme pont entre la vision du produit et les besoins des joueurs et joueuses afin de créer des expériences cohérentes, intuitives et évolutives à chaque étape …",45.544959,0,2026-08-07T06:49:28Z,-73.588138,Designer UX senior,,Adzuna::API::Response::Job,"Montréal, Québec",Adzuna::API::Response::Location,"['Canada', 'Québec', 'Montréal']",Adzuna::API::Response::Category,it-jobs,IT Jobs,Ubisoft,Adzuna::API::Response::Company,,,
eyJhbGciOiJIUzI1NiJ9.eyJpIjoiNTgzMTkwNjIxNSIsInMiOiJuSWR6OFYtUzhSR0o1S2o5d2x5UzNRIn0.ch09tnq9cr6yG5fh75-RIxAYHREY__SF2c_kEEEU3XU,5831906215,https://www.adzuna.ca/details/5831906215?utm_medium=api&utm_source=e90db681,"Job Description Job Description Do you have a passion for problem-solving and enjoy working with a dynamic and creative team? Do you love learning and working with organizations that make a big impact on the world? Work with other talented and motivated developers as part of our growing WordPress practice. Evolving Web is a team of designers, developers, and technologists specializing in WordPress and Drupal. This position requires 5 years of WordPress experience, ideal for developers with high…",45.544959,0,2026-08-07T06:49:20Z,-73.588138,Full Stack WordPress Developer,,Adzuna::API::Response::Job,"Montréal, Québec",Adzuna::API::Response::Location,"['Canada', 'Québec', 'Montréal']",Adzuna::API::Response::Category,it-jobs,IT Jobs,Evolving Web,Adzuna::API::Response::Company,,,
eyJhbGciOiJIUzI1NiJ9.eyJzIjoibklkejhWLVM4UkdKNUtqOXdseVMzUSIsImkiOiI1ODMxOTA2MTkyIn0.TZ_obkr4W-XdqAbF7xK-mSsGX1ixwlhqa25EII73sRM,5831906192,https://www.adzuna.ca/details/5831906192?utm_medium=api&utm_source=e90db681,"Job Description Job Description Company Description Techo-Bloc makes the hardscaping products that transform ordinary outdoor spaces into something people are proud of — premium concrete pavers, retaining walls, and architectural masonry that end up in backyards, commercial plazas, and everything in between. We have 9 manufacturing facilities, 13 distribution centers, and over 900 people working across more than 20 locations in Canada and the United States. That kind of footprint doesn't run it…",45.490563,0,2026-08-07T06:49:19Z,-73.430404,IT Manager,,Adzuna::API::Response::Job,"Saint-Hubert, Champlain",Adzuna::API::Response::Location,"['Canada', 'Québec', 'Montérégie', 'Champlain', 'Saint-Hubert']",Adzuna::API::Response::Category,it-jobs,IT Jobs,Techo-Bloc,Adzuna::API::Response::Company,,,
eyJhbGciOiJIUzI1NiJ9.eyJpIjoiNTgzMTkwNTk4MCIsInMiOiJuSWR6OFYtUzhSR0o1S2o5d2x5UzNRIn0.xEqGkB_NN9o8dAd5jXu2kksQ109jF0pixvZHM7UViPk,5831905980,https://www.adzuna.ca/details/5831905980?utm_medium=api&utm_source=e90db681,"Job Description Job Description About Proof We're Proof, a high growth company in the legal tech industry founded in 2017. We've built a best-in-class legal services platform used by thousands of law firms with a sustained average growth rate of over 10%. Our marketplace platform helps law firms and pro se parties access more efficient, transparent, and accessible legal services that are not traditionally available to everyone. Our primary services are Service of Process and E-Filing. We curren…",45.544959,0,2026-08-07T06:49:05Z,-73.588138,Senior Full-Stack Developer (Canada),,Adzuna::API::Response::Job,"Montréal, Québec",Adzuna::API::Response::Location,"['Canada', 'Québec', 'Montréal']",Adzuna::API::Response::Category,it-jobs,IT Jobs,Proof,Adzuna::API::Response::Company,full_time,,
eyJhbGciOiJIUzI1NiJ9.eyJzIjoibklkejhWLVM4UkdKNUtqOXdseVMzUSIsImkiOiI1ODMxOTA1NzY4In0.pzk4Kr9dhJv15duFjis8pxyNpYiu8qLsEty0uHRMpeg,5831905768,https://www.adzuna.ca/details/5831905768?utm_medium=api&utm_source=e90db681,"Job Description Job Description Job Description As a Senior UX Designer at Ubi Montreal , you will help shape the player experience for an ambitious large-scale live-service multiplayer first-person shooter. Working within a small, autonomous team, you will bridge the gap between the game vision and player needs, creating intuitive, scalable, and cohesive experiences across every stage of the player journey. What you’ll do Prepare design work through rigorous discovery research and clear proble…",45.544959,0,2026-08-07T06:48:48Z,-73.588138,Senior UX Designer,,Adzuna::API::Response::Job,"Montréal, Québec",Adzuna::API::Response::Location,"['Canada', 'Québec', 'Montréal']",Adzuna::API::Response::Category,it-jobs,IT Jobs,Ubisoft,Adzuna::API::Response::Company,,,
eyJhbGciOiJIUzI1NiJ9.eyJpIjoiNTgzMTkwNDc5OCIsInMiOiJuSWR6OFYtUzhSR0o1S2o5d2x5UzNRIn0.ObtT0aQgnED1TdWSwgYKlr851wOSkcNEUN8J9J9C-wo,5831904798,https://www.adzuna.ca/details/5831904798?utm_medium=api&utm_source=e90db681,"Job Description Job Description Aidez à redéfinir le support client à l'ère de l'IA. La plupart des entreprises fonctionnent encore avec des systèmes de ticketing conçus en 2007, auxquels l'IA a été greffée en guise d'afterthought. Botpress est la plateforme d'agents IA enterprise pour le support client — construite dans l'autre sens. En tant que 3e start-up B2B IA à la croissance la plus rapide au monde, nous supplantions les plateformes historiques comme Zendesk à grande échelle — dans tous l…",45.544959,0,2026-08-07T06:47:58Z,-73.588138,Développeur(euse) croissance - GTM,,Adzuna::API::Response::Job,"Montréal, Québec",Adzuna::API::Response::Location,"['Canada', 'Québec', 'Montréal']",Adzuna::API::Response::Category,it-jobs,IT Jobs,Botpress Technologies Inc.,Adzuna::API::Response::Company,,,
eyJhbGciOiJIUzI1NiJ9.eyJpIjoiNTgzMTkwNDI3NCIsInMiOiJuSWR6OFYtUzhSR0o1S2o5d2x5UzNRIn0.LC9bAZyL5brl7vsvBYXuuaz0jRtMNSXElane7meoCUY,5831904274,https://www.adzuna.ca/details/5831904274?utm_medium=api&utm_source=e90db681,"Job Description Job Description Tu as le mindset produit : Tu es développeur.euse front-end, et tu n'attends pas qu'on te passe un ticket pour agir. Plutôt que de livrer des écrans qu'on t'a dessinés et de refermer la PR, tu prends un problème produit du début à la fin : tu comprends le besoin réel de l'utilisateur, tu tranches le scope, tu propose une approche technique à l'équipe, tu l'amènes en production. Tu remarques qu'une interaction accroche, tu la corriges avant qu'un utilisateur s'en …",45.544959,0,2026-08-07T06:47:42Z,-73.588138,Développeur AI Front-End,,Adzuna::API::Response::Job,"Montréal, Québec",Adzuna::API::Response::Location,"['Canada', 'Québec', 'Montréal']",Adzuna::API::Response::Category,it-jobs,IT Jobs,Vooban,Adzuna::API::Response::Company,,,
eyJhbGciOiJIUzI1NiJ9.eyJzIjoibklkejhWLVM4UkdKNUtqOXdseVMzUSIsImkiOiI1ODMxOTA0MzAxIn0.QWQVh5qbt8PLPjW7-fMz_XUWeZdbM5_ZNyVa5oa9qvo,5831904301,https://www.adzuna.ca/details/5831904301?utm_medium=api&utm_source=e90db681,"Job Description Job Description Company Description Ubisoft is a global leader in gaming with teams across the world creating original and memorable gaming experiences, from Assassin’s Creed, Rainbow Six to Just Dance and more. We believe diverse perspectives help both players and teams thrive. If you’re passionate about innovation and pushing entertainment boundaries, join our journey and help create the unknown! Job Description As a Security Specialist - Incident Commander (DFIR) at Ubisoft M…",45.544959,0,2026-08-07T06:47:42Z,-73.588138,Security Specialist - Incident Commander (DFIR),,Adzuna::API::Response::Job,"Montréal, Québec",Adzuna::API::Response::Location,"['Canada', 'Québec', 'Montréal']",Adzuna::API::Response::Category,it-jobs,IT Jobs,Ubisoft,Adzuna::API::Response::Company,,,
eyJhbGciOiJIUzI1NiJ9.eyJpIjoiNTgzMTkwMzQ5NiIsInMiOiJuSWR6OFYtUzhSR0o1S2o5d2x5UzNRIn0.dFTR2GAJdjlR_NxwzjH1u4O2JoPLvVIo_4o3ULgR5P4,5831903496,https://www.adzuna.ca/details/5831903496?utm_medium=api&utm_source=e90db681,"Job Description Job Description Chef.fe d'équipe, Assurance qualité Altitude Sports est un détaillant en ligne basé à Montréal, à l’intersection de la mode et du plein air. Fondée en 1984, l’entreprise offre des conseils d’experts sur l’équipement haut de gamme et les vêtements techniques, un programme d’avantages exclusifs aux membres et une sélection précise de produits pour les aventures en ville. Notre équipe, animée par une passion pour l’excellence, réunit des talents et des intérêts dive…",45.544959,0,2026-08-07T06:47:05Z,-73.588138,"Chef.fe d'équipe, Assurance qualité | Team Lead, Quality Assurance",,Adzuna::API::Response::Job,"Montréal, Québec",Adzuna::API::Response::Location,"['Canada', 'Québec', 'Montréal']",Adzuna::API::Response::Category,it-jobs,IT Jobs,Altitude Sports,Adzuna::API::Response::Company,,1.0,2.0
eyJhbGciOiJIUzI1NiJ9.eyJpIjoiNTgzMTkwMjU4NyIsInMiOiJuSWR6OFYtUzhSR0o1S2o5d2x5UzNRIn0.EDY2v6Vml-2WMz1n7oZZizgWs7ezaFaR-vXZBa66uWI,5831902587,https://www.adzuna.ca/details/5831902587?utm_medium=api&utm_source=e90db681,"Job Description Job Description Design intelligent experiences that actually make sense. How do you translate complex business needs into elegant technical solutions that deliver real impact? As a Solution Architect on our Professional Services team, you'll be the trusted technical advisor helping world-class customers unlock the full power of Coveo's relevance technology. You'll work at the intersection of business, technology, and people, guiding customers through the design and delivery of i…",45.544959,0,2026-08-07T06:46:33Z,-73.588138,Architecte de solution senior.e,,Adzuna::API::Response::Job,"Montréal, Québec",Adzuna::API::Response::Location,"['Canada', 'Québec', 'Montréal']",Adzuna::API::Response::Category,it-jobs,IT Jobs,Coveo Solutions,Adzuna::API::Response::Company,,,
eyJhbGciOiJIUzI1NiJ9.eyJzIjoibklkejhWLVM4UkdKNUtqOXdseVMzUSIsImkiOiI1ODMxOTAyMjcyIn0.FVmQbkapQQ2i-k4-HdkvqvqnWdtRLLEGb9owz4G-O68,5831902272,https://www.adzuna.ca/details/5831902272?utm_medium=api&utm_source=e90db681,"Job Description Job Description Description de l'entreprise Nous sommes RCL - Reitmans Canada Limitée . Depuis 1926, nous faisons partie intégrante du paysage de la mode au Canada et, aujourd’hui, nous élevons plus que jamais nos marques emblématiques – Reitmans, RW&CO et PENN. Penningtons. Notre vision est de donner aux Canadiens et Canadiennes les moyens de s’affirmer avec confiance, et notre mission est de créer des collections au style et à la qualité sans compromis, pour tous. Avec près de…",45.544959,0,2026-08-07T06:46:18Z,-73.588138,Gestionnaire de projets,,Adzuna::API::Response::Job,"Montréal, Québec",Adzuna::API::Response::Location,"['Canada', 'Québec', 'Montréal']",Adzuna::API::Response::Category,it-jobs,IT Jobs,Reitmans  Ltée/Ltd,Adzuna::API::Response::Company,,,
eyJhbGciOiJIUzI1NiJ9.eyJpIjoiNTgzMTkwMTMxMyIsInMiOiJuSWR6OFYtUzhSR0o1S2o5d2x5UzNRIn0.comkqievXQguH95Y8JvTw43r98A4GqN2PV1dUdKm8FQ,5831901313,https://www.adzuna.ca/details/5831901313?utm_medium=api&utm_source=e90db681,"Job Description Job Description Description de l'entreprise Créée en 1992, Gestev est spécialisée en gestion d’événements sportifs, marketing expérientiel et spectacles. L’offre innovante s’appuie sur une équipe expérimentée et créative, qui fait rayonner les talents locaux et internationaux sur toutes nos plateformes physiques et virtuelles. Nous créons des contenus uniques et bâtissons des environnements distinctifs en mariant action et émotion! Description du poste Coordonner la création et …",45.544959,0,2026-08-07T06:45:58Z,-73.588138,"Coordonnateur · rice, intégration numérique",,Adzuna::API::Response::Job,"Montréal, Québec",Adzuna::API::Response::Location,"['Canada', 'Québec', 'Montréal']",Adzuna::API::Response::Category,it-jobs,IT Jobs,Gestev,Adzuna::API::Response::Company,,,
eyJhbGciOiJIUzI1NiJ9.eyJzIjoibklkejhWLVM4UkdKNUtqOXdseVMzUSIsImkiOiI1ODMxOTAxMjA2In0.lrg9zhWDd9zpFbd1ryd62a7x4q6v2dxSlwWEfB10_00,5831901206,https://www.adzuna.ca/details/5831901206?utm_medium=api&utm_source=e90db681,"Job Description Job Description Company Description CS Group Canada, a subsidiary of CS Group (part of the Sopra Steria Group), is a leader in the development and certification of safety-critical systems in the aerospace, electric, and autonomous driving industries. Joining CS Group Canada means taking part in complex, high-tech projects for some of the most prestigious system manufacturers in North America, while benefiting from competitive salaries, comprehensive benefits, and flexible work a…",45.544959,0,2026-08-07T06:45:51Z,-73.588138,Autonomous Driving Systems Simulation and Data Analysis Engineer,permanent,Adzuna::API::Response::Job,"Montréal, Québec",Adzuna::API::Response::Location,"['Canada', 'Québec', 'Montréal']",Adzuna::API::Response::Category,it-jobs,IT Jobs,CS GROUP,Adzuna::API::Response::Company,full_time,,
eyJhbGciOiJIUzI1NiJ9.eyJpIjoiNTgzMTkwMTIwMyIsInMiOiJuSWR6OFYtUzhSR0o1S2o5d2x5UzNRIn0.27AS-PTurU3vW5MljS0HzPUj2C5l3U_DvDdfsVsUNWg,5831901203,https://www.adzuna.ca/details/5831901203?utm_medium=api&utm_source=e90db681,"Job Description Job Description Company Description Join the journey! Our mission is to be the preferred airline of our customers and our team. Open-mindedness, concern for others, intelligence at work, and above all, a good dose of fun allow us to achieve great things every day. Our commitment has earned us the title of best leisure airline in the world several times, and this is just the beginning. Want to join us? You will have the chance to enjoy exclusive travel privileges to explore the w…",45.544959,0,2026-08-07T06:45:51Z,-73.588138,Senior Systems Analyst - SAP (FICO),,Adzuna::API::Response::Job,"Montréal, Québec",Adzuna::API::Response::Location,"['Canada', 'Québec', 'Montréal']",Adzuna::API::Response::Category,it-jobs,IT Jobs,Transat AT,Adzuna::API::Response::Company,,,
eyJhbGciOiJIUzI1NiJ9.eyJpIjoiNTgzMTkwMDUzNCIsInMiOiJuSWR6OFYtUzhSR0o1S2o5d2x5UzNRIn0.iJ4i67HIApNwoJ809IPUpWB5Iz0PvZiSIOvKbFw66Pg,5831900534,https://www.adzuna.ca/details/5831900534?utm_medium=api&utm_source=e90db681,"Job Description Job Description Concevoir des expériences intelligentes qui ont un réel impact. Comment transformer des besoins d'affaires complexes en solutions technologiques claires et performantes? En tant qu'architecte de solutions au sein de l'équipe des services professionnels, tu agiras comme conseiller stratégique de confiance pour aider nos clients à tirer pleinement parti de la technologie de pertinence de Coveo. Tu évolueras au croisement des affaires, de la technologie et de l'huma…",45.544959,0,2026-08-07T06:45:10Z,-73.588138,Senior Solution Architect - PS,,Adzuna::API::Response::Job,"Montréal, Québec",Adzuna::API::Response::Location,"['Canada', 'Québec', 'Montréal']",Adzuna::API::Response::Category,it-jobs,IT Jobs,Coveo,Adzuna::API::Response::Company,,,
eyJhbGciOiJIUzI1NiJ9.eyJpIjoiNTgzMTkwMDE4NyIsInMiOiJuSWR6OFYtUzhSR0o1S2o5d2x5UzNRIn0.-DorVaPAwqIl2J7_zE35rKRfI3hSnCxBIS-_1ZXKkgM,5831900187,https://www.adzuna.ca/details/5831900187?utm_medium=api&utm_source=e90db681,"Job Description Job Description The client is seeking a Functional Analyst with 8 years of experience to work within the context of implementing acquired commercial software packages, not traditional in-house development. The core of the role is not writing business requirements: it's understanding and documenting software package configuration choices, analyzing their impact on application integrations, and ensuring the traceability of decisions over time. The recurring keywords in the descrip…",45.630158,0,2026-08-07T06:44:50Z,-73.506654,Senior Functional Analyst - Group Insurance,,Adzuna::API::Response::Job,"Montréal East, Montréal",Adzuna::API::Response::Location,"['Canada', 'Québec', 'Montréal', 'Montréal East']",Adzuna::API::Response::Category,it-jobs,IT Jobs,Maarut,Adzuna::API::Response::Company,,2080.0,2080.0
eyJhbGciOiJIUzI1NiJ9.eyJzIjoibklkejhWLVM4UkdKNUtqOXdseVMzUSIsImkiOiI1ODMxOTAwMTk1In0.dZdICW3siO1TzlRclDE9luTTsioJQeNUDXJAZheCtUc,5831900195,https://www.adzuna.ca/details/5831900195?utm_medium=api&utm_source=e90db681,"Job Description Job Description Salary: Market Competitive PROPOS DE BEEM Chez BEEM, nous transformons la faon dont les entreprises utilisent leurs donnes, du pipeline jusqu'aux dashboards BI et l'IA gnrative, pour qu'elles puissent prendre de meilleures dcisions d'affaires. Nous sommes Partenaire AWS Advanced Tier et fiers de ce qu'on a bti : une plateforme SaaS complte combine une quipe d'experts disponible pour accompagner nos clients selon leurs besoins. Des entreprises comme Le Groupe Maur…",45.544959,0,2026-08-07T06:44:50Z,-73.588138,Dveloppeur(se) Logiciel Snior(e),,Adzuna::API::Response::Job,"Montréal, Québec",Adzuna::API::Response::Location,"['Canada', 'Québec', 'Montréal']",Adzuna::API::Response::Category,it-jobs,IT Jobs,BEEM,Adzuna::API::Response::Company,,,
eyJhbGciOiJIUzI1NiJ9.eyJpIjoiNTgzMTg5OTg1NSIsInMiOiJuSWR6OFYtUzhSR0o1S2o5d2x5UzNRIn0.Zr3RSdjypY6gL-UcvodpvBD3upar7--ZemuL4IrDFGQ,5831899855,https://www.adzuna.ca/details/5831899855?utm_medium=api&utm_source=e90db681,"Job Description Job Description Description de l'entreprise Talan est un groupe international qui accompagne ses clients dans leur transformation Data & IA, de bout en bout, en combinant conseil en management et expertise technologique. Avec plus de 6000 collaborateurs sur 5 continents, nous accélérons les transformations de nos clients à travers des partenariats de long terme, en créant un impact mesurable et durable. Notre proposition de valeur repose sur un écosystème d’innovation structuré …",45.544959,0,2026-08-07T06:44:33Z,-73.588138,"Conseiller(ère) fonctionnel(le) manufacturier, Business Central/NAV | Business Central/NAV Manufactu",,Adzuna::API::Response::Job,"Montréal, Québec",Adzuna::API::Response::Location,"['Canada', 'Québec', 'Montréal']",Adzuna::API::Response::Category,it-jobs,IT Jobs,Talan,Adzuna::API::Response::Company,,,
eyJhbGciOiJIUzI1NiJ9.eyJzIjoibklkejhWLVM4UkdKNUtqOXdseVMzUSIsImkiOiI1ODMxODk4NTY1In0.GrczTy_6jgf5HO-Cf76I3675IG7CWSIT2heaa0iirpQ,5831898565,https://www.adzuna.ca/details/5831898565?utm_medium=api&utm_source=e90db681,"Job Description Job Description Solution SFT cherche un Chargé de projet niveau senior spécialisé infrastructure technologique , dans ce poste vous interviendrez dans le cadre d'un projet client qui relève du secteur public dans la ville du Québec . Description des travaux ou des biens livrables : • Gestion des échéanciers, budgets et portée : élaboration et suivi d'échéanciers, gestion des budgets et de la portée. • Coordination des parties prenantes : coordination des équipes techniques et co…",45.544959,0,2026-08-07T06:43:23Z,-73.588138,Chargé de projet niveau senior spécialisé infrastructure technologique,,Adzuna::API::Response::Job,"Montréal, Québec",Adzuna::API::Response::Location,"['Canada', 'Québec', 'Montréal']",Adzuna::API::Response::Category,it-jobs,IT Jobs,Solution SFT,Adzuna::API::Response::Company,,,
eyJhbGciOiJIUzI1NiJ9.eyJpIjoiNTgzMTg5ODI1NyIsInMiOiJuSWR6OFYtUzhSR0o1S2o5d2x5UzNRIn0.lIgbFA9WOO_s_3VEv8e0TLmPQ1y-yjl1oi66wjgaBio,5831898257,https://www.adzuna.ca/details/5831898257?utm_medium=api&utm_source=e90db681,"Job Description Job Description Company Description We’re RCL - Reitmans Canada Limited . We’ve been part of the fabric of Canada’s fashion landscape since 1926, and today, we’re elevating our iconic brands – Reitmans, RW&CO, and PENN. Penningtons – more than ever before. Our vision is to empower Canadians to live confidently, and our mission is to create collections of uncompromising style and quality for all. With close to 400 stores nationwide and collections designed right here at home, in …",45.544959,0,2026-08-07T06:43:07Z,-73.588138,Project Manager,,Adzuna::API::Response::Job,"Montréal, Québec",Adzuna::API::Response::Location,"['Canada', 'Québec', 'Montréal']",Adzuna::API::Response::Category,it-jobs,IT Jobs,Reitmans  Ltée/Ltd,Adzuna::API::Response::Company,part_time,,
eyJhbGciOiJIUzI1NiJ9.eyJzIjoibklkejhWLVM4UkdKNUtqOXdseVMzUSIsImkiOiI1ODMxODk0MTUzIn0.NOU7i2GFekgF3luio27FUF-sTM7fQ0Xv3WIGhc9DVDU,5831894153,https://www.adzuna.ca/details/5831894153?utm_medium=api&utm_source=e90db681,"Job Description Job Description Company Description Ubisoft is a global leader in gaming with teams across the world creating original and memorable gaming experiences, from Assassin’s Creed, Rainbow Six to Just Dance and more. We believe diverse perspectives help both players and teams thrive. If you’re passionate about innovation and pushing entertainment boundaries, join our journey and help create the unknown! Job Description As a Cloud Developer at Ubisoft Montreal , you will help design a…",45.544959,0,2026-08-07T06:41:32Z,-73.588138,Cloud Developer,,Adzuna::API::Response::Job,"Montréal, Québec",Adzuna::API::Response::Location,"['Canada', 'Québec', 'Montréal']",Adzuna::API::Response::Category,it-jobs,IT Jobs,Ubisoft,Adzuna::API::Response::Company,,,
eyJhbGciOiJIUzI1NiJ9.eyJzIjoibklkejhWLVM4UkdKNUtqOXdseVMzUSIsImkiOiI1ODMxODkwMDM4In0._MKzqtImRlr5OgRcOH14ngKcTLpImLcMQkR6v3DPi6U,5831890038,https://www.adzuna.ca/details/5831890038?utm_medium=api&utm_source=e90db681,"Job Description Job Description Company Description Ubisoft is a global leader in gaming with teams across the world creating original and memorable gaming experiences, from Assassin’s Creed, Rainbow Six to Just Dance and more. We believe diverse perspectives help both players and teams thrive. If you’re passionate about innovation and pushing entertainment boundaries, join our journey and help create the unknown! Job Description As a Detection Engineering Specialist at Ubisoft Montréal, you wi…",45.544959,0,2026-08-07T06:40:36Z,-73.588138,Cybersecurity Detection Engineering Specialist,,Adzuna::API::Response::Job,"Montréal, Québec",Adzuna::API::Response::Location,"['Canada', 'Québec', 'Montréal']",Adzuna::API::Response::Category,it-jobs,IT Jobs,Ubisoft,Adzuna::API::Response::Company,,,
eyJhbGciOiJIUzI1NiJ9.eyJpIjoiNTgzMTg4ODIwOCIsInMiOiJuSWR6OFYtUzhSR0o1S2o5d2x5UzNRIn0.iGI8AL-w1VSxB7AZRReRlXSfFuBXqTOsTwsaD2mFm-8,5831888208,https://www.adzuna.ca/details/5831888208?utm_medium=api&utm_source=e90db681,"Job Description Job Description Project Manager, Global Training Fix Term, 12 months Contract Key Responsibilities: The Project Manager, Global Training is responsible for the implementation and deployment of the new learning management platform and its integration into ACI’s wider enterprise architecture. This role manages delivery of the project plan, in close collaboration with the selected solution provider, tracking milestones, interdependencies across the different delivery and work strea…",45.544959,0,2026-08-07T06:40:19Z,-73.588138,"Project Manager, Global Training",contract,Adzuna::API::Response::Job,"Montréal, Québec",Adzuna::API::Response::Location,"['Canada', 'Québec', 'Montréal']",Adzuna::API::Response::Category,it-jobs,IT Jobs,Airports Council International,Adzuna::API::Response::Company,,,
eyJhbGciOiJIUzI1NiJ9.eyJpIjoiNTgzMTg4NTY3OSIsInMiOiJuSWR6OFYtUzhSR0o1S2o5d2x5UzNRIn0.BkACVU_92mb7mxhULfGB4L6AkmizcSR5QKuWHE17raQ,5831885679,https://www.adzuna.ca/details/5831885679?utm_medium=api&utm_source=e90db681,"Job Description Job Description Help redefine customer support for the AI era. Most companies are running support on ticketing systems built in 2007, with AI bolted on as an afterthought. Botpress is the enterprise-grade AI agent platform for customer support — built the other way around. As the 3rd fastest-growing B2B AI start-up worldwide, we're displacing legacy platforms like Zendesk at scale — across industries, regions, and thousands of companies worldwide. The work ahead is ambitious. Th…",45.544959,0,2026-08-07T06:39:52Z,-73.588138,Growth Software Developer - GTM,,Adzuna::API::Response::Job,"Montréal, Québec",Adzuna::API::Response::Location,"['Canada', 'Québec', 'Montréal']",Adzuna::API::Response::Category,it-jobs,IT Jobs,Botpress Technologies Inc.,Adzuna::API::Response::Company,,,
eyJhbGciOiJIUzI1NiJ9.eyJpIjoiNTgzMTg4NDk1MSIsInMiOiJuSWR6OFYtUzhSR0o1S2o5d2x5UzNRIn0.b-T8f5KAQZWhO31FetgtLfmkmKLccpExNd-8ueHZDV8,5831884951,https://www.adzuna.ca/details/5831884951?utm_medium=api&utm_source=e90db681,"Education: Expérience: Education College, CEGEP or other non-university certificate or diploma from a program of 3 months to less than 1 year Tasks Write, modify, integrate and test software code Communicate technical problems, processes and solutions Prepare reports, manuals and other documentation on the status, operation and maintenance of software Assist in the collection and documentation of user's requirements Assist in the development of logical and physical specifications Research and e…",45.544959,0,2026-08-07T06:39:45Z,-73.588138,Software developer,,Adzuna::API::Response::Job,"Montréal, Québec",Adzuna::API::Response::Location,"['Canada', 'Québec', 'Montréal']",Adzuna::API::Response::Category,it-jobs,IT Jobs,Media Stunner Inc. Stunner Med,Adzuna::API::Response::Company,,95992.0,
eyJhbGciOiJIUzI1NiJ9.eyJzIjoibklkejhWLVM4UkdKNUtqOXdseVMzUSIsImkiOiI1ODMxNjk3MDc0In0.h0xqWB1nzNb7W1MB5KmuyzwJTTMWAWmhXnuRSK4cHAs,5831697074,https://www.adzuna.ca/details/5831697074?utm_medium=api&utm_source=e90db681,"Montréal ou Québec · Hybride (4 jours télétravail) Le mandat Solutions SFT recherche un(e) pilote de système Azure DevOps pour notre client, une grande organisation publique du réseau de la santé au Québec, dans le cadre de sa transformation numérique et de l'adoption d'une approche de livraison en continu (Lean-Agile à l'échelle). Azure DevOps est la plateforme retenue pour soutenir et structurer cette transformation. Votre mandat : assurer le développement, l'amélioration continue, la normali…",45.544959,0,2026-08-07T04:18:00Z,-73.588138,Pilote de système - Azure DevOps,,Adzuna::API::Response::Job,"Montréal, Québec",Adzuna::API::Response::Location,"['Canada', 'Québec', 'Montréal']",Adzuna::API::Response::Category,it-jobs,IT Jobs,Solution SFT,Adzuna::API::Response::Company,,,
eyJhbGciOiJIUzI1NiJ9.eyJpIjoiNTgzMTY5NzA3NyIsInMiOiJuSWR6OFYtUzhSR0o1S2o5d2x5UzNRIn0.bFenZ1YN__clcv71YKqTwew23E9CtO-kWYefS3sBKuU,5831697077,https://www.adzuna.ca/details/5831697077?utm_medium=api&utm_source=e90db681,"Montréal ou Québec · Hybride (4 jours télétravail) Le mandat Solutions SFT recherche un(e) pilote de système – gestion des ressources et du temps pour notre client, une grande organisation publique du réseau de la santé au Québec, dans le cadre du déploiement provincial de son Système d'information en gestion de projet et de portefeuille (SIGPP – Dynamics 365 Project Operations). Vous serez le référent fonctionnel et opérationnel pour la gestion intégrée des ressources internes et externes, la …",45.544959,0,2026-08-07T04:18:00Z,-73.588138,Pilote de système - Gestion des ressources et du temps,,Adzuna::API::Response::Job,"Montréal, Québec",Adzuna::API::Response::Location,"['Canada', 'Québec', 'Montréal']",Adzuna::API::Response::Category,it-jobs,IT Jobs,Solution SFT,Adzuna::API::Response::Company,,,
eyJhbGciOiJIUzI1NiJ9.eyJzIjoibklkejhWLVM4UkdKNUtqOXdseVMzUSIsImkiOiI1ODMxMzkxNjE5In0.ySoSQZEaiHuPOSxj694_J2CjnWnSYQR6_nQfT78lVUU,5831391619,https://www.adzuna.ca/details/5831391619?utm_medium=api&utm_source=e90db681,"Description du poste Vous croyez que les meilleures équipes livrent des solutions exceptionnelles lorsqu'elles sont autonomes, alignées et guidées par une vision claire ? Nous sommes à la recherche d'une personne qui saura mobiliser les équipes responsables du développement de nos produits physiques et contribuer à faire évoluer nos pratiques d'ingénierie, de livraison et de collaboration afin d'accélérer notre capacité d'innovation. Votre impact: Diriger et coordonner les livraisons de produit…",45.544959,0,2026-08-06T21:49:43Z,-73.588138,"Directeur.trice principal.e, Gestion de produits physiques",,Adzuna::API::Response::Job,"Montréal, Québec",Adzuna::API::Response::Location,"['Canada', 'Québec', 'Montréal']",Adzuna::API::Response::Category,it-jobs,IT Jobs,Vosker,Adzuna::API::Response::Company,,,
eyJhbGciOiJIUzI1NiJ9.eyJpIjoiNTgzMTM5MTU3NSIsInMiOiJuSWR6OFYtUzhSR0o1S2o5d2x5UzNRIn0.L_TcK3H5utX5FB4OiSl0RBnipJy8tla9MPQ4CufGRfI,5831391575,https://www.adzuna.ca/details/5831391575?utm_medium=api&utm_source=e90db681,"Description du poste Relevant du Vice-président Data & AI, vous jouerez un rôle clé dans la croissance de l’unité Data & AI au Québec, avec un potentiel d’expansion vers l’Ontario (Est du Canada). Vous serez responsable de développer de nouvelles opportunités, de piloter des cycles de vente complexes et de positionner nos offres Data, IA et solutions agentiques auprès de décideurs stratégiques. Ce rôle s’adresse à un·e développeur·se d’affaires qui aime : travailler au cœur d’un écosystème d’in…",45.544959,0,2026-08-06T21:49:43Z,-73.588138,"Gestionnaire, développement des affaires, data, ia et agentique",,Adzuna::API::Response::Job,"Montréal, Québec",Adzuna::API::Response::Location,"['Canada', 'Québec', 'Montréal']",Adzuna::API::Response::Category,it-jobs,IT Jobs,Talan,Adzuna::API::Response::Company,,,
eyJhbGciOiJIUzI1NiJ9.eyJpIjoiNTgzMTM5MTU3NyIsInMiOiJuSWR6OFYtUzhSR0o1S2o5d2x5UzNRIn0.uXM3I1YrmYRVAFO7DDZXoDLZ7gKUYuOchwoFQkmcvEc,5831391577,https://www.adzuna.ca/details/5831391577?utm_medium=api&utm_source=e90db681,"Job Description We are looking for a Delivery Director, MiraCloud Implementations to lead and assure the successful implementation of MiraCloud solutions, ensuring client satisfaction, operational excellence, timely delivery, and profitability. In this role, you will lead the successful implementation of MiraCloud solutions while ensuring client satisfaction, operational excellence, timely delivery, and profitability. As Delivery Director, you will lead customer implementation programs while de…",45.544959,0,2026-08-06T21:49:43Z,-73.588138,Delivery Director,,Adzuna::API::Response::Job,"Montréal, Québec",Adzuna::API::Response::Location,"['Canada', 'Québec', 'Montréal']",Adzuna::API::Response::Category,it-jobs,IT Jobs,Miratech,Adzuna::API::Response::Company,,,
eyJhbGciOiJIUzI1NiJ9.eyJpIjoiNTgzMTM5MTU4NSIsInMiOiJuSWR6OFYtUzhSR0o1S2o5d2x5UzNRIn0.wYWOIvsUkSJkO0lho2VY0zuY61mRiRMfvimUJafZsBU,5831391585,https://www.adzuna.ca/details/5831391585?utm_medium=api&utm_source=e90db681,"Job Description The Senior UI Programmer – Technical Lead serves as the primary technical point of contact for all user interface systems on the project. This person serves as the bridge between engineering, UI integration, and art, ensuring that every UI element is delivered with the level of polish, performance, and accessibility expected of a AAA first-person shooter. What You’ll Do Technical Leadership Serve as the go-to expert for all user interface technologies in the project: the Snowdro…",45.544959,0,2026-08-06T21:49:43Z,-73.588138,Technical Lead - UI Programmer,,Adzuna::API::Response::Job,"Montréal, Québec",Adzuna::API::Response::Location,"['Canada', 'Québec', 'Montréal']",Adzuna::API::Response::Category,it-jobs,IT Jobs,Ubisoft,Adzuna::API::Response::Company,,,
eyJhbGciOiJIUzI1NiJ9.eyJzIjoibklkejhWLVM4UkdKNUtqOXdseVMzUSIsImkiOiI1ODMxMzkxMzgzIn0.wfsnQ6vLPyf6yaAtylLBQNvlS_4bMOlI9KlMlkGyQZE,5831391383,https://www.adzuna.ca/details/5831391383?utm_medium=api&utm_source=e90db681,"Job Description We are looking for an individual who is versatile, has good computer skills and ideally has experience in point of sale support. You must also be fluently bilingual (80% of support is in English) and above all demonstrate superior customer service. Your responsibilities will be: Respond to requests or questions referred to the store support group, Update the database of requests and solutions made on each call; Provide administrative support to other team members. Respond to req…",45.544959,0,2026-08-06T21:49:41Z,-73.588138,"Technician, store system support TAMS",,Adzuna::API::Response::Job,"Montréal, Québec",Adzuna::API::Response::Location,"['Canada', 'Québec', 'Montréal']",Adzuna::API::Response::Category,it-jobs,IT Jobs,UAP Inc.,Adzuna::API::Response::Company,,,
eyJhbGciOiJIUzI1NiJ9.eyJpIjoiNTgzMTM3MTQxNiIsInMiOiJuSWR6OFYtUzhSR0o1S2o5d2x5UzNRIn0.aHVHGl4qZGg5eZQ4LxEthmKCT1OQUA5woPbE3x9D6U0,5831371416,https://www.adzuna.ca/details/5831371416?utm_medium=api&utm_source=e90db681,Nous sommes présentement à la recherche d’un Product Owner pour un contrat d’une durée de 12 mois avec possibilité de renouvellement. MANDAT • Définir et faire évoluer la vision du produit • Prioriser et maintenir le backlog produit à jour • Rédiger les récits utilisateurs et critères d'acceptation • Collaborer avec les utilisateurs d'affaires et la gouvernance • Travailler au cœur d'une équipe d'environ 20 personnes • Œuvrer dans un environnement sur Dynamics 365 et Power Platform PROFIL • 5 a…,45.5099,0,2026-08-06T21:22:59Z,-73.55332,Product Owner (contrat 12 mois),contract,Adzuna::API::Response::Job,"Westmount, Montréal",Adzuna::API::Response::Location,"['Canada', 'Québec', 'Montréal', 'Westmount']",Adzuna::API::Response::Category,it-jobs,IT Jobs,DELAN,Adzuna::API::Response::Company,,,
eyJhbGciOiJIUzI1NiJ9.eyJzIjoibklkejhWLVM4UkdKNUtqOXdseVMzUSIsImkiOiI1ODMxMzcxMzY3In0.tcxub7YObteHEsMVr26lAw9B0qXE03MMThdiEuo_EB0,5831371367,https://www.adzuna.ca/details/5831371367?utm_medium=api&utm_source=e90db681,"The client is seeking a Functional Analyst with 8 years of experience to work within the context of implementing acquired commercial software packages, not traditional in-house development. The core of the role is not writing business requirements: it's understanding and documenting software package configuration choices, analyzing their impact on application integrations, and ensuring the traceability of decisions over time. The recurring keywords in the description (configuration, integration…",45.640175,0,2026-08-06T21:22:58Z,-73.503077,Senior Functional Analyst - Group Insurance,contract,Adzuna::API::Response::Job,"Montréal East, Montréal",Adzuna::API::Response::Location,"['Canada', 'Québec', 'Montréal', 'Montréal East']",Adzuna::API::Response::Category,it-jobs,IT Jobs,Maarut,Adzuna::API::Response::Company,,208000.0,208000.0
eyJhbGciOiJIUzI1NiJ9.eyJpIjoiNTgzMTM3MTQwMiIsInMiOiJuSWR6OFYtUzhSR0o1S2o5d2x5UzNRIn0.xH7324Ijmgy_2DDOspGYSFRx5-J4PDmrR77zsDdAPsA,5831371402,https://www.adzuna.ca/details/5831371402?utm_medium=api&utm_source=e90db681,"Nous sommes présentement à la recherche d'un Conseiller en Gestion du Changement pour un contrat d'une durée de 12 mois avec possibilité de renouvellement. MANDAT • Concevoir et mettre à jour les contenus de formation en gestion de projets • Développer des parcours d’apprentissage adaptés aux participants • Produire guides, présentations, ateliers, études de cas et exercices • Préparer et animer des formations en présentiel, à distance ou hybrides • Favoriser l’apprentissage par ateliers intera…",45.5099,0,2026-08-06T21:22:58Z,-73.55332,Formateur TI (contrat 12 mois),contract,Adzuna::API::Response::Job,"Westmount, Montréal",Adzuna::API::Response::Location,"['Canada', 'Québec', 'Montréal', 'Westmount']",Adzuna::API::Response::Category,it-jobs,IT Jobs,DELAN,Adzuna::API::Response::Company,,,
eyJhbGciOiJIUzI1NiJ9.eyJpIjoiNTgzMTM3MTM1NiIsInMiOiJuSWR6OFYtUzhSR0o1S2o5d2x5UzNRIn0.ACPOLuli6ysOopdm2C2Bn_BfEf0jZJv_oLy4HgCQkJM,5831371356,https://www.adzuna.ca/details/5831371356?utm_medium=api&utm_source=e90db681,"Nous sommes présentement à la recherche d’un PCO Senior pour un contrat d’une durée de 12 mois avec possibilité de renouvellement. MANDAT • Soutenir la planification et le suivi des projets TI (portée, coûts, risques) • Participer à la préparation des comités de suivi et de gouvernance de projets • Produire les tableaux de bord et indicateurs de performance de gestion • Analyser la conformité des projets aux cadres et bonnes pratiques établis • Évoluer au sein d'une direction de plus de 100 pro…",45.5099,0,2026-08-06T21:22:58Z,-73.55332,PCO (contrat 12 mois),contract,Adzuna::API::Response::Job,"Westmount, Montréal",Adzuna::API::Response::Location,"['Canada', 'Québec', 'Montréal', 'Westmount']",Adzuna::API::Response::Category,it-jobs,IT Jobs,DELAN,Adzuna::API::Response::Company,,,
eyJhbGciOiJIUzI1NiJ9.eyJzIjoibklkejhWLVM4UkdKNUtqOXdseVMzUSIsImkiOiI1ODMxMzcxMzYyIn0.vEdrEpZYI5ag6HgWxk7N4xNZOcv-_ZPGtKGRxXjVl0w,5831371362,https://www.adzuna.ca/details/5831371362?utm_medium=api&utm_source=e90db681,"Nous sommes présentement à la recherche d'un Concepteur E-Learning pour un contrat d'une durée de 12 mois avec possibilité de renouvellement. MANDAT • Recueillir les besoins et concevoir les scénarios pédagogiques • Concevoir des parcours de formation adaptés aux différents rôles • Produire des modules e-learning, capsules vidéo et tutoriels interactifs • Développer des aides à la tâche, guides rapides et infographies • Intégrer et maintenir les contenus dans les plateformes de formation • Main…",45.5099,0,2026-08-06T21:22:58Z,-73.55332,Concepteur E-Learning (contrat 12 mois),contract,Adzuna::API::Response::Job,"Westmount, Montréal",Adzuna::API::Response::Location,"['Canada', 'Québec', 'Montréal', 'Westmount']",Adzuna::API::Response::Category,it-jobs,IT Jobs,DELAN,Adzuna::API::Response::Company,,,
eyJhbGciOiJIUzI1NiJ9.eyJpIjoiNTgzMTI4OTEyOSIsInMiOiJuSWR6OFYtUzhSR0o1S2o5d2x5UzNRIn0.0YoYzh_OS4AuvJkoxhlmObs61UFhbqK42Zodw6FXA-0,5831289129,https://www.adzuna.ca/details/5831289129?utm_medium=api&utm_source=e90db681,"Notre client, un secteur industriel, recherche un Superviseur approvisionnement pour rejoindre leur équipe. En tant que Superviseur approvisionnement, vous ferez partie du département des approvisionnements en soutenant l'équipe de gestion. Le candidat idéal aura de la rigueur, de la capacité à motiver une équipe et une excellente organisation, ce qui lui permettra de réussir dans cette organisation. Intitulé du poste : Superviseur approvisionnement Lieu : Sainte-Anne-de-Bellevue, QC Fourchette…",45.42855,0,2026-08-06T20:07:27Z,-73.91887,Superviseur approvisionnement,permanent,Adzuna::API::Response::Job,"Baie-d'Urfé, Montréal",Adzuna::API::Response::Location,"['Canada', 'Québec', 'Montréal', ""Baie-d'Urfé""]",Adzuna::API::Response::Category,it-jobs,IT Jobs,Manpower,Adzuna::API::Response::Company,full_time,,
eyJhbGciOiJIUzI1NiJ9.eyJpIjoiNTgzMTIwMjA3MiIsInMiOiJuSWR6OFYtUzhSR0o1S2o5d2x5UzNRIn0.FBSZs7Qai1svzuikmsSXt-qBHyqkPc8cXZXpBTOTgV0,5831202072,https://www.adzuna.ca/details/5831202072?utm_medium=api&utm_source=e90db681,"Version franÃ§aise ci-dessous Company Name: PBS Systems Job Location: Remote (Montreal area) Job Type: Full-time, Permanent No. of Openings: 1 Job Requirement(s): Bilingual; Travel across Canada and USA approx. 2 weeks per month Internal Job Title: DTO Bilingual Trainer - Sales Reports To: Team Lead, Sales PBS is the fastest growing ""All Inclusive Business Platform"" vendor in North America and we've only just begun! PBS has been transforming how people buy and service cars for almost 40 years, …",45.544959,0,2026-08-06T19:14:10Z,-73.588138,Automotive Sales Trainer - Training and Implementation (Montreal Remote),,Adzuna::API::Response::Job,"Montréal, Québec",Adzuna::API::Response::Location,"['Canada', 'Québec', 'Montréal']",Adzuna::API::Response::Category,it-jobs,IT Jobs,Equest,Adzuna::API::Response::Company,,,
eyJhbGciOiJIUzI1NiJ9.eyJzIjoibklkejhWLVM4UkdKNUtqOXdseVMzUSIsImkiOiI1ODMwODY5ODU1In0.82WcxWugeyhdO4Q43PfKZ8Tdy9Kt8RyLAI6N6hRZHco,5830869855,https://www.adzuna.ca/land/ad/5830869855?se=nIdz8V-S8RGJ5Kj9wlyS3Q&utm_medium=api&utm_source=e90db681&v=6C40A8B313064CA9AC1E97E5B345191CDC62D7F7,"Do you like knowing that your work is directly helping your team? As a Signal Operator, you’ll be responsible for connecting Canadian Armed Forces (CAF) members through communications systems in a variety of locations and situations. This position is available full-time or part-time. Pay & Benefits The CAF offers a range of benefits to ensure members are well supported. These include: Competitive salary starting from $4,337 - $6,413/month for new recruits who join the Regular Force under the Di…",45.643606,0,2026-08-06T16:17:31Z,-73.843631,SIGNAL OPERATOR,permanent,Adzuna::API::Response::Job,"Sainte-Thérèse, Thérèse-De Blainville",Adzuna::API::Response::Location,"['Canada', 'Québec', 'Laurentides', 'Thérèse-De Blainville', 'Sainte-Thérèse']",Adzuna::API::Response::Category,it-jobs,IT Jobs,Canadian Armed Forces,Adzuna::API::Response::Company,full_time,,
eyJhbGciOiJIUzI1NiJ9.eyJpIjoiNTgzMDgxNjE0MyIsInMiOiJuSWR6OFYtUzhSR0o1S2o5d2x5UzNRIn0.EVYHkcYC5u4XWgUImW1KvAsCCDgM50Puy0b6lnu90iU,5830816143,https://www.adzuna.ca/land/ad/5830816143?se=nIdz8V-S8RGJ5Kj9wlyS3Q&utm_medium=api&utm_source=e90db681&v=7A4918945A026799B2AC3F0C4EDF6B27E93881D3,"Une carrière en tant que développeur·euse full stack dans l’équipe de Stratégie et Évolution des processus d'affaires à la Banque Nationale, c’est agir à titre de spécialiste en développement. C’est par ta passion pour le développement, ton expérience en DevOps et tes connaissances des outils AWS que tu as un impact positif sur notre transformation technologique et sur la livraison de valeur à nos partenaires d’affaire. Tu es une personne talentueuse, passionnée et motivée par les défis techniq…",45.544959,0,2026-08-06T13:22:24Z,-73.588138,Développeur principal FullStack,,Adzuna::API::Response::Job,"Montréal, Québec",Adzuna::API::Response::Location,"['Canada', 'Québec', 'Montréal']",Adzuna::API::Response::Category,it-jobs,IT Jobs,Banque Nationale,Adzuna::API::Response::Company,full_time,,
eyJhbGciOiJIUzI1NiJ9.eyJpIjoiNTgzMDgxNjA5OCIsInMiOiJuSWR6OFYtUzhSR0o1S2o5d2x5UzNRIn0.3BzIB7-Xy-jk4paUW4Fq_Ex1vQrliQZP6BSZCrMkcWs,5830816098,https://www.adzuna.ca/land/ad/5830816098?se=nIdz8V-S8RGJ5Kj9wlyS3Q&utm_medium=api&utm_source=e90db681&v=500B8EBA3E10AD6C68B779E9586D1695FC997C21,"Ce que nous offrons Une ambiance de travail chaleureuse et familiale Des congés de maladie payés RVER Un programme de reconnaissance des employés De la formation continue Et plus encore… Sommaire du poste À titre de réceptionniste, vous serez le cœur de la résidence. Vous serez appelé à accueillir les visiteurs et les résidents et à les diriger. Vous recevrez et acheminerez les appels téléphoniques et vous fournirez des renseignements généraux. Vous appuierez la direction de la résidence et eff…",45.783337,0,2026-08-06T13:22:23Z,-74.009539,Réceptionniste,,Adzuna::API::Response::Job,"Saint-Jérôme, La Rivière-du-Nord",Adzuna::API::Response::Location,"['Canada', 'Québec', 'Laurentides', 'La Rivière-du-Nord', 'Saint-Jérôme']",Adzuna::API::Response::Category,it-jobs,IT Jobs,Chartwell Résidences pour retraités,Adzuna::API::Response::Company,,,
eyJhbGciOiJIUzI1NiJ9.eyJzIjoibklkejhWLVM4UkdKNUtqOXdseVMzUSIsImkiOiI1ODMwNjYxMDI2In0.DExvH4K62iULyZ0yuv_kbmLT2yn31kZeHbcsVk7XbEc,5830661026,https://www.adzuna.ca/details/5830661026?utm_medium=api&utm_source=e90db681,"Job Description - Analyste en conformité commerce internationale /Trade Compliance Associate Analyst (344074) Analyste en conformité commerce internationale /Trade Compliance Associate Analyst (344074) Nous sommes plus que des experts en aviation, nous sommes des pionniers. Nous repoussons les limites de ce qui est possible. De franchir le mur du son jusqu’aux systèmes de rotor basculant avancés. Aujourd'hui, Bell façonne l'avenir de l'aviation grâce à une ingénierie spécialisée. Venez rejoindr…",45.649659,0,2026-08-06T11:30:35Z,-74.043014,Analyste en conformité commerce internationale /Trade Compliance Associate Analyst,,Adzuna::API::Response::Job,"Mirabel, Laurentides",Adzuna::API::Response::Location,"['Canada', 'Québec', 'Laurentides', 'Mirabel']",Adzuna::API::Response::Category,it-jobs,IT Jobs,Cessna Aircraft Company,Adzuna::API::Response::Company,,,
eyJhbGciOiJIUzI1NiJ9.eyJzIjoibklkejhWLVM4UkdKNUtqOXdseVMzUSIsImkiOiI1ODMwNjEzNzA2In0.KZnDXLEumAXje9O0OYK1p1Z5-fnPEVIM2Om4TWWAi7M,5830613706,https://www.adzuna.ca/details/5830613706?utm_medium=api&utm_source=e90db681,"Position Description: Tu es passionné·e par l'intégration et les API ? Nous recherchons un développeur ou une développeuse Mulesoft pour contribuer à des projets stratégiques et concevoir des solutions robustes. Tu travailleras en étroite collaboration avec nos équipes Salesforce et TI pour livrer des intégrations de qualité. Rejoins nous pour mettre ton expertise à profit et faire évoluer ta carrière Your future duties and responsibilities: Voici, entre autres, ce que nous avons à t'offrir : D…",45.544959,0,2026-08-06T11:15:41Z,-73.588138,Développeur Mulesoft,,Adzuna::API::Response::Job,"Montréal, Québec",Adzuna::API::Response::Location,"['Canada', 'Québec', 'Montréal']",Adzuna::API::Response::Category,it-jobs,IT Jobs,CGI,Adzuna::API::Response::Company,full_time,,
eyJhbGciOiJIUzI1NiJ9.eyJpIjoiNTgzMDYxMTk5MSIsInMiOiJuSWR6OFYtUzhSR0o1S2o5d2x5UzNRIn0.FU0aQgEBRNaX4wXpTPrYUnfO0nsn7OoC4htPmFIqGjg,5830611991,https://www.adzuna.ca/details/5830611991?utm_medium=api&utm_source=e90db681,"Employment Type: Internship Contract Duration: 6 months Why you will love working here At IATA, we represent over 350 airlines worldwide, striving to make aviation safer, smarter, more sustainable, and inclusive. • Our Values are not just words on a page - they are the energy behind everything we do: ONE IATA - We collaborate across teams, TRUSTED - We do the right thing, INNOVATIVE - We make tomorrow better, INCLUSIVE - We embrace diverse perspectives. • With over 30,000 courses available, we …",45.49275,0,2026-08-06T11:14:49Z,-73.56574,Intern Aviation Information Security,contract,Adzuna::API::Response::Job,"Westmount, Montréal",Adzuna::API::Response::Location,"['Canada', 'Québec', 'Montréal', 'Westmount']",Adzuna::API::Response::Category,it-jobs,IT Jobs,International Air Transport Association,Adzuna::API::Response::Company,,,
eyJhbGciOiJIUzI1NiJ9.eyJpIjoiNTgzMDYxMDE0OCIsInMiOiJuSWR6OFYtUzhSR0o1S2o5d2x5UzNRIn0.KQHpTG31VUDyHdrRonAAk6W7Ygi1V_OZAbfAgRcQeqM,5830610148,https://www.adzuna.ca/details/5830610148?utm_medium=api&utm_source=e90db681,"Position Description: Contribute to the success of strategic initiatives at the heart of a constantly evolving Agile environment! CGI Montréal is seeking a Technical Architect, Microsoft Dynamics 365 (Finance & Operations) who is passionate about designing high-performing, scalable, and secure architectures. In this role, you will serve as the technical authority for the D365 F&O solution, defining architectural direction, ensuring seamless integration with Microsoft platforms and third-party s…",45.544959,0,2026-08-06T11:13:56Z,-73.588138,Technical Architect - D365 F&O,,Adzuna::API::Response::Job,"Montréal, Québec",Adzuna::API::Response::Location,"['Canada', 'Québec', 'Montréal']",Adzuna::API::Response::Category,it-jobs,IT Jobs,CGI,Adzuna::API::Response::Company,full_time,,
eyJhbGciOiJIUzI1NiJ9.eyJzIjoibklkejhWLVM4UkdKNUtqOXdseVMzUSIsImkiOiI1ODMwNjA5OTc4In0.9O_SvqSpbZEACX9OcqCJNcu-HpNWl6XfKZZFce54dzQ,5830609978,https://www.adzuna.ca/details/5830609978?utm_medium=api&utm_source=e90db681,"Alteo is looking for a Director of IT Operations and Cybersecurity for a permanent position based in Montreal. Within a well established and fast growing company, you will play a key role leading the IT Operations and Cybersecurity. Reporting to the CFO, you will lead a small dedicated team responsible for maintaining the IT infrastructure, computer equipment, Help Desk support, and all data processing functions across multiple sites. You will also be instilling a security mindset implementing …",45.544959,0,2026-08-06T11:13:49Z,-73.588138,Director of IT Operations and Cybersecurity [4959],permanent,Adzuna::API::Response::Job,"Montréal, Québec",Adzuna::API::Response::Location,"['Canada', 'Québec', 'Montréal']",Adzuna::API::Response::Category,it-jobs,IT Jobs,Alteo,Adzuna::API::Response::Company,,,
eyJhbGciOiJIUzI1NiJ9.eyJpIjoiNTgzMDYwOTg5OSIsInMiOiJuSWR6OFYtUzhSR0o1S2o5d2x5UzNRIn0.q1AZsimEYPkOWL6iQqJJKZE-2QaRcLIhnO0Oh94Ifw8,5830609899,https://www.adzuna.ca/details/5830609899?utm_medium=api&utm_source=e90db681,"Position Description: Nous cherchons un développeur ou une développeuse en donnée IA pour contribuer à la réalisation de projets d'envergure. Tu prendras part à toutes les étapes du cycle de développement — de la conception à la mise en production — tout en assurant la qualité, la performance et la conformité des solutions livrées. Tu joueras un rôle essentiel dans la réussite de projets stratégiques pour nos clients. Joins toi à nous pour prendre part à notre expansion et accélérer ta carrière…",45.544959,0,2026-08-06T11:13:42Z,-73.588138,Développeur en données et IA,,Adzuna::API::Response::Job,"Montréal, Québec",Adzuna::API::Response::Location,"['Canada', 'Québec', 'Montréal']",Adzuna::API::Response::Category,it-jobs,IT Jobs,CGI,Adzuna::API::Response::Company,full_time,,
eyJhbGciOiJIUzI1NiJ9.eyJpIjoiNTgzMDYwNDQ3OCIsInMiOiJMQk4xOTEtUzhSR0lXOFZNN0xzSkFRIn0.Vi9sbUQQkprm2Xql8Qob3I6atjUt7WVJYZEbELMNUtE,5830604478,https://www.adzuna.ca/details/5830604478?utm_medium=api&utm_source=e90db681,"About Behavox Behavox is a cloud-native AI company providing an integrated controls platform for global banks, asset managers, hedge funds, private equity firms, insurance businesses, and commodity firms. The platform unifies communications and trade surveillance, compliant archiving, policy management as well as front-office analytics on a single, AI-native technology stack, delivered as a globally scalable SaaS-based cloud service. At Behavox, our engineering culture is built around speed, ex…",45.544959,0,2026-08-06T11:11:44Z,-73.588138,Senior FP&A Analyst,,Adzuna::API::Response::Job,"Montréal, Québec",Adzuna::API::Response::Location,"['Canada', 'Québec', 'Montréal']",Adzuna::API::Response::Category,it-jobs,IT Jobs,Behavox,Adzuna::API::Response::Company,,,
eyJhbGciOiJIUzI1NiJ9.eyJpIjoiNTgzMDYwMjg2OCIsInMiOiJMQk4xOTEtUzhSR0lXOFZNN0xzSkFRIn0.ofqPopN6BxzCBiptUn7jJjffL3TaEaLc6fy0uWOdw34,5830602868,https://www.adzuna.ca/details/5830602868?utm_medium=api&utm_source=e90db681,"Technicien en soutien informatique – Niveau 2 Fuze Logistics Services est un fournisseur de services logistiques 3PL de nouvelle génération dont le siège social est situé à Montréal et qui possède des bureaux partout en Amérique du Nord. En s'appuyant sur des technologies de pointe et des décennies d'expertise dans l'industrie, l'entreprise facilite le transport de marchandises à l'échelle mondiale. Nous sommes à la recherche d'un(e) professionnel(le) des TI pratique, minutieux(se) et orienté(e…",45.50197,0,2026-08-06T11:11:12Z,-73.66617,Technicien en soutien informatique - Niveau 2/Desktop Support Technician - Level 2,,Adzuna::API::Response::Job,"Mont-Royal, Montréal",Adzuna::API::Response::Location,"['Canada', 'Québec', 'Montréal', 'Mont-Royal']",Adzuna::API::Response::Category,it-jobs,IT Jobs,Fuze Logistics Services Inc,Adzuna::API::Response::Company,full_time,,
eyJhbGciOiJIUzI1NiJ9.eyJzIjoiTEJOMTkxLVM4UkdJVzhWTTdMc0pBUSIsImkiOiI1ODMwNjAxNzg2In0.AZU_2Oe8jOCN5dQMLerUcjidIQhNSgcNvz_AMa-oTOI,5830601786,https://www.adzuna.ca/details/5830601786?utm_medium=api&utm_source=e90db681,"At Fresche Solutions, we offer a great work-life balance with flexible hours. You can work remotely from anywhere in North America or from one of our offices—the decision is yours. Why Join Fresche? We believe in leading our industry through innovation, delivering exceptional outcomes, and helping our customers achieve lasting success. Our goal is to ensure that 100% of our customers are referenceable. Our distinct company culture has made Fresche a top employer and a trusted partner to our cus…",45.544959,0,2026-08-06T11:10:52Z,-73.588138,Solution Architect – Remote - FS450,permanent,Adzuna::API::Response::Job,"Montréal, Québec",Adzuna::API::Response::Location,"['Canada', 'Québec', 'Montréal']",Adzuna::API::Response::Category,it-jobs,IT Jobs,Fresche Solutions,Adzuna::API::Response::Company,full_time,,
eyJhbGciOiJIUzI1NiJ9.eyJzIjoiTEJOMTkxLVM4UkdJVzhWTTdMc0pBUSIsImkiOiI1ODMwNjAxNjc4In0.KyCyac9WlkHoQ2oCmL7poB-xHQFt1d7jFseW_wYX9hQ,5830601678,https://www.adzuna.ca/details/5830601678?utm_medium=api&utm_source=e90db681,"We are a proud work-from-office company. If you're ready to work on-site in a dynamic, global company, we'd love to hear from you. About Us Vensure Employer Solutions is the largest privately held organization in the HR technology and service sector, providing a comprehensive portfolio of solutions, including HR/HCM technology, managed services, and global business process outsourcing (BPO). The company and its service providers collectively serve over 95,000 businesses and process over $135B i…",45.485004,0,2026-08-06T11:10:49Z,-73.600177,Client Implementation Specialist,,Adzuna::API::Response::Job,"Westmount, Montréal",Adzuna::API::Response::Location,"['Canada', 'Québec', 'Montréal', 'Westmount']",Adzuna::API::Response::Category,it-jobs,IT Jobs,Distro,Adzuna::API::Response::Company,full_time,70000.0,80000.0
eyJhbGciOiJIUzI1NiJ9.eyJzIjoiTEJOMTkxLVM4UkdJVzhWTTdMc0pBUSIsImkiOiI1ODMwNTk2NTM0In0.hpt-MAoXmqTbJRdxnAwZWMLD6IddlgJBL3npDm59Bsg,5830596534,https://www.adzuna.ca/details/5830596534?utm_medium=api&utm_source=e90db681,"Xona is the navigational intelligence company bringing real-time, centimeter-level certainty to any device, anywhere on Earth. With Pulsar – the world’s most advanced PNT satellite infrastructure in Low Earth Orbit – Xona will offer a future-proof, backwards-compatible global positioning system optimized for absolute precision, superior power, and robust protection. Nous recherchons un(e) Opérateur(trice) de Vol Spatial pour prendre en charge et diriger les opérations quotidiennes d'une constel…",45.544959,0,2026-08-06T11:08:42Z,-73.588138,Opérateur(trice) de Vol Spatial - Flight/Spacecraft Operator,permanent,Adzuna::API::Response::Job,"Montréal, Québec",Adzuna::API::Response::Location,"['Canada', 'Québec', 'Montréal']",Adzuna::API::Response::Category,it-jobs,IT Jobs,Xona Space Systems,Adzuna::API::Response::Company,full_time,,
eyJhbGciOiJIUzI1NiJ9.eyJzIjoiTEJOMTkxLVM4UkdJVzhWTTdMc0pBUSIsImkiOiI1ODMwNTkxODQxIn0.8k0uhumipOmAWXHc0QqsG_rBkMx_Dl5BJwPEA6kaD0w,5830591841,https://www.adzuna.ca/details/5830591841?utm_medium=api&utm_source=e90db681,"Position Description: Vous maîtrisez Azure Databricks, Spark, Python et les architectures de données modernes? Rejoignez une équipe qui repousse les limites de l'analytique infonuagique en développant des pipelines de données robustes, des solutions BI performantes et des environnements prêts pour l'intelligence artificielle et le MLOps. Mode de travail: Hybride, 2 jours/semaine en présentiel Lieu Montréal Your future duties and responsibilities: Ce que tu devras faire : • Documenter les récits…",45.544959,0,2026-08-06T11:06:28Z,-73.588138,Concepteur / Développeur Databricks Sénior,,Adzuna::API::Response::Job,"Montréal, Québec",Adzuna::API::Response::Location,"['Canada', 'Québec', 'Montréal']",Adzuna::API::Response::Category,it-jobs,IT Jobs,CGI,Adzuna::API::Response::Company,full_time,,
eyJhbGciOiJIUzI1NiJ9.eyJzIjoiTEJOMTkxLVM4UkdJVzhWTTdMc0pBUSIsImkiOiI1ODMwNTg0MDI0In0.eFvbtzTRRu3vRATWUm0PWcFENC6Y8Ov1edwdCLIJg6I,5830584024,https://www.adzuna.ca/details/5830584024?utm_medium=api&utm_source=e90db681,Position Description: Vous êtes un analyste fonctionnel désirant oeuvrer dans un environnement en forte croissance et utilisant le meilleur de la technologie disponible aujourd'hui? Vous aimez les défis autant technologiques qu'organisationnels ? Vous voulez travailler pour une organisation en pleine transformation numérique? Travailler sur plusieurs projets ayant une feuille de route s'étalant sur plusieurs années vous stimule ? Nous avons l'opportunité qu'il vous faut ! Venez rejoindre plus d…,45.544959,0,2026-08-06T11:03:37Z,-73.588138,Analyste fonctionnel Expert,,Adzuna::API::Response::Job,"Montréal, Québec",Adzuna::API::Response::Location,"['Canada', 'Québec', 'Montréal']",Adzuna::API::Response::Category,it-jobs,IT Jobs,CGI,Adzuna::API::Response::Company,full_time,,
eyJhbGciOiJIUzI1NiJ9.eyJzIjoiTEJOMTkxLVM4UkdJVzhWTTdMc0pBUSIsImkiOiI1ODMwNTgzNTAxIn0.ga-8fTX1Ri07XUoS792EpxaorlVVgsihuePbTTWrNNk,5830583501,https://www.adzuna.ca/details/5830583501?utm_medium=api&utm_source=e90db681,"Position Description: Contribute to the success of strategic initiatives at the heart of a constantly evolving Agile environment! CGI Montréal is looking for a Software Architect to design, evolve, and modernize our organization's application solutions. Working closely with multidisciplinary teams, you will help define high-performing, secure, and scalable architectures while influencing the technology directions that support CGI’s growth, innovation, and digital transformation, as well as that…",45.544959,0,2026-08-06T11:02:54Z,-73.588138,Software Architect,,Adzuna::API::Response::Job,"Montréal, Québec",Adzuna::API::Response::Location,"['Canada', 'Québec', 'Montréal']",Adzuna::API::Response::Category,it-jobs,IT Jobs,CGI,Adzuna::API::Response::Company,full_time,,
eyJhbGciOiJIUzI1NiJ9.eyJzIjoiTEJOMTkxLVM4UkdJVzhWTTdMc0pBUSIsImkiOiI1ODMwNTgyNzQxIn0.PCr2rQjv-RF3Llt8tXSH2jpfoEE_Ok7lX6XPgB2rI_U,5830582741,https://www.adzuna.ca/details/5830582741?utm_medium=api&utm_source=e90db681,"We are banking at another level. Choosing BDC as your employer means working in a healthy, inclusive, and skilled workplace that puts forward the best conditions to bring together unique teams where employees are empowered to act. It also means being at the centre of ambitious economic and financial projects to see further and to do things differently, to fuel the success of Canadian entrepreneurs. Choosing BDC as your employer also means: Flexible and competitive benefits , including an Employ…",45.544959,0,2026-08-06T11:02:06Z,-73.588138,"Director, Finance Applications And Data",,Adzuna::API::Response::Job,"Montréal, Québec",Adzuna::API::Response::Location,"['Canada', 'Québec', 'Montréal']",Adzuna::API::Response::Category,it-jobs,IT Jobs,Business Development Bank of Canada,Adzuna::API::Response::Company,full_time,,
eyJhbGciOiJIUzI1NiJ9.eyJpIjoiNTgzMDU4MjA4MSIsInMiOiJMQk4xOTEtUzhSR0lXOFZNN0xzSkFRIn0.zQoBt5YtqkUzpQ4Fpzax0CCEVjSnf2Y3S84mxz9R43M,5830582081,https://www.adzuna.ca/details/5830582081?utm_medium=api&utm_source=e90db681,"À PROPOS DE BEEM Chez BEEM, nous transformons la façon dont les entreprises utilisent leurs données, du pipeline jusqu'aux dashboards BI et à l'IA générative, pour qu'elles puissent prendre de meilleures décisions d'affaires. Nous sommes Partenaire AWS Advanced Tier et fiers de ce qu'on a bâti : une plateforme SaaS complète combinée à une équipe d'experts disponible pour accompagner nos clients selon leurs besoins. Nos clients sont des entreprises mid-market en croissance, dans des industries v…",45.51044,0,2026-08-06T11:01:50Z,-73.55286,"Développeur(euse) Logiciel, Équipe Data",permanent,Adzuna::API::Response::Job,"Westmount, Montréal",Adzuna::API::Response::Location,"['Canada', 'Québec', 'Montréal', 'Westmount']",Adzuna::API::Response::Category,it-jobs,IT Jobs,BEEM,Adzuna::API::Response::Company,full_time,,
eyJhbGciOiJIUzI1NiJ9.eyJpIjoiNTgzMDU4MTExMiIsInMiOiJMQk4xOTEtUzhSR0lXOFZNN0xzSkFRIn0.bNYBYwdvMQ4HOI5qakt1wbh68Dqx_KM-vgaJEA8Wrck,5830581112,https://www.adzuna.ca/details/5830581112?utm_medium=api&utm_source=e90db681,"Position Description: Nous recherchons une personne capable d’analyser les besoins d’affaires, de configurer les solutions SAP et d’accompagner les utilisateurs dans l’évolution de leurs processus. Your future duties and responsibilities:  Responsabilités * Recueillir et analyser les besoins d’affaires. * Traduire les besoins en solutions fonctionnelles SAP. * Configurer les fonctionnalités dans un ou plusieurs modules SAP. * Rédiger les spécifications fonctionnelles. * Préparer et exécuter les…",45.544959,0,2026-08-06T11:01:30Z,-73.588138,Analyste fonctionnel ou analyste fonctionnelle SAP,,Adzuna::API::Response::Job,"Montréal, Québec",Adzuna::API::Response::Location,"['Canada', 'Québec', 'Montréal']",Adzuna::API::Response::Category,it-jobs,IT Jobs,CGI,Adzuna::API::Response::Company,full_time,,
eyJhbGciOiJIUzI1NiJ9.eyJpIjoiNTgzMDU4MDg5MyIsInMiOiJMQk4xOTEtUzhSR0lXOFZNN0xzSkFRIn0.lsOTTwaEsgp-GZ_bPm87kizVnMKQ_qniUsjgKuHcQnc,5830580893,https://www.adzuna.ca/details/5830580893?utm_medium=api&utm_source=e90db681,"Company Description Wepoint is the architect of major transformations for businesses and public sector organizations. We support our clients from strategy through technological implementation, always striving to think beyond the obvious and to act within the framework of Economic, Social, Environmental, and Technological Responsibility (RESET). Our goal is to create new ways of working, new economic models, and smarter environments. In nearly 20 years, we have become one of the key players in d…",45.544959,0,2026-08-06T11:01:26Z,-73.588138,Chargé(e) de projet sénior,,Adzuna::API::Response::Job,"Montréal, Québec",Adzuna::API::Response::Location,"['Canada', 'Québec', 'Montréal']",Adzuna::API::Response::Category,it-jobs,IT Jobs,Onepoint,Adzuna::API::Response::Company,full_time,,
eyJhbGciOiJIUzI1NiJ9.eyJzIjoiTEJOMTkxLVM4UkdJVzhWTTdMc0pBUSIsImkiOiI1ODMwNTc5MDAxIn0.8IS-QUp017QHL-LCextWaMVG1Q79MmiyZyehERQkf3E,5830579001,https://www.adzuna.ca/details/5830579001?utm_medium=api&utm_source=e90db681,"We are banking at another level. Choosing BDC as your employer means working in a healthy, inclusive, and skilled workplace that puts forward the best conditions to bring together unique teams where employees are empowered to act. It also means being at the centre of ambitious economic and financial projects to see further and to do things differently, to fuel the success of Canadian entrepreneurs. Choosing BDC as your employer also means: Flexible and competitive benefits , including an Employ…",45.544959,0,2026-08-06T11:00:21Z,-73.588138,Senior Business Advisor - Technology And Operations,,Adzuna::API::Response::Job,"Montréal, Québec",Adzuna::API::Response::Location,"['Canada', 'Québec', 'Montréal']",Adzuna::API::Response::Category,it-jobs,IT Jobs,Business Development Bank of Canada,Adzuna::API::Response::Company,full_time,,
eyJhbGciOiJIUzI1NiJ9.eyJzIjoiTEJOMTkxLVM4UkdJVzhWTTdMc0pBUSIsImkiOiI1ODMwNTc4OTE3In0._PGme9HnseicpEmdqk_Kz0MzCYbUsT_cgVwFrh9fIeg,5830578917,https://www.adzuna.ca/details/5830578917?utm_medium=api&utm_source=e90db681,"Position Description: Au sein de squads agiles, le développeur frontend CGI conçoit et fait évoluer des interfaces à forte valeur technique, en combinant performance, accessibilité et excellence du code dans un contexte de transformation numérique rapide. Environnement et écosystème • Squads agiles (Scrum / SAFe) • Développement frontend (React web et/ou mobile) • Intégration avec API backend (REST) • Architecture moderne (SPA, micro frontends – selon contexte) • Environnements cloud et CI/CD •…",45.544959,0,2026-08-06T11:00:14Z,-73.588138,Développeur Front End - React,,Adzuna::API::Response::Job,"Montréal, Québec",Adzuna::API::Response::Location,"['Canada', 'Québec', 'Montréal']",Adzuna::API::Response::Category,it-jobs,IT Jobs,CGI,Adzuna::API::Response::Company,full_time,,
eyJhbGciOiJIUzI1NiJ9.eyJpIjoiNTgzMDU3NzIxNyIsInMiOiJMQk4xOTEtUzhSR0lXOFZNN0xzSkFRIn0.12QCvdae7ppmc8zOpTvO_7fdkj5oxIHe3L7CtDnz5aY,5830577217,https://www.adzuna.ca/details/5830577217?utm_medium=api&utm_source=e90db681,"Required Skills Détenir un baccalauréat en sciences de l'administration, en sciences humaines, en sciences sociales ou dans une autre discipline universitaire appropriée. Détenir 1 ans d’expérience de travail en amélioration continue ou en analyse de données. Expérience significative dans l’utilisation de bases de données et de système d’information du réseau de la santé et des services sociaux (notamment PIJ; I-CLSC, etc.) Expérience significative dans la création et le suivi de tableaux d’ind…",45.544959,0,2026-08-06T10:59:26Z,-73.588138,Spécialiste en procédés administratifs - Direction santé mentale et dépendance,,Adzuna::API::Response::Job,"Montréal, Québec",Adzuna::API::Response::Location,"['Canada', 'Québec', 'Montréal']",Adzuna::API::Response::Category,it-jobs,IT Jobs,CIUSSS du Centre-Sud-de-l'Île-de-Montréal,Adzuna::API::Response::Company,,,
eyJhbGciOiJIUzI1NiJ9.eyJzIjoiTEJOMTkxLVM4UkdJVzhWTTdMc0pBUSIsImkiOiI1ODMwNTc3MDMyIn0.UDrqP1bHQuLXwSeOzCbzsxhFWby2Rv_vilWbdvSS_bk,5830577032,https://www.adzuna.ca/details/5830577032?utm_medium=api&utm_source=e90db681,"L'avenir du commerce se joue en magasin. Les meilleures enseignes convertissent l'intention digitale en trafic qualifié en boutique, offrent une expérience client personnalisée et différenciante, et en mesurent précisément l'impact sur leur revenu. Booxi est la plateforme qui permet de piloter ces expériences, de les mesurer en revenu et de prédire ce qu'elles vont générer. Plus de 8 500 points de vente nous utilisent déjà, dont ceux de Dior, Hermès, Sephora et L'Oréal. On opère dans 103 pays d…",45.544959,0,2026-08-06T10:59:07Z,-73.588138,CI/CD & Release Architect,,Adzuna::API::Response::Job,"Montréal, Québec",Adzuna::API::Response::Location,"['Canada', 'Québec', 'Montréal']",Adzuna::API::Response::Category,it-jobs,IT Jobs,Booxi,Adzuna::API::Response::Company,full_time,,
eyJhbGciOiJIUzI1NiJ9.eyJzIjoiTEJOMTkxLVM4UkdJVzhWTTdMc0pBUSIsImkiOiI1ODMwNTc2NDU4In0.vbR__CtyMdKndXo6QBP7mbjSD7_L1h8MnL2YhVpvnu0,5830576458,https://www.adzuna.ca/details/5830576458?utm_medium=api&utm_source=e90db681,"⠀ *Temporary position of 14 months* Behind every success is a team of dedicated experts driving us forward. From HR professionals who shape our culture, to IT innovators driving technological advancements, Finance leaders ensuring our growth, Communicators shining a light on our story, and Legal experts safeguarding our future —every role is essential. Our enterprise functions don’t just support; they lead, playing a critical role in shaping the company’s path forward and ensuring both clients …",45.544959,0,2026-08-06T10:58:02Z,-73.588138,Data Governance & Stewardship Lead (temporary),contract,Adzuna::API::Response::Job,"Montréal, Québec",Adzuna::API::Response::Location,"['Canada', 'Québec', 'Montréal']",Adzuna::API::Response::Category,it-jobs,IT Jobs,CAE,Adzuna::API::Response::Company,full_time,,
eyJhbGciOiJIUzI1NiJ9.eyJpIjoiNTgzMDU3NjMzNiIsInMiOiJMQk4xOTEtUzhSR0lXOFZNN0xzSkFRIn0.R7Se6mMF7QdXxEQRDG_9lDGT-PcnP9Lqt2Qg9Xc2ER0,5830576336,https://www.adzuna.ca/details/5830576336?utm_medium=api&utm_source=e90db681,Position Description: Vous êtes un architecte d'intelligence d'affaires (BI) désirant oeuvrer dans un environnement en forte croissance et utilisant le meilleur de la technologie disponible aujourd'hui? Vous aimez les défis autant technologiques qu'organisationnels ? Vous voulez travailler pour une organisation en pleine transformation numérique? Travailler sur plusieurs projets ayant une feuille de route s'étalant sur plusieurs années vous stimule ? Nous avons l'opportunité qu'il vous faut ! V…,45.544959,0,2026-08-06T10:57:34Z,-73.588138,Conseiller en architecture d'intelligence d'affaires,,Adzuna::API::Response::Job,"Montréal, Québec",Adzuna::API::Response::Location,"['Canada', 'Québec', 'Montréal']",Adzuna::API::Response::Category,it-jobs,IT Jobs,CGI,Adzuna::API::Response::Company,full_time,,
eyJhbGciOiJIUzI1NiJ9.eyJpIjoiNTgzMDU3NjIwNCIsInMiOiJMQk4xOTEtUzhSR0lXOFZNN0xzSkFRIn0.wQgLq3HWjLoq9dmHhKkyRWPghw4dG4Ub8tEnPyG6xSA,5830576204,https://www.adzuna.ca/details/5830576204?utm_medium=api&utm_source=e90db681,"Client : Desjardins Langue requise : Français requis Heures de travail par semaine : 37,5 heures par semaine Lieu du mandat : Montréal – Complexe Desjardins Type de poste : Hybride – 2 jours par semaine au bureau Durée de la mission : 6 mois, renouvelable Localisation du candidat : Le candidat doit obligatoirement résider au Canada. À propos du poste Nous recherchons un Expert SAS Enterprise Session Monitor (ESM) / SAS Viya afin de prendre en charge l’implantation, la configuration et la mise e…",45.515359,0,2026-08-06T10:57:21Z,-73.579237,Expert SAS Enterprise Session Monitor (ESM) / SAS Viya,contract,Adzuna::API::Response::Job,"Outremont, Montréal",Adzuna::API::Response::Location,"['Canada', 'Québec', 'Montréal', 'Outremont']",Adzuna::API::Response::Category,it-jobs,IT Jobs,Xideral,Adzuna::API::Response::Company,,,
eyJhbGciOiJIUzI1NiJ9.eyJzIjoiTEJOMTkxLVM4UkdJVzhWTTdMc0pBUSIsImkiOiI1ODMwMzc1NDIwIn0.whbuYzDkQQYXA4-Nx4R21zre_UsZ2edVhqZqbIpm9ZQ,5830375420,https://www.adzuna.ca/details/5830375420?utm_medium=api&utm_source=e90db681,"We are looking for an experienced Braze Certified Specialist to support a customer migration from Salesforce Marketing Cloud (SFMC) to Braze. This is a strategic and technical consulting engagement for someone who has successfully completed similar migrations and can confidently guide the project from planning through implementation and validation. The specialist will initially review and validate the proposed migration approach, scope, effort, and resourcing assumptions. Once the project begin…",45.544959,0,2026-08-06T07:08:55Z,-73.588138,Braze Certified Specialist,,Adzuna::API::Response::Job,"Montréal, Québec",Adzuna::API::Response::Location,"['Canada', 'Québec', 'Montréal']",Adzuna::API::Response::Category,it-jobs,IT Jobs,Digital,Adzuna::API::Response::Company,part_time,,
eyJhbGciOiJIUzI1NiJ9.eyJzIjoiTEJOMTkxLVM4UkdJVzhWTTdMc0pBUSIsImkiOiI1ODMwMzY3NjEyIn0.Pe2SkAcl-93-lsWuzlZCP5HZtSRxOKcpfEZDtDEnyb8,5830367612,https://www.adzuna.ca/details/5830367612?utm_medium=api&utm_source=e90db681,"Job Description Job Description Mandat contractuel — Data Engineer senior (Azure) Secteur : services juridiques Montreal - Hybride ou Remote - Canada Contexte Un cabinet juridique en croissance développe une plateforme d'intelligence artificielle reposant sur un Data Lake et un système RAG (Retrieval Augmented Generation). Le présent mandat porte sur la fondation data de cette plateforme : consolider des données aujourd'hui dispersées entre plusieurs outils (gestion de cabinet juridique, compta…",45.544959,0,2026-08-06T06:51:40Z,-73.588138,Data Engineer senior (Azure) - Contrat,,Adzuna::API::Response::Job,"Montréal, Québec",Adzuna::API::Response::Location,"['Canada', 'Québec', 'Montréal']",Adzuna::API::Response::Category,it-jobs,IT Jobs,MIA Innovation,Adzuna::API::Response::Company,,,
eyJhbGciOiJIUzI1NiJ9.eyJzIjoiTEJOMTkxLVM4UkdJVzhWTTdMc0pBUSIsImkiOiI1ODMwMzY3NjA2In0.WCDUbNg9ZHQMxbOwKRklGvI7LKeBUbtN2cLEGyvl2PQ,5830367606,https://www.adzuna.ca/details/5830367606?utm_medium=api&utm_source=e90db681,"Job Description Job Description Job Summary We are seeking a Senior Data Platform Engineer to design, build, and optimize scalable enterprise data solutions using Microsoft Fabric . In this role, you will develop and maintain data pipelines, implement Bronze, Silver, and Gold medallion architecture , and support enterprise data lakes and data warehouses. You will leverage Python, Spark, SQL, Git, and Azure technologies to integrate data from multiple sources while ensuring performance, reliabil…",45.544959,0,2026-08-06T06:51:39Z,-73.588138,Senior Data Engineer - Microsoft Fabric - Bilingual required,,Adzuna::API::Response::Job,"Montréal, Québec",Adzuna::API::Response::Location,"['Canada', 'Québec', 'Montréal']",Adzuna::API::Response::Category,it-jobs,IT Jobs,Kronos Consulting,Adzuna::API::Response::Company,,156000.0,156000.0
eyJhbGciOiJIUzI1NiJ9.eyJzIjoiTEJOMTkxLVM4UkdJVzhWTTdMc0pBUSIsImkiOiI1ODMwMzY3NTU5In0.9DsDpmbjVT-W7kWSVTwCkZW-ksgEp1E3AwXU_Ypgow0,5830367559,https://www.adzuna.ca/details/5830367559?utm_medium=api&utm_source=e90db681,"Job Description Job Description Hire Resolve is assisting IT organizations in hiring experienced IT professionals to support Canada-based operations. This is a multi-role opportunity spanning several functions across Information Technology, including (but not limited to) infrastructure and networks, cloud platforms, cybersecurity, IT service management, systems administration, enterprise applications, data platforms, DevOps, and technical project delivery. These roles are designed for mid- to s…",45.544959,0,2026-08-06T06:51:34Z,-73.588138,Mid-Senior IT Professional (Multiple Opportunities),,Adzuna::API::Response::Job,"Montréal, Québec",Adzuna::API::Response::Location,"['Canada', 'Québec', 'Montréal']",Adzuna::API::Response::Category,it-jobs,IT Jobs,Hire Resolve.com,Adzuna::API::Response::Company,,,
eyJhbGciOiJIUzI1NiJ9.eyJzIjoiTEJOMTkxLVM4UkdJVzhWTTdMc0pBUSIsImkiOiI1ODMwMzY3NDY4In0.m_qPiesQ5ceCuUKr6VCddE_n__mIguM-flz14foe6A0,5830367468,https://www.adzuna.ca/details/5830367468?utm_medium=api&utm_source=e90db681,"Job Description Job Description:\n\nÀ propos de KPI :\n\nFondée il y a plus de 25 ans au Québec, KPI occupe une position unique en tant que chef de file canadien dans l'écosystème des données, de l'analytique et de l'IA. Chaque jour, notre équipe apporte ses connaissances de l'industrie, son expertise inégalée et l'étendue de ses services pour faire ce qui compte pour nos clients et leurs clients.\n\nJoignez-vous à une équipe qui est immergée dans un environnement de haute technologie et très d…",45.544959,0,2026-08-06T06:51:28Z,-73.588138,"Sales, Account Executive Consulting/Gestionnaire de comptes, Ventes",permanent,Adzuna::API::Response::Job,"Montréal, Québec",Adzuna::API::Response::Location,"['Canada', 'Québec', 'Montréal']",Adzuna::API::Response::Category,it-jobs,IT Jobs,KPI Digital,Adzuna::API::Response::Company,full_time,,
eyJhbGciOiJIUzI1NiJ9.eyJzIjoiTEJOMTkxLVM4UkdJVzhWTTdMc0pBUSIsImkiOiI1ODMwMzY3MzQ0In0.Z_KNIg5gek_3poVZDcXRoJNTN750VLEWaqO6DKpEzeU,5830367344,https://www.adzuna.ca/details/5830367344?utm_medium=api&utm_source=e90db681,"Job Description Job Description dcbel Inc. (www.dcbel.energy) designs and sells residential products to make clean, efficient, and sustainable energy accessible to all — because everyone in the world deserves energy without compromise. dcbel is at the leading edge of the residential energy revolution. Its products enable decentralized energy consumption and production through its vertically integrated suite of energy hardware and software products, and their supporting infrastructure. Our flags…",45.544959,0,2026-08-06T06:51:21Z,-73.588138,Application Integration Specialist,,Adzuna::API::Response::Job,"Montréal, Québec",Adzuna::API::Response::Location,"['Canada', 'Québec', 'Montréal']",Adzuna::API::Response::Category,it-jobs,IT Jobs,dcbel Inc,Adzuna::API::Response::Company,,,
eyJhbGciOiJIUzI1NiJ9.eyJzIjoiTEJOMTkxLVM4UkdJVzhWTTdMc0pBUSIsImkiOiI1ODMwMzY3MjQ0In0.69-ALBnF9wv5u1W6oTG9vhbjOLnAR0ULaE-YM60G2Vg,5830367244,https://www.adzuna.ca/details/5830367244?utm_medium=api&utm_source=e90db681,"Job Description Job Description À propos de KPI: Chez KPI, vous aurez la chance de bâtir une carrière aussi unique que vous, avec le soutien, la culture inclusive et la technologie qui vous permettront de devenir la meilleure version de vous-même. Et nous comptons sur votre voix et votre point de vue uniques pour aider KPI à devenir encore meilleur. Chez KPI, notre vision est de faire progresser le monde grâce au pouvoir des gens et de la technologie. Fondée il y a plus de 20 ans au Québec, KPI…",45.544959,0,2026-08-06T06:51:15Z,-73.588138,Gestionnaire de projet/ Business Analyst-Project Manager,permanent,Adzuna::API::Response::Job,"Montréal, Québec",Adzuna::API::Response::Location,"['Canada', 'Québec', 'Montréal']",Adzuna::API::Response::Category,it-jobs,IT Jobs,KPI Digital,Adzuna::API::Response::Company,full_time,,
eyJhbGciOiJIUzI1NiJ9.eyJzIjoiTEJOMTkxLVM4UkdJVzhWTTdMc0pBUSIsImkiOiI1ODMwMzY3MjUxIn0._4FHoUG_uoSu7mDKltpo6Bjd3J0BzBV8qLVJ4NxEdyk,5830367251,https://www.adzuna.ca/details/5830367251?utm_medium=api&utm_source=e90db681,"Job Description Job Description (English follows) Intégrateur.trice web & mobile(senior) (Poste à temps plein en mode hybride, basé à Montréal, QC) Sherpa recherche des intégrateurs et intégratrices qui ont le goût de faire partie d’une équipe en croissance qui est fière de son travail et pour qui l’innovation, la qualité, la fiabilité et la solidarité sont importantes. À propos de Sherpa Sherpa est un leader des applications mobiles et des plateformes web pour les plus grands congrès et salons…",45.544959,0,2026-08-06T06:51:15Z,-73.588138,Senior Web & Mobile Integrator,,Adzuna::API::Response::Job,"Montréal, Québec",Adzuna::API::Response::Location,"['Canada', 'Québec', 'Montréal']",Adzuna::API::Response::Category,it-jobs,IT Jobs,Sherpa,Adzuna::API::Response::Company,full_time,,
eyJhbGciOiJIUzI1NiJ9.eyJpIjoiNTgzMDM2NzA0NyIsInMiOiJMQk4xOTEtUzhSR0lXOFZNN0xzSkFRIn0.XWzu0w8TfMHkaUjys7vbwwKw-Ws1wAwonAC9o9bYyiI,5830367047,https://www.adzuna.ca/details/5830367047?utm_medium=api&utm_source=e90db681,"Job Description Job Description Tu recherches un nouveau défi en tant que développeur/développeuse IA agentique à Montréal ? Rejoins-nous chez Mia Innovation ! À propos de nous MIA Innovation est une entreprise québécoise spécialisée en intelligence artificielle et en développement logiciel sur mesure . Notre mission : concevoir et industrialiser des solutions technologiques performantes, utiles et durables, en plaçant l’IA appliquée au cœur des produits. Nous sommes une équipe d’expert·e·s pas…",45.544959,0,2026-08-06T06:50:59Z,-73.588138,Développeur/Développeuse IA Agentique,,Adzuna::API::Response::Job,"Montréal, Québec",Adzuna::API::Response::Location,"['Canada', 'Québec', 'Montréal']",Adzuna::API::Response::Category,it-jobs,IT Jobs,MIA Innovation,Adzuna::API::Response::Company,,,
eyJhbGciOiJIUzI1NiJ9.eyJzIjoiTEJOMTkxLVM4UkdJVzhWTTdMc0pBUSIsImkiOiI1ODMwMzY2OTY2In0.ghnOb_cIAyN5qNqh8LO_t_AC3NzS6lou-CkMKSsqi30,5830366966,https://www.adzuna.ca/details/5830366966?utm_medium=api&utm_source=e90db681,"Job Description Job Description Qui sommes-nous ? Nectari Software Inc. est un leader mondial en matière d'intelligence d'affaires pour les petites et moyennes entreprises. Forts de plusieurs décennies d'expertise et d'une solide base en innovation, notre mission est d'aider les organisations à exploiter pleinement le potentiel de leurs données afin qu'elles puissent prendre des décisions plus intelligentes et plus rapides. Notre solution phare, Nectari, est une solution BI puissante et intuiti…",45.544959,0,2026-08-06T06:50:51Z,-73.588138,.Net Fullstack Developer - Développeur(euse) Fullstack .Net,,Adzuna::API::Response::Job,"Montréal, Québec",Adzuna::API::Response::Location,"['Canada', 'Québec', 'Montréal']",Adzuna::API::Response::Category,it-jobs,IT Jobs,Nectari Software Inc.,Adzuna::API::Response::Company,,,
eyJhbGciOiJIUzI1NiJ9.eyJzIjoiTEJOMTkxLVM4UkdJVzhWTTdMc0pBUSIsImkiOiI1ODMwMzY2NTAyIn0.xZ7zBD77Uz6m1MybFWtZN6ephx5uW72A9mbQM7mqrWU,5830366502,https://www.adzuna.ca/details/5830366502?utm_medium=api&utm_source=e90db681,"Job Description Job Description:\n\nÀ propos de KPI :\nChez KPI, vous aurez la possibilité de construire une carrière aussi unique que vous, avec le soutien, la culture inclusive et la technologie qui vous permettront de devenir la meilleure version de vous-même. Et nous comptons sur votre voix et votre point de vue uniques pour aider KPI à devenir encore meilleur. \n\nChez KPI, notre vision est de faire progresser le monde grâce au pouvoir des personnes et de la technologie.\n\nFondée il y a p…",45.544959,0,2026-08-06T06:50:41Z,-73.588138,"Sales, Account Executive Consulting/Gestionnaire de comptes, Ventes",permanent,Adzuna::API::Response::Job,"Montréal, Québec",Adzuna::API::Response::Location,"['Canada', 'Québec', 'Montréal']",Adzuna::API::Response::Category,it-jobs,IT Jobs,KPI Digital,Adzuna::API::Response::Company,,,
eyJhbGciOiJIUzI1NiJ9.eyJpIjoiNTgzMDM2NTUyNCIsInMiOiJMQk4xOTEtUzhSR0lXOFZNN0xzSkFRIn0.eD5ow6a_hK_WcJ8cClZAqhd0UB3SPwxk8bVNfC3J6Eo,5830365524,https://www.adzuna.ca/details/5830365524?utm_medium=api&utm_source=e90db681,"Job Description Job Description *An English description will follow À propos de LIDD LIDD est une firme d’experts-conseils de premier plan en matière de chaîne d’approvisionnement. Nous offrons nos services partout en Amérique du Nord ainsi qu’en Asie. Nous concevons de grands centres de distribution et des systèmes logistiques complexes afin d’aider nos clients à faire circuler leurs marchandises plus efficacement. Nos clients sont des manufacturiers, distributeurs et détaillants dont certains…",45.544959,0,2026-08-06T06:50:25Z,-73.588138,Consultant.e NetSuite - Consultant NetSuite,,Adzuna::API::Response::Job,"Montréal, Québec",Adzuna::API::Response::Location,"['Canada', 'Québec', 'Montréal']",Adzuna::API::Response::Category,it-jobs,IT Jobs,LIDD Consultants Inc.,Adzuna::API::Response::Company,,,
eyJhbGciOiJIUzI1NiJ9.eyJzIjoiTEJOMTkxLVM4UkdJVzhWTTdMc0pBUSIsImkiOiI1ODMwMzY1MzkzIn0.0TDFEuEfKGiCroVpAzcjYU1X3tkkJXFv45ANJ0AvVSQ,5830365393,https://www.adzuna.ca/details/5830365393?utm_medium=api&utm_source=e90db681,"Job Description Job Description dcbel is a growing company building next-generation hardware and software for a future lead by electric vehicles (EVs) and distributed energy technologies like solar panels and battery storage. Our flagship product, Ara™, is the world’s first all-in-one smart energy appliance sitting at the heart of the modern energy ecosystem. Combining several breakthrough technologies into one elegant package, Ara™ offers the fastest home EV charging available on the market, a…",45.544959,0,2026-08-06T06:50:23Z,-73.588138,Senior DevOps Specialist,,Adzuna::API::Response::Job,"Montréal, Québec",Adzuna::API::Response::Location,"['Canada', 'Québec', 'Montréal']",Adzuna::API::Response::Category,it-jobs,IT Jobs,dcbel Inc,Adzuna::API::Response::Company,,,
eyJhbGciOiJIUzI1NiJ9.eyJpIjoiNTgzMDM2NDc0MyIsInMiOiJMQk4xOTEtUzhSR0lXOFZNN0xzSkFRIn0.03GGrryh8zroD8eLoLZDpB7CDOZM3QMMaZxjqS1sqCk,5830364743,https://www.adzuna.ca/details/5830364743?utm_medium=api&utm_source=e90db681,"Job Description Job Description Do you want to work at a growing digital agency to foster client relationships and build client success? Do you enjoy collaborating on technical and creative strategies, tracking project progress and success, and working to understand the long-term objectives of clients? We want to evolve with you! We are looking for someone with 6 years experience of working in the account management space. In this role, you’ll collaborate with our project management team and ou…",45.544959,0,2026-08-06T06:50:11Z,-73.588138,Account Manager - Digital Projects,,Adzuna::API::Response::Job,"Montréal, Québec",Adzuna::API::Response::Location,"['Canada', 'Québec', 'Montréal']",Adzuna::API::Response::Category,it-jobs,IT Jobs,Evolving Web,Adzuna::API::Response::Company,,,
eyJhbGciOiJIUzI1NiJ9.eyJpIjoiNTgzMDM2NDY4NiIsInMiOiJMQk4xOTEtUzhSR0lXOFZNN0xzSkFRIn0.VOTOOTbf-RB9RAsRJqsS8-1jU03p7jFO9UNqMmk-x1E,5830364686,https://www.adzuna.ca/details/5830364686?utm_medium=api&utm_source=e90db681,"Job Description Job Description Représentant(e) des ventes TI – Services gérés (MSP) & Intelligence d'affaire Lieu : Rive-Sud de Montréal (mode hybride) Type d'emploi : Temps plein, permanent À propos de Hilo Tech Chez Hilo Tech, nous aidons les entreprises à tirer pleinement parti de la technologie. Notre équipe accompagne les PME québécoises grâce à des services TI gérés (MSP), des solutions de cybersécurité, des infrastructures infonuagiques et des projets d'intelligence artificielle qui amé…",45.531116,0,2026-08-06T06:50:10Z,-73.480282,Représentant(e) des ventes TI - Services gérés (MSP) & Intelligence d'affaire,permanent,Adzuna::API::Response::Job,"Longueuil, Champlain",Adzuna::API::Response::Location,"['Canada', 'Québec', 'Montérégie', 'Champlain', 'Longueuil']",Adzuna::API::Response::Category,it-jobs,IT Jobs,Hilo Tech,Adzuna::API::Response::Company,,,
eyJhbGciOiJIUzI1NiJ9.eyJpIjoiNTgzMDM2NDUyNiIsInMiOiJMQk4xOTEtUzhSR0lXOFZNN0xzSkFRIn0.1VZOW5yms7b7ulYl1hvOwJfkx9js3YTj8f6bVIS75k0,5830364526,https://www.adzuna.ca/details/5830364526?utm_medium=api&utm_source=e90db681,"Job Description Job Description Solution SFT cherche un (e) Analyste programmeur Oracle Forms dans ce poste vous interviendrez dans le cadre d'un projet client qui relève du secteur public dans la ville du Québec . Mode : Télétravail depuis le Canada (présence sur site Québec, si exceptionnellement requise) ACTIVITÉS À RÉALISER • Réaliser l'analyse fonctionnelle • Rédiger ou réviser les dossiers fonctionnels • Rédiger ou réviser le manuel d'exploitation • Effectuer la programmation et les essai…",45.544959,0,2026-08-06T06:50:06Z,-73.588138,Analyste programmeur Oracle Forms,,Adzuna::API::Response::Job,"Montréal, Québec",Adzuna::API::Response::Location,"['Canada', 'Québec', 'Montréal']",Adzuna::API::Response::Category,it-jobs,IT Jobs,Solution SFT,Adzuna::API::Response::Company,,,
eyJhbGciOiJIUzI1NiJ9.eyJzIjoiTEJOMTkxLVM4UkdJVzhWTTdMc0pBUSIsImkiOiI1ODMwMzYzNjk0In0.TKJF46GCovbrRKOBv4wQSuiX3-2PnQScOtOwuhVcBp8,5830363694,https://www.adzuna.ca/details/5830363694?utm_medium=api&utm_source=e90db681,"Job Description Job Description dcbel Inc. (www.dcbel.energy) designs and sells residential products to make clean, efficient, and sustainable energy accessible to all — because everyone in the world deserves energy without compromise. dcbel is at the leading edge of the residential energy revolution. Its products enable decentralized energy consumption and production through its vertically integrated suite of energy hardware and software products, and their supporting infrastructure. Our flags…",45.544959,0,2026-08-06T06:49:57Z,-73.588138,Embedded UI Developer,,Adzuna::API::Response::Job,"Montréal, Québec",Adzuna::API::Response::Location,"['Canada', 'Québec', 'Montréal']",Adzuna::API::Response::Category,it-jobs,IT Jobs,dcbel Inc,Adzuna::API::Response::Company,,,
eyJhbGciOiJIUzI1NiJ9.eyJzIjoiTEJOMTkxLVM4UkdJVzhWTTdMc0pBUSIsImkiOiI1ODMwMzYzNzY5In0.yXE0IUKziOZy-PwTE_wXrEdSY_WEN0mWN_71-uZPLIs,5830363769,https://www.adzuna.ca/details/5830363769?utm_medium=api&utm_source=e90db681,"Job Description Job Description Architecte de sécurité d'entreprise (ASE) À propos de SecureOps SecureOps est un fournisseur de services de sécurité gérés (MSSP) offrant des opérations de sécurité 24/7, des services de détection et réponse gérés (MDR) ainsi que des SOC-as-a-Service à des clients d’entreprise. Notre capacité à offrir des services de sécurité gérés de calibre supérieur repose sur la solidité de nos relations avec des fournisseurs technologiques de premier plan. Nous collaborons a…",45.544959,0,2026-08-06T06:49:57Z,-73.588138,Architecte de sécurité d'entreprise (ASE) / Enterprise Security Architect (ESA),,Adzuna::API::Response::Job,"Montréal, Québec",Adzuna::API::Response::Location,"['Canada', 'Québec', 'Montréal']",Adzuna::API::Response::Category,it-jobs,IT Jobs,SecureOps,Adzuna::API::Response::Company,,,
eyJhbGciOiJIUzI1NiJ9.eyJpIjoiNTgzMDM2MzY0NyIsInMiOiJMQk4xOTEtUzhSR0lXOFZNN0xzSkFRIn0.VaH550DnoGRLZpcJlwBCxan-6xf50DIZCVileq0GvLE,5830363647,https://www.adzuna.ca/details/5830363647?utm_medium=api&utm_source=e90db681,"Job Description Job Description LiveBarn est le leader de l’industrie dans la diffusion en direct et à la demande des sports amateurs et de jeunesse à travers l’Amérique du Nord. Notre plateforme automatisée connecte les familles, les athlètes et les entraîneurs à l’action — à tout moment, en tout lieu — rendant le sport de jeunesse plus accessible et plus connecté que jamais. Nous sommes une entreprise technologique en forte croissance, opérant à l’intersection du sport, des médias et de l’IA,…",45.544959,0,2026-08-06T06:49:55Z,-73.588138,Ingénieur logiciel backend senior,,Adzuna::API::Response::Job,"Montréal, Québec",Adzuna::API::Response::Location,"['Canada', 'Québec', 'Montréal']",Adzuna::API::Response::Category,it-jobs,IT Jobs,LiveBarn,Adzuna::API::Response::Company,,,
eyJhbGciOiJIUzI1NiJ9.eyJpIjoiNTgzMDM2MzY1OSIsInMiOiJMQk4xOTEtUzhSR0lXOFZNN0xzSkFRIn0.XRHsE4OuQ3A4mJEw2zd7bq52bAh1aS2ZxUkS4qZZz14,5830363659,https://www.adzuna.ca/details/5830363659?utm_medium=api&utm_source=e90db681,"Job Description Job Description Tu recherches un nouveau challenge en tant que Développeur·euse Java à Montréal ? Tu es à la bonne place ! Rejoins-nous chez Maplr ! Nous sommes à la recherche de talents exceptionnels comme toi, prêts à contribuer à des projets d'envergure qui façonneront l'avenir du Québec, tout en vivant une aventure humaine incroyable de l'autre côté de l'Atlantique. Qui sommes-nous ? Maplr, c’est une aventure humaine et technologique ! Nous connectons les meilleurs talents t…",45.544959,0,2026-08-06T06:49:55Z,-73.588138,Développeur/Développeuse Java Fullstack,,Adzuna::API::Response::Job,"Montréal, Québec",Adzuna::API::Response::Location,"['Canada', 'Québec', 'Montréal']",Adzuna::API::Response::Category,it-jobs,IT Jobs,Maplr,Adzuna::API::Response::Company,,,
eyJhbGciOiJIUzI1NiJ9.eyJpIjoiNTgzMDM2MzI3NyIsInMiOiJMQk4xOTEtUzhSR0lXOFZNN0xzSkFRIn0.TZyF3CHHjxWpAuqp-_ruzBBGeWY8J-_yhiiH5PLNk9g,5830363277,https://www.adzuna.ca/details/5830363277?utm_medium=api&utm_source=e90db681,Job Description Job Description (English will follow) Joignez-vous à une entreprise basée à Montréal qui aide les organisations du monde entier à créer un parcours personnalisé d'impact et d'épanouissement pour leurs employés. Elle propose des solutions innovantes d'analyse de feedback parce que nous croyons que chaque expérience compte. Le développeur Front-End concevra et développera de nouvelles fonctionnalités et améliorations pour des applications logicielles répondant aux spécifications m…,45.544959,0,2026-08-06T06:49:46Z,-73.588138,Développeur Front-End Angular / Angular Front-End Developer,,Adzuna::API::Response::Job,"Montréal, Québec",Adzuna::API::Response::Location,"['Canada', 'Québec', 'Montréal']",Adzuna::API::Response::Category,it-jobs,IT Jobs,Explorance,Adzuna::API::Response::Company,,,
eyJhbGciOiJIUzI1NiJ9.eyJpIjoiNTgzMDM2MjcyOCIsInMiOiJMQk4xOTEtUzhSR0lXOFZNN0xzSkFRIn0.011BB73aCAMWSr9i3s2v_BbjApOb6zJ2hShfIs1VS_g,5830362728,https://www.adzuna.ca/details/5830362728?utm_medium=api&utm_source=e90db681,"Job Description Job Description Solution SFT cherche un (e) Analyste programmeur en géomatique dans ce poste vous interviendrez dans le cadre d'un projet client qui relève du secteur public dans la ville du Québec . Mode : Télétravail depuis le Canada (présence sur site Québec, si exceptionnellement requise) ACTIVITÉS À RÉALISER • Réaliser des travaux de programmation dans le cadre de l'évolution et de l'optimisation des fonctionnalités applicatives géomatiques • Effectuer la migration de compo…",45.544959,0,2026-08-06T06:49:36Z,-73.588138,Analyste programmeur en géomatique,,Adzuna::API::Response::Job,"Montréal, Québec",Adzuna::API::Response::Location,"['Canada', 'Québec', 'Montréal']",Adzuna::API::Response::Category,it-jobs,IT Jobs,Solution SFT,Adzuna::API::Response::Company,,,
eyJhbGciOiJIUzI1NiJ9.eyJzIjoiTEJOMTkxLVM4UkdJVzhWTTdMc0pBUSIsImkiOiI1ODMwMzYyNjQ2In0.l_PIKZt7_TijhUy82X9SWSI34iNMpRaLTf3FRoofGJY,5830362646,https://www.adzuna.ca/details/5830362646?utm_medium=api&utm_source=e90db681,"Job Description Job Description We are looking for experienced Intermediate and Senior .Net Developers for our client. This is a permanent position that is based in their office in Vancouver. Our client is an Enterprise company that builds SaaS products for Fortune 500 companies. Relocation to Vancouver will be required towards the end of this year. You Have: Minimum 2 years’ experience developing software applications in .Net, coding in C# 3 years' experience with Javascript Experience with me…",45.544959,0,2026-08-06T06:49:28Z,-73.588138,.Net Developer (Intermediate or Senior),permanent,Adzuna::API::Response::Job,"Montréal, Québec",Adzuna::API::Response::Location,"['Canada', 'Québec', 'Montréal']",Adzuna::API::Response::Category,it-jobs,IT Jobs,Targeted Talent,Adzuna::API::Response::Company,,80000.0,130000.0
eyJhbGciOiJIUzI1NiJ9.eyJpIjoiNTgzMDM2MjQ2NCIsInMiOiJMQk4xOTEtUzhSR0lXOFZNN0xzSkFRIn0.JwDKTz31B_k_jLD8uuXwpWaTnZk0_QkWfu-Wx9H2nCY,5830362464,https://www.adzuna.ca/details/5830362464?utm_medium=api&utm_source=e90db681,"Job Description Job Description Salary: Tu recherches un nouveau challenge en tant que Dveloppeureuse Java Montral ? Tu es la bonne place ! Rejoins-nous chez Maplr ! Nous sommes la recherche de talents exceptionnels comme toi, prts contribuer des projets d'envergure qui faonneront l'avenir du Qubec, tout en vivant une aventure humaine incroyable de l'autre ct de l'Atlantique. Qui sommes-nous ? Maplr, cest une aventure humaine et technologique ! Nous connectons les meilleurs talents tech du mond…",45.544959,0,2026-08-06T06:49:22Z,-73.588138,Dveloppeur/Dveloppeuse Java Fullstack,,Adzuna::API::Response::Job,"Montréal, Québec",Adzuna::API::Response::Location,"['Canada', 'Québec', 'Montréal']",Adzuna::API::Response::Category,it-jobs,IT Jobs,Maplr,Adzuna::API::Response::Company,,,
eyJhbGciOiJIUzI1NiJ9.eyJpIjoiNTgzMDM2MTk5NyIsInMiOiJMQk4xOTEtUzhSR0lXOFZNN0xzSkFRIn0.f2WAWRXbIUDuykZoar1day2tpXlPqa-CEArgCxcx51o,5830361997,https://www.adzuna.ca/details/5830361997?utm_medium=api&utm_source=e90db681,"Job Description Job Description About SDA At SDA, we specialize in helping enterprises unlock the full value of the SAP Business Technology Platform (SAP BTP). We do this through two complementary pillars: Products: We design and deliver innovative, user-centric solutions on SAP BTP, available on the SAP Store and trusted by leading enterprises. Services: We provide SAP BTP consulting and advisory services, enabling clients to modernize their SAP landscapes, extend S/4HANA, and embrace clean co…",45.544959,0,2026-08-06T06:49:18Z,-73.588138,SAP BTP Full Stack Developer - Développeur Full Stack SAP BTP,,Adzuna::API::Response::Job,"Montréal, Québec",Adzuna::API::Response::Location,"['Canada', 'Québec', 'Montréal']",Adzuna::API::Response::Category,it-jobs,IT Jobs,SDA,Adzuna::API::Response::Company,,,
eyJhbGciOiJIUzI1NiJ9.eyJpIjoiNTgzMDM2MTg4OCIsInMiOiJMQk4xOTEtUzhSR0lXOFZNN0xzSkFRIn0.B9ooi9ykHKDmHmf-xRXHfZ226NzuV3ic5fa5hUsl41s,5830361888,https://www.adzuna.ca/details/5830361888?utm_medium=api&utm_source=e90db681,"Job Description Job Description [English version will follow] ✨ Rejoignez Toon Boom - Là où la créativité et la technologie se rencontrent ! Depuis plus de 30 ans, Toon Boom est le leader mondial des logiciels d’animation 2D, faisant confiance à des studios de renom tels que Disney, Fox et Netflix. Avec l’innovation au cœur de notre mission, nous permettons aux créatifs du monde entier de donner vie à leurs histoires. Lieu de travail Veuillez noter que notre bureau est situé à Montréal, Québec,…",45.544959,0,2026-08-06T06:49:18Z,-73.588138,"Chef(fe) d'équipe, Développement Web & Infonuagique / Team Lead, Web Development & Cloud",,Adzuna::API::Response::Job,"Montréal, Québec",Adzuna::API::Response::Location,"['Canada', 'Québec', 'Montréal']",Adzuna::API::Response::Category,it-jobs,IT Jobs,Toon Boom Animation Inc.,Adzuna::API::Response::Company,,,
eyJhbGciOiJIUzI1NiJ9.eyJpIjoiNTgzMDM2MTM4MiIsInMiOiJMQk4xOTEtUzhSR0lXOFZNN0xzSkFRIn0.C2v8yXW9TfI9R6oXiuQ4tI2Vfi5NLKAVZ29RI7gDZ9E,5830361382,https://www.adzuna.ca/details/5830361382?utm_medium=api&utm_source=e90db681,"Job Description Job Description Développeur.euse Sénior backend Java/.NET Tu recherches un nouveau challenge en tant que Développeur.euse Sénior Java/.NET à Montréal ? Rejoins-nous chez Maplr, où nous recherchons des talents exceptionnels désireux de contribuer à des projets d’envergure qui façonnent l’avenir du Québec. Qui sommes-nous ? Maplr est une startup canadienne offrant à ses membres du monde entier l’opportunité d’apporter leur expertise dans les meilleurs projets technologiques canadi…",45.544959,0,2026-08-06T06:49:09Z,-73.588138,Consultant.e Sénior backend Java/.NET,contract,Adzuna::API::Response::Job,"Montréal, Québec",Adzuna::API::Response::Location,"['Canada', 'Québec', 'Montréal']",Adzuna::API::Response::Category,it-jobs,IT Jobs,Maplr,Adzuna::API::Response::Company,,,
eyJhbGciOiJIUzI1NiJ9.eyJzIjoiTEJOMTkxLVM4UkdJVzhWTTdMc0pBUSIsImkiOiI1ODMwMzYxMjYxIn0.3GD6h4Ab9lz-lNExzItkKyObiDR86PlVk93QYqJib6s,5830361261,https://www.adzuna.ca/details/5830361261?utm_medium=api&utm_source=e90db681,"Job Description Job Description (English will follow) Rejoignez une entreprise basée à Montréal qui aide les organisations du monde entier à créer un parcours personnalisé d'impact et d'épanouissement pour leurs employés. Explorance offre des solutions innovantes d'analyse des retours d'expérience, car nous croyons que chaque expérience compte. Chez Explorance, nous avons pour mission de créer des logiciels de pointe qui ont un impact sur des millions d’utilisateurs à travers le monde. Nous pro…",45.544959,0,2026-08-06T06:49:05Z,-73.588138,Développeur(se) back-end senior / Senior back-end developer,,Adzuna::API::Response::Job,"Montréal, Québec",Adzuna::API::Response::Location,"['Canada', 'Québec', 'Montréal']",Adzuna::API::Response::Category,it-jobs,IT Jobs,Explorance,Adzuna::API::Response::Company,,,
eyJhbGciOiJIUzI1NiJ9.eyJzIjoiTEJOMTkxLVM4UkdJVzhWTTdMc0pBUSIsImkiOiI1ODMwMzYxMDcxIn0.UXLHTvyw58LZUjS1tU8-DaW6emg4PM9GW7I_b5ieoNs,5830361071,https://www.adzuna.ca/details/5830361071?utm_medium=api&utm_source=e90db681,"Job Description Job Description Build the experiences that bring technology to life. How do you help customers, analysts, and prospects understand the power of a platform before they ever use it? By building technical experiences that make complex capabilities tangible, interactive, and memorable. As a Technical Marketing Engineer on our Technical Marketing team, you'll create the applications, demonstrations, and technical assets that showcase what's possible with Coveo. Working closely with P…",45.544959,0,2026-08-06T06:48:59Z,-73.588138,Technical Marketing Engineer,,Adzuna::API::Response::Job,"Montréal, Québec",Adzuna::API::Response::Location,"['Canada', 'Québec', 'Montréal']",Adzuna::API::Response::Category,it-jobs,IT Jobs,Coveo,Adzuna::API::Response::Company,,,
eyJhbGciOiJIUzI1NiJ9.eyJzIjoiTEJOMTkxLVM4UkdJVzhWTTdMc0pBUSIsImkiOiI1ODMwMzYxMDY2In0.E-QIwKYPj4TxHTsQiy9TbWh61i_hO6nxzQZlnAz6c4M,5830361066,https://www.adzuna.ca/details/5830361066?utm_medium=api&utm_source=e90db681,"Job Description Job Description Gestionnaire de projet / Chef.fe de projet chez Maplr Prêt.e à élever ta carrière en tant que Gestionnaire de projet ? Rejoins-nous chez Maplr, où nous recherchons des talents exceptionnels désireux de contribuer à des projets d’envergure qui façonnent l’avenir du Québec. Qui sommes-nous ? Maplr est une startup canadienne offrant à ses membres du monde entier l’opportunité d’apporter leur expertise dans les meilleurs projets technologiques canadiens. Rejoins-nous…",45.544959,0,2026-08-06T06:48:59Z,-73.588138,Gestionnaire de projet / Chef.fe de projet,contract,Adzuna::API::Response::Job,"Montréal, Québec",Adzuna::API::Response::Location,"['Canada', 'Québec', 'Montréal']",Adzuna::API::Response::Category,it-jobs,IT Jobs,Maplr,Adzuna::API::Response::Company,,,
eyJhbGciOiJIUzI1NiJ9.eyJpIjoiNTgzMDM2MTA2MCIsInMiOiJMQk4xOTEtUzhSR0lXOFZNN0xzSkFRIn0.pK_H5QUmaU5scK1gUqEdmrDnsiMLHdod1QtdNvY1RR8,5830361060,https://www.adzuna.ca/details/5830361060?utm_medium=api&utm_source=e90db681,"Job Description Job Description About SDA At SDA, we develop innovative, user-centric products on the SAP Business Technology Platform (SAP BTP) that integrate seamlessly with SAP backend systems. Our innovations are trusted by leading enterprises and showcased on the SAP Store. We are a lean, ambitious, and values-driven team committed to excellence, integrity, and customer success. The Role We are looking for an experienced SAP BTP Developer to join our team and help implement the latest SAP …",45.544959,0,2026-08-06T06:48:59Z,-73.588138,SAP BTP Developer/ Développeur SAP BTP,,Adzuna::API::Response::Job,"Montréal, Québec",Adzuna::API::Response::Location,"['Canada', 'Québec', 'Montréal']",Adzuna::API::Response::Category,it-jobs,IT Jobs,SDA,Adzuna::API::Response::Company,,,
eyJhbGciOiJIUzI1NiJ9.eyJzIjoiM3VkZ0FtQ1M4UkdKNUtqOXdseVMzUSIsImkiOiI1ODMwMzYwNTcwIn0.s-wg_kx_hsY6-mvZntYuDNM9AEvkMbW3nF11APfe36E,5830360570,https://www.adzuna.ca/details/5830360570?utm_medium=api&utm_source=e90db681,"Job Description Job Description LANDR est une société audio à croissance rapide composée de créatif.ve.s, de technologues, de professionnel.le.s de la musique ainsi que de toutes les combinaisons possibles de ces domaines. Ensemble, nous révolutionnons le processus des créateur.trice.s de musique pour les aider à créer, maîtriser, distribuer et promouvoir leur musique. Nous aimons la musique. Nous aimons les musiciens. Notre mission est de donner aux créateurs et aux créatrices de musique la li…",45.544959,0,2026-08-06T06:48:49Z,-73.588138,Ingénieur plateforme IA / AI Platform Engineer,,Adzuna::API::Response::Job,"Montréal, Québec",Adzuna::API::Response::Location,"['Canada', 'Québec', 'Montréal']",Adzuna::API::Response::Category,it-jobs,IT Jobs,LANDR,Adzuna::API::Response::Company,,,
eyJhbGciOiJIUzI1NiJ9.eyJpIjoiNTgzMDM2MDA3MiIsInMiOiIzdWRnQW1DUzhSR0o1S2o5d2x5UzNRIn0.yVc93Mh2WNTjyGsNCO0soWFDXiwEVM-MVMQDaPeXFOY,5830360072,https://www.adzuna.ca/details/5830360072?utm_medium=api&utm_source=e90db681,"Job Description Job Description TEHORA est présentement à la recherche d'un Analyste d’affaire ayant d’excellentes aptitudes techniques, d’excellentes connaissances et qui souhaite mettre à profit ses compétences au sein d’une équipe polyvalente. Sans être exhaustifs, voici les services et livrables que devra fournir la personne retenue. Description des travaux ou des biens livrables : Prendre connaissance de la documentation existante et des processus actuels; Rencontrer les parties prenantes …",45.544959,0,2026-08-06T06:48:39Z,-73.588138,Analyste affaires,,Adzuna::API::Response::Job,"Montréal, Québec",Adzuna::API::Response::Location,"['Canada', 'Québec', 'Montréal']",Adzuna::API::Response::Category,it-jobs,IT Jobs,TEHORA,Adzuna::API::Response::Company,,,
eyJhbGciOiJIUzI1NiJ9.eyJzIjoiM3VkZ0FtQ1M4UkdKNUtqOXdseVMzUSIsImkiOiI1ODMwMzYwMDQ1In0.qEQA9_lPnyQY4x7HHTfJmRMsCo77CzF5-5oE3rguVuM,5830360045,https://www.adzuna.ca/details/5830360045?utm_medium=api&utm_source=e90db681,"Job Description Job Description Salary: Engllish version will follow. OPAL-RT Technologies recherche un Analyste en Rseaux lectriques propos dOPAL-RT Technologies : Imagineztravailler pour une entreprise qui compte parmi ses clients la NASA, Bombardier, ABB, EMBRAER,MIT,GE, Ford, GM, NREL etHydro-Qubec!OPAL-RTsest donn comme ambitieux dfi dedmocratiser la simulation temps rel afin de la rendre accessible chaque ingnieur et chercheur.En rejoignantle clan des OPALIENS, vous contribuerez la techno…",45.544959,0,2026-08-06T06:48:38Z,-73.588138,Analyste en Rseaux lectriques / Power System Analyst.,,Adzuna::API::Response::Job,"Montréal, Québec",Adzuna::API::Response::Location,"['Canada', 'Québec', 'Montréal']",Adzuna::API::Response::Category,it-jobs,IT Jobs,OPAL-RT,Adzuna::API::Response::Company,,,
eyJhbGciOiJIUzI1NiJ9.eyJpIjoiNTgzMDM1OTk5NSIsInMiOiIzdWRnQW1DUzhSR0o1S2o5d2x5UzNRIn0.AzZ3DnwUBn86tUdxLIHnpABQTs-EgR_Y9wW19fao_8c,5830359995,https://www.adzuna.ca/details/5830359995?utm_medium=api&utm_source=e90db681,"Job Description Job Description Application deadline: August 14, 2026 12:00PM ET Join the EDC Team! At EDC, we support Canadian businesses to succeed globally. We provide the financial tools and expertise they need to explore new markets, reduce risks, all towards the goal of making Canada and the world better through trade. Position: Platform Automation Developer, UiPath, Automation Platforms & ServiceNow CSM Employment Type: Permanent Compensation Details: Software Engineer 17: Salaries typic…",45.544959,0,2026-08-06T06:48:36Z,-73.588138,"Platform Automation Developer, UiPath, Automation Plt. & ServiceNow CSM - 848 EN",permanent,Adzuna::API::Response::Job,"Montréal, Québec",Adzuna::API::Response::Location,"['Canada', 'Québec', 'Montréal']",Adzuna::API::Response::Category,it-jobs,IT Jobs,Export Development Canada | Exportation et développement Canada,Adzuna::API::Response::Company,,,
eyJhbGciOiJIUzI1NiJ9.eyJpIjoiNTgzMDM1OTgwNSIsInMiOiIzdWRnQW1DUzhSR0o1S2o5d2x5UzNRIn0.JOxvr0y6lNrlDfuF7taPX46defxMObtJsO9J4jHynhY,5830359805,https://www.adzuna.ca/details/5830359805?utm_medium=api&utm_source=e90db681,"Job Description Job Description Tu recherches un nouveau challenge en tant qu'Administrateur·trice Plateforme de données Azure à Montréal ? Tu es à la bonne place ! Rejoins-nous chez Maplr ! Nous sommes à la recherche de talents exceptionnels comme toi, prêts à contribuer à des projets d'envergure qui façonneront l'avenir du Québec, tout en vivant une aventure humaine incroyable de l'autre côté de l'Atlantique. Qui sommes-nous ? Maplr, c'est une aventure humaine et technologique ! Nous connecto…",45.544959,0,2026-08-06T06:48:29Z,-73.588138,"Administrateur ou administratrice - Plateforme de données, Azure",,Adzuna::API::Response::Job,"Montréal, Québec",Adzuna::API::Response::Location,"['Canada', 'Québec', 'Montréal']",Adzuna::API::Response::Category,it-jobs,IT Jobs,Maplr,Adzuna::API::Response::Company,,,
eyJhbGciOiJIUzI1NiJ9.eyJzIjoiM3VkZ0FtQ1M4UkdKNUtqOXdseVMzUSIsImkiOiI1ODMwMzU5ODEyIn0.FVJLhzDKZG0J-DBrlCrF4oW3Z_vBwg7NY6Ie3vrILX4,5830359812,https://www.adzuna.ca/details/5830359812?utm_medium=api&utm_source=e90db681,"Job Description Job Description Spécialiste DevOps Cloud chez Maplr Tu cherches un nouveau défi en tant que Spécialiste DevOps Cloud à Montréal ? Rejoins-nous chez Maplr, où nous sommes à la recherche de talents exceptionnels pour accompagner des projets technologiques innovants et stratégiques qui redéfinissent l’avenir du Québec. Qui sommes-nous ? Maplr, c’est une aventure humaine et technologique ! Nous connectons les meilleurs talents tech du monde avec des projets innovants qui façonnent l…",45.544959,0,2026-08-06T06:48:29Z,-73.588138,Spécialiste DevOps Cloud,,Adzuna::API::Response::Job,"Montréal, Québec",Adzuna::API::Response::Location,"['Canada', 'Québec', 'Montréal']",Adzuna::API::Response::Category,it-jobs,IT Jobs,Maplr,Adzuna::API::Response::Company,,,
eyJhbGciOiJIUzI1NiJ9.eyJpIjoiNTgzMDM1OTY3MyIsInMiOiIzdWRnQW1DUzhSR0o1S2o5d2x5UzNRIn0.m62BfyhsAX-wx7ru9ZseQ2H85AgnS1CcyTlQxX1QVno,5830359673,https://www.adzuna.ca/details/5830359673?utm_medium=api&utm_source=e90db681,"Job Description Job Description Tu cherches un nouveau défi en tant que Tech Lead à Montréal ? Rejoins Maplr, où nous sommes à la recherche de talents exceptionnels pour accompagner des projets technologiques innovants et stratégiques qui redéfinissent l’avenir du Québec. Qui sommes-nous ? Maplr, c’est une aventure humaine et technologique ! Nous connectons les meilleurs talents tech du monde avec des projets innovants qui façonnent l’avenir du Québec. Chez Maplr, chaque mission est une opportu…",45.544959,0,2026-08-06T06:48:25Z,-73.588138,Tech Lead Java Cloud,,Adzuna::API::Response::Job,"Montréal, Québec",Adzuna::API::Response::Location,"['Canada', 'Québec', 'Montréal']",Adzuna::API::Response::Category,it-jobs,IT Jobs,Maplr,Adzuna::API::Response::Company,,,
eyJhbGciOiJIUzI1NiJ9.eyJzIjoiM3VkZ0FtQ1M4UkdKNUtqOXdseVMzUSIsImkiOiI1ODMwMzU5MDk1In0.Qi3EuMgNOGLy7MKNqUVagsUa4_IjjSkqUdsl0L-tbIQ,5830359095,https://www.adzuna.ca/details/5830359095?utm_medium=api&utm_source=e90db681,"Job Description Job Description English to follow Description Taiga Motors, une entreprise de technologie et de fabrication de véhicules électriques hors route en pleine expansion, est à la recherche d’un développeur infonuagique pour concevoir et développer les services applicatifs infonuagiques qui alimentent ses véhicules connectés. Dans ce rôle, vous concevrez et développerez des services backend évolutifs qui transforment la télémétrie des véhicules en temps réel en API fiables et en entit…",45.544959,0,2026-08-06T06:48:19Z,-73.588138,Développeur infonuagique / Cloud Developer,,Adzuna::API::Response::Job,"Montréal, Québec",Adzuna::API::Response::Location,"['Canada', 'Québec', 'Montréal']",Adzuna::API::Response::Category,it-jobs,IT Jobs,Taiga Motors,Adzuna::API::Response::Company,,,
eyJhbGciOiJIUzI1NiJ9.eyJzIjoiM3VkZ0FtQ1M4UkdKNUtqOXdseVMzUSIsImkiOiI1ODMwMzU4OTI5In0.IUBhOYWf3ArK4toxHwtxeLmFpiYBhc2qBHkkzAAC9K4,5830358929,https://www.adzuna.ca/details/5830358929?utm_medium=api&utm_source=e90db681,"Job Description Job Description LiveBarn is the industry leader in live and on-demand streaming of amateur and youth sports across North America. Our automated platform connects families, athletes, and coaches to the action—anytime, anywhere—making youth sports more accessible and connected than ever before. We are a fast-growing technology company operating at the intersection of sports, media, and AI, building scalable systems that deliver real-world impact, with a strong focus on innovation,…",45.544959,0,2026-08-06T06:48:18Z,-73.588138,Frontend Software Engineer,,Adzuna::API::Response::Job,"Montréal, Québec",Adzuna::API::Response::Location,"['Canada', 'Québec', 'Montréal']",Adzuna::API::Response::Category,it-jobs,IT Jobs,LiveBarn,Adzuna::API::Response::Company,,,
eyJhbGciOiJIUzI1NiJ9.eyJpIjoiNTgzMDM1OTA0OCIsInMiOiIzdWRnQW1DUzhSR0o1S2o5d2x5UzNRIn0.N1ilVE5e1rDbn9biuykvRShEkuriMSs6CmxXRj081lY,5830359048,https://www.adzuna.ca/details/5830359048?utm_medium=api&utm_source=e90db681,"Job Description Job Description (English will follow) Joignez-vous à une entreprise dont le siège social est situé à Montréal et qui aide les organisations du monde entier à créer un parcours personnalisé d’impact et d’épanouissement pour leurs employés. Explorance offre des solutions novatrices de connaissance des personnes parce que nous croyons que chaque expérience compte. Description du poste En tant qu'analyste des opérations de sécurité, vous serez un membre essentiel de l'équipe SecOps …",45.544959,0,2026-08-06T06:48:18Z,-73.588138,Analyste des opérations de sécurité / Security Operations Analyst,,Adzuna::API::Response::Job,"Montréal, Québec",Adzuna::API::Response::Location,"['Canada', 'Québec', 'Montréal']",Adzuna::API::Response::Category,it-jobs,IT Jobs,Explorance,Adzuna::API::Response::Company,,,
eyJhbGciOiJIUzI1NiJ9.eyJzIjoiM3VkZ0FtQ1M4UkdKNUtqOXdseVMzUSIsImkiOiI1ODMwMzU4MzI1In0.ZeKeh0Lf0dVItgbBzT0YOQdhBJP5elU1wBPsKO9PR5Y,5830358325,https://www.adzuna.ca/details/5830358325?utm_medium=api&utm_source=e90db681,"Job Description Job Description Beyond alerts: help protect our security operations! What if your next investigation could stop a threat before it becomes an incident? As a Senior SOC Analyst, you'll join a small team of experts protecting a cloud-first organization, where you'll investigate incidents, improve detections, automate workflows, and continuously evolve how security operations are done. Working in a modern environment powered by cloud technologies and artificial intelligence (AI), y…",45.544959,0,2026-08-06T06:48:14Z,-73.588138,Senior SOC Analyst,,Adzuna::API::Response::Job,"Montréal, Québec",Adzuna::API::Response::Location,"['Canada', 'Québec', 'Montréal']",Adzuna::API::Response::Category,it-jobs,IT Jobs,Coveo,Adzuna::API::Response::Company,,,
eyJhbGciOiJIUzI1NiJ9.eyJzIjoiM3VkZ0FtQ1M4UkdKNUtqOXdseVMzUSIsImkiOiI1ODMwMzU4MzMxIn0.zAKpFzsnMo8Sgdhfsw2PYlNP7yHIPT83ZyqY6wFRAbM,5830358331,https://www.adzuna.ca/details/5830358331?utm_medium=api&utm_source=e90db681,"Job Description Job Description Nous recherchons un(e) Spécialiste du contrôle des stocks rigoureux(se) qui prendra en charge les vérifications physiques, l’enquête sur les écarts et la production de rapports. Votre travail améliorera directement la précision des stocks, réduira la reprise et soutiendra des registres d’inventaire prêts pour l’audit avec un impact concret sur l’expérience client et l’efficacité opérationnelle. Détails du poste: Lieu : Montréal Type d’emploi : Temps plein (40 heu…",45.544959,0,2026-08-06T06:48:14Z,-73.588138,Spécialiste du contrôle des stocks // Inventory Control Specialist,,Adzuna::API::Response::Job,"Montréal, Québec",Adzuna::API::Response::Location,"['Canada', 'Québec', 'Montréal']",Adzuna::API::Response::Category,it-jobs,IT Jobs,Face to Face Games,Adzuna::API::Response::Company,full_time,,
eyJhbGciOiJIUzI1NiJ9.eyJpIjoiNTgzMDM1ODIwNSIsInMiOiIzdWRnQW1DUzhSR0o1S2o5d2x5UzNRIn0.M9kHAPp4K8D8vJbfBFZQzRA-HREgdvXpOeTpo4vw-0M,5830358205,https://www.adzuna.ca/details/5830358205?utm_medium=api&utm_source=e90db681,"Job Description Job Description Analyste fonctionnel.le TI chez Maplr Tu cherches un nouveau défi en tant qu’Analyste fonctionnel TI à Montréal ? Rejoins-nous chez Maplr, où nous sommes à la recherche de talents exceptionnels pour accompagner des projets technologiques innovants et stratégiques qui redéfinissent l’avenir du Québec. Qui sommes-nous ? Maplr, c’est une aventure humaine et technologique ! Nous connectons les meilleurs talents tech du monde avec des projets innovants qui façonnent l…",45.544959,0,2026-08-06T06:48:12Z,-73.588138,Analyste fonctionnel TI,,Adzuna::API::Response::Job,"Montréal, Québec",Adzuna::API::Response::Location,"['Canada', 'Québec', 'Montréal']",Adzuna::API::Response::Category,it-jobs,IT Jobs,Maplr,Adzuna::API::Response::Company,,,
eyJhbGciOiJIUzI1NiJ9.eyJpIjoiNTgzMDM1NzkxOCIsInMiOiIzdWRnQW1DUzhSR0o1S2o5d2x5UzNRIn0.6D0Jfyhk-p5M9pF4XA6a1JN7SUJb1tc4WI6XHj_b5lA,5830357918,https://www.adzuna.ca/details/5830357918?utm_medium=api&utm_source=e90db681,Job Description Job Description Tech Talent International (SI) supplies technical talent to a variety of clients ranging from Fortune 100/500/1000 companies to small and mid-sized organizations in Canada/US and Europe. We currently have a role as a Senior Fullstack Java Developer with our large consulting client for a major banking services client in the downtown Montreal area. This role can either be a permanent role or a long term contract. Role: Senior Fullstack Java Developer Type: Permanen…,45.544959,0,2026-08-06T06:48:02Z,-73.588138,Senior Fullstack Java Developer,contract,Adzuna::API::Response::Job,"Montréal, Québec",Adzuna::API::Response::Location,"['Canada', 'Québec', 'Montréal']",Adzuna::API::Response::Category,it-jobs,IT Jobs,Tech Talent International,Adzuna::API::Response::Company,,,
eyJhbGciOiJIUzI1NiJ9.eyJpIjoiNTgzMDM1NzY0OCIsInMiOiIzdWRnQW1DUzhSR0o1S2o5d2x5UzNRIn0.dSB4WdXp8PVRvPiaF2tsWzNLSVxYv1KqjUR6RDHIzvo,5830357648,https://www.adzuna.ca/details/5830357648?utm_medium=api&utm_source=e90db681,"Job Description Job Description Tu cherches un nouveau défi en tant qu'Architecte de Solution à Montréal ? Rejoins-nous chez Maplr, où nous sommes à la recherche de talents exceptionnels pour accompagner des projets technologiques innovants et stratégiques qui redéfinissent l’avenir du Québec. Qui sommes-nous ? Maplr, c’est une aventure humaine et technologique ! Nous connectons les meilleurs talents tech du monde avec des projets innovants qui façonnent l’avenir du Québec. Chez Maplr, chaque m…",45.544959,0,2026-08-06T06:47:52Z,-73.588138,Architecte de solution TI,,Adzuna::API::Response::Job,"Montréal, Québec",Adzuna::API::Response::Location,"['Canada', 'Québec', 'Montréal']",Adzuna::API::Response::Category,it-jobs,IT Jobs,Maplr,Adzuna::API::Response::Company,,,
eyJhbGciOiJIUzI1NiJ9.eyJpIjoiNTgzMDM1NzY0MyIsInMiOiIzdWRnQW1DUzhSR0o1S2o5d2x5UzNRIn0.xt3EIe1Mk5JZnsibkQYf5K3Pbq-Nh59TTJEubgtCsUs,5830357643,https://www.adzuna.ca/details/5830357643?utm_medium=api&utm_source=e90db681,"Job Description Job Description Développeur front-end principal (React) / Lead Front-End Developer (React) GenAIz est à la recherche d’un Développeur Front-End Principal pour se joindre à notre petite équipe dynamique montréalaise. Cette personne travaillera avec nos concepteurs, d'autres développeurs et notre équipe d'intelligence artificielle afin de développer notre application Web. Si vous pensez pouvoir faire partie de notre équipe, rejoignez-nous maintenant ! Responsabilités: Embaucher et…",45.544959,0,2026-08-06T06:47:52Z,-73.588138,Développeur front-end principal (React) / Lead Front-End Developer (React),permanent,Adzuna::API::Response::Job,"Montréal, Québec",Adzuna::API::Response::Location,"['Canada', 'Québec', 'Montréal']",Adzuna::API::Response::Category,it-jobs,IT Jobs,GenAIz,Adzuna::API::Response::Company,full_time,,
eyJhbGciOiJIUzI1NiJ9.eyJpIjoiNTgzMDM1NzYyMiIsInMiOiIzdWRnQW1DUzhSR0o1S2o5d2x5UzNRIn0.eVSAL3jm__IflC9M0s7nHjEnpcxTHAcNzI6y2Ox7mBY,5830357622,https://www.adzuna.ca/details/5830357622?utm_medium=api&utm_source=e90db681,"Job Description Job Description Who We Are At KPI, you’ll have the chance to build a career as unique as you are, with the support, inclusive culture, and technology to become the best version of you. And we’re counting on your unique voice and perspective to help KPI become even better. At KPI, our vision is to advance the world through the power of people and technology. Established over 25 years ago in Quebec, KPI is uniquely positioned as a Canadian leader across the Data, Analytics & AI ec…",45.544959,0,2026-08-06T06:47:52Z,-73.588138,Senior Manager-Consulting/ Gestionnaire senior - consultant(e),permanent,Adzuna::API::Response::Job,"Montréal, Québec",Adzuna::API::Response::Location,"['Canada', 'Québec', 'Montréal']",Adzuna::API::Response::Category,it-jobs,IT Jobs,KPI Digital,Adzuna::API::Response::Company,full_time,,
eyJhbGciOiJIUzI1NiJ9.eyJpIjoiNTgzMDM1NjA4NCIsInMiOiIzdWRnQW1DUzhSR0o1S2o5d2x5UzNRIn0.1ZxiovmHXfblEe39FCvbY6yoEWIuC8dnlevC4TD-reI,5830356084,https://www.adzuna.ca/details/5830356084?utm_medium=api&utm_source=e90db681,"Job Description Job Description Qui sommes-nous? Nectari Software Inc. est un leader mondial en matière d'intelligence d'affaires pour les petites et moyennes entreprises. Forts de plusieurs décennies d'expertise et d'une solide base en innovation, notre mission est d'aider les organisations à exploiter pleinement le potentiel de leurs données afin qu'elles puissent prendre des décisions plus intelligentes et plus rapides. Notre solution phare, Nectari, est une solution BI puissante et intuitiv…",45.544959,0,2026-08-06T06:47:33Z,-73.588138,DevOps Engineer - Ingénieur DevOps,,Adzuna::API::Response::Job,"Montréal, Québec",Adzuna::API::Response::Location,"['Canada', 'Québec', 'Montréal']",Adzuna::API::Response::Category,it-jobs,IT Jobs,Nectari Software Inc.,Adzuna::API::Response::Company,,,
eyJhbGciOiJIUzI1NiJ9.eyJzIjoiM3VkZ0FtQ1M4UkdKNUtqOXdseVMzUSIsImkiOiI1ODMwMzU1ODI3In0.6e6J5lXMZJe343Gq5lWh_lOKERflBkLjcyx6hMhf66w,5830355827,https://www.adzuna.ca/details/5830355827?utm_medium=api&utm_source=e90db681,"Job Description Job Description Analyste D'Affaires TI chez Maplr Tu cherches un nouveau défi en tant qu’Analyste d'Affaires TI à Montréal ? Rejoins-nous chez Maplr, où nous sommes à la recherche de talents exceptionnels pour accompagner des projets technologiques innovants et stratégiques qui redéfinissent l’avenir du Québec. Qui sommes-nous ? Maplr, c’est une aventure humaine et technologique ! Nous connectons les meilleurs talents tech du monde avec des projets innovants qui façonnent l’aven…",45.544959,0,2026-08-06T06:47:27Z,-73.588138,Analyste d'affaires TI,,Adzuna::API::Response::Job,"Montréal, Québec",Adzuna::API::Response::Location,"['Canada', 'Québec', 'Montréal']",Adzuna::API::Response::Category,it-jobs,IT Jobs,Maplr,Adzuna::API::Response::Company,,,
eyJhbGciOiJIUzI1NiJ9.eyJzIjoiM3VkZ0FtQ1M4UkdKNUtqOXdseVMzUSIsImkiOiI1ODMwMzU1NzQyIn0.85prAt9u1hcmfIcl4oH-bYyaaQXnYsV2yxT70uDCDZM,5830355742,https://www.adzuna.ca/details/5830355742?utm_medium=api&utm_source=e90db681,"Job Description Job Description Rejoignez une entreprise dont le siège social est à Montréal et qui aide des organisations du monde entier à créer des parcours personnalisés d’impact et d’épanouissement pour leurs employés. Chez Explorance, nous croyons que chaque expérience compte. Grâce à des solutions novatrices en analytique de la rétroaction (Feedback Analytics), nous permettons aux organisations de mieux écouter, d’agir plus rapidement et de générer un changement significatif. À titre d’I…",45.544959,0,2026-08-06T06:47:25Z,-73.588138,Ingénieur logiciel Python /Python Software Engineer,,Adzuna::API::Response::Job,"Montréal, Québec",Adzuna::API::Response::Location,"['Canada', 'Québec', 'Montréal']",Adzuna::API::Response::Category,it-jobs,IT Jobs,Explorance,Adzuna::API::Response::Company,,,
eyJhbGciOiJIUzI1NiJ9.eyJpIjoiNTgzMDM1NTcwNiIsInMiOiIzdWRnQW1DUzhSR0o1S2o5d2x5UzNRIn0.vJWaBDEO2vpVHo7zYDevJ7jKnVn3v_xnZCjFgSl9fU0,5830355706,https://www.adzuna.ca/details/5830355706?utm_medium=api&utm_source=e90db681,"Job Description Job Description LiveBarn is the industry leader in live and on-demand streaming of amateur and youth sports across North America. Our automated platform connects families, athletes, and coaches to the action—anytime, anywhere—making youth sports more accessible and connected than ever before. We are a fast-growing technology company operating at the intersection of sports, media, and AI, building scalable systems that deliver real-world impact, with a strong focus on innovation,…",45.544959,0,2026-08-06T06:47:23Z,-73.588138,Senior Backend Software Engineer,,Adzuna::API::Response::Job,"Montréal, Québec",Adzuna::API::Response::Location,"['Canada', 'Québec', 'Montréal']",Adzuna::API::Response::Category,it-jobs,IT Jobs,LiveBarn,Adzuna::API::Response::Company,,,
eyJhbGciOiJIUzI1NiJ9.eyJpIjoiNTgzMDM1NTYzNSIsInMiOiIzdWRnQW1DUzhSR0o1S2o5d2x5UzNRIn0.0X_S-q6eI5gAXTeVRzu73dtFpH-WixTmgooEtAZGu3k,5830355635,https://www.adzuna.ca/details/5830355635?utm_medium=api&utm_source=e90db681,"Job Description Job Description Description Job Title: Bilingual Loss Prevention Overnight Investigator Location: Toronto or Montreal https://www.uniqlo.com/ca/en/ https://www.fastretailing.com/employment/en/ UNIQLO is a leading brand of the Fast Retailing Group, one of the largest apparel retailers in the world. UNIQLO respects the individuality and lifestyle of all customers and takes pride in creating high-quality, long-lasting, innovative clothing at an affordable price. Position Overview: …",45.544959,0,2026-08-06T06:47:22Z,-73.588138,Bilingual Loss Prevention Overnight Investigator,,Adzuna::API::Response::Job,"Montréal, Québec",Adzuna::API::Response::Location,"['Canada', 'Québec', 'Montréal']",Adzuna::API::Response::Category,it-jobs,IT Jobs,Uniqlo Canada,Adzuna::API::Response::Company,,,
eyJhbGciOiJIUzI1NiJ9.eyJpIjoiNTgzMDM1NTUyOCIsInMiOiIzdWRnQW1DUzhSR0o1S2o5d2x5UzNRIn0.3d5ETS79X9T7t0TGLB8ouQGA_NGkMAeMI8mz3QSRXqc,5830355528,https://www.adzuna.ca/details/5830355528?utm_medium=api&utm_source=e90db681,"Job Description Job Description Salary: Tu cherches un nouveau dfi en tant que Tech Lead Montral ? Rejoins Maplr, o nous sommes la recherche de talents exceptionnels pour accompagner des projets technologiques innovants et stratgiques qui redfinissent lavenir du Qubec. Qui sommes-nous ? Maplr, cest une aventure humaine et technologique ! Nous connectons les meilleurs talents tech du monde avec des projets innovants qui faonnent lavenir du Qubec.Chez Maplr, chaque mission est une opportunit dinn…",45.544959,0,2026-08-06T06:47:19Z,-73.588138,Tech Lead Java Cloud,,Adzuna::API::Response::Job,"Montréal, Québec",Adzuna::API::Response::Location,"['Canada', 'Québec', 'Montréal']",Adzuna::API::Response::Category,it-jobs,IT Jobs,Maplr,Adzuna::API::Response::Company,,,
eyJhbGciOiJIUzI1NiJ9.eyJpIjoiNTgzMDM1NDk2OCIsInMiOiIzdWRnQW1DUzhSR0o1S2o5d2x5UzNRIn0.U8cZCOpw3O4hnXEKwmyVpVFBrKtwyhXMjQ29JZDvhx0,5830354968,https://www.adzuna.ca/details/5830354968?utm_medium=api&utm_source=e90db681,"Job Description Job Description Not your average fintech company As Canada’s leading online lender, Journey Capital is dedicated to helping clients with a collaborative, adaptive, and customer-centric approach. We are setting new benchmarks in the industry by embracing innovation, transparency, and ethical lending standards. About the opportunity We’re hiring a hands-on VP, Product & Innovation to lead product strategy and execution across our lending portfolio. Reporting to the CEO, you’ll own…",45.544959,0,2026-08-06T06:47:04Z,-73.588138,"VP, Product & Innovation",,Adzuna::API::Response::Job,"Montréal, Québec",Adzuna::API::Response::Location,"['Canada', 'Québec', 'Montréal']",Adzuna::API::Response::Category,it-jobs,IT Jobs,Journey Capital,Adzuna::API::Response::Company,,,
eyJhbGciOiJIUzI1NiJ9.eyJpIjoiNTgzMDM1NDgwNiIsInMiOiIzdWRnQW1DUzhSR0o1S2o5d2x5UzNRIn0.N0_ErRijtKkZyERLa5gqgnXzrlgQXcNob7FXLuy3vcE,5830354806,https://www.adzuna.ca/details/5830354806?utm_medium=api&utm_source=e90db681,"Job Description Job Description:\n\nEnglish Description to follow\n\nLANDR est une société audio à croissance rapide composée de créatif.ve.s, de technologues, de professionnel.le.s de la musique ainsi que de toutes les combinaisons possibles de ces domaines. Ensemble, nous révolutionnons le processus des créateur.trice.s de musique pour les aider à créer, maîtriser, distribuer et promouvoir leur musique.\nNous aimons la musique. Nous aimons les musiciens. Notre mission est de donner aux créate…",45.544959,0,2026-08-06T06:46:59Z,-73.588138,Développeur Frontend Sr / Sr Frontend Developer,,Adzuna::API::Response::Job,"Montréal, Québec",Adzuna::API::Response::Location,"['Canada', 'Québec', 'Montréal']",Adzuna::API::Response::Category,it-jobs,IT Jobs,LANDR,Adzuna::API::Response::Company,,,
eyJhbGciOiJIUzI1NiJ9.eyJzIjoiM3VkZ0FtQ1M4UkdKNUtqOXdseVMzUSIsImkiOiI1ODMwMzU0MzYxIn0.yadEtu2JBawHz4eFfMTIWrNDk3GaumZKUzr00NDaPbc,5830354361,https://www.adzuna.ca/details/5830354361?utm_medium=api&utm_source=e90db681,"Job Description Job Description About SDA At SDA, we specialize in helping enterprises unlock the full value of the SAP Business Technology Platform (SAP BTP) . We do this through two complementary pillars: Products : We design and deliver innovative, user-centric solutions on SAP BTP, available on the SAP Store and trusted by leading enterprises. Services : We provide SAP BTP consulting and advisory services, enabling clients to modernize their SAP landscapes, extend S/4HANA, and embrace clean…",45.544959,0,2026-08-06T06:46:52Z,-73.588138,SAP BTP Integration Suite - Architect and Developer,,Adzuna::API::Response::Job,"Montréal, Québec",Adzuna::API::Response::Location,"['Canada', 'Québec', 'Montréal']",Adzuna::API::Response::Category,it-jobs,IT Jobs,SDA,Adzuna::API::Response::Company,,,
eyJhbGciOiJIUzI1NiJ9.eyJpIjoiNTgzMDM1NDI4NSIsInMiOiIzdWRnQW1DUzhSR0o1S2o5d2x5UzNRIn0.OCyp_8IPtulFU05n8mLbY1tJd3Rkistah7712mCOVCI,5830354285,https://www.adzuna.ca/details/5830354285?utm_medium=api&utm_source=e90db681,"Job Description Job Description Les contenants I.M.L d’Amérique du Nord Inc. est une entreprise dynamique qui œuvre dans le domaine de l’emballage alimentaire et qui met de l’avant la collaboration entre les collègues de travail, les relations enrichissantes avec ces derniers et les clients, et qui proscrit à des normes de qualité de très hauts niveaux. Nous sommes actuellement à la recherche de personnes qui désirent s’impliquer dans une entreprise en pleine expansion. Tes responsabilités: Dév…",45.57212,0,2026-08-06T06:46:51Z,-74.27655,DÉVELOPPEUR(EUSE) WEB,,Adzuna::API::Response::Job,"Saint-Andre-d'Argenteuil, Argenteuil",Adzuna::API::Response::Location,"['Canada', 'Québec', 'Laurentides', 'Argenteuil', ""Saint-Andre-d'Argenteuil""]",Adzuna::API::Response::Category,it-jobs,IT Jobs,IML Containers/Labels North America Inc.,Adzuna::API::Response::Company,,,
eyJhbGciOiJIUzI1NiJ9.eyJzIjoiM3VkZ0FtQ1M4UkdKNUtqOXdseVMzUSIsImkiOiI1ODMwMzUyNzc3In0.3hSXd2DUHptMgQYqHArSB5z6_DKiTYdbqpdzzzhy3Rk,5830352777,https://www.adzuna.ca/details/5830352777?utm_medium=api&utm_source=e90db681,"Job Description Job Description Tu cherches un rôle permanent pour construire la prochaine génération d'agents IA en production à Montréal ? Tu es à la bonne place ! Chez Maplr, nous connectons les meilleurs talents tech avec des entreprises qui construisent l'avenir. Aujourd'hui, nous recrutons un·e Software Engineer AI pour l'un de nos clients : une scale-up montréalaise à la pointe de l'IA appliquée pour les opérations financières. Qui est notre client ? Notre client automatise les opération…",45.544959,0,2026-08-06T06:46:41Z,-73.588138,Software Engineer AI,permanent,Adzuna::API::Response::Job,"Montréal, Québec",Adzuna::API::Response::Location,"['Canada', 'Québec', 'Montréal']",Adzuna::API::Response::Category,it-jobs,IT Jobs,Maplr,Adzuna::API::Response::Company,,,
eyJhbGciOiJIUzI1NiJ9.eyJzIjoiM3VkZ0FtQ1M4UkdKNUtqOXdseVMzUSIsImkiOiI1ODMwMzUyODQ2In0.VP18jclqjeElxdOmTkFGEv7jaKdKZwB1Ux-H6pEkwSw,5830352846,https://www.adzuna.ca/details/5830352846?utm_medium=api&utm_source=e90db681,"Job Description Job Description Présentation de l’entreprise Portage CyberTech est un leader canadien en solutions d’identité numérique et de cybersécurité. L’entreprise conçoit des technologies permettant aux organisations publiques et privées de renforcer la confiance numérique, de sécuriser leurs interactions et de protéger les données sensibles. Grâce à son expertise en gestion des identités, en authentification, en signatures électroniques et en services de confiance, Portage CyberTech sou…",45.544959,0,2026-08-06T06:46:41Z,-73.588138,Analyste Assurance Qualité Tests Automatisés/Automated Test Quality Assurance Analyst,,Adzuna::API::Response::Job,"Montréal, Québec",Adzuna::API::Response::Location,"['Canada', 'Québec', 'Montréal']",Adzuna::API::Response::Category,it-jobs,IT Jobs,Portage CyberTech,Adzuna::API::Response::Company,,,
eyJhbGciOiJIUzI1NiJ9.eyJpIjoiNTgzMDM1MTg3OCIsInMiOiIzdWRnQW1DUzhSR0o1S2o5d2x5UzNRIn0.z-QvnbRog2kSSMCFbEOwv7rcKY-cG6oJhYpvYbGdx1I,5830351878,https://www.adzuna.ca/details/5830351878?utm_medium=api&utm_source=e90db681,"Job Description Job Description English version will follow  À propos du rôle Nous sommes à la recherche d’un(e) Administrateur(trice) Systèmes expérimenté(e) pour assurer le maintien, l’optimisation et l’évolution de notre infrastructure TI, tant sur site (on-premise) que dans le cloud (Microsoft Azure). Le titulaire du poste jouera un rôle clé dans la stabilité, la disponibilité et la sécurité des systèmes d’infrastructure. Il/elle travaillera en étroite collaboration avec les équipes TI inte…",45.630158,0,2026-08-06T06:46:18Z,-73.506654,System Administrator - Infrastructure,,Adzuna::API::Response::Job,"Montréal East, Montréal",Adzuna::API::Response::Location,"['Canada', 'Québec', 'Montréal', 'Montréal East']",Adzuna::API::Response::Category,it-jobs,IT Jobs,IT UNLOCK CONSULTING INC.,Adzuna::API::Response::Company,,100.0,110.0
eyJhbGciOiJIUzI1NiJ9.eyJpIjoiNTgzMDM1MTYyNiIsInMiOiIzdWRnQW1DUzhSR0o1S2o5d2x5UzNRIn0.1GiAQObxn4eYEn48FloO9vJRUlg2NOoM8Kw7ytUu07M,5830351626,https://www.adzuna.ca/details/5830351626?utm_medium=api&utm_source=e90db681,"Job Description Job Description Pre-Sales Director - Data & Analytics Group About KPI: KPI Digital helps clients reach their business objectives by identifying required capabilities and by providing the proper data and analytics strategy and foundation allowing handling of all data challenges including enterprise-wide AI scaling. We specialize in Data & Analytics from Strategy, Architecture, Governance, Modern D&A Platform, MDM, and the entire D&A Value Chain (Data Ingestion, Data Pipelines, La…",45.544959,0,2026-08-06T06:46:13Z,-73.588138,Pre-Sales Director Data and Analytics-AI/Directeur avant-vente Données & analytiques,permanent,Adzuna::API::Response::Job,"Montréal, Québec",Adzuna::API::Response::Location,"['Canada', 'Québec', 'Montréal']",Adzuna::API::Response::Category,it-jobs,IT Jobs,KPI Digital,Adzuna::API::Response::Company,full_time,,
eyJhbGciOiJIUzI1NiJ9.eyJpIjoiNTgzMDM1MTQzOSIsInMiOiIzdWRnQW1DUzhSR0o1S2o5d2x5UzNRIn0.WHjWQfiK31Xw9Si3GLd55lpXhincOkEVSDMze3fTyKk,5830351439,https://www.adzuna.ca/details/5830351439?utm_medium=api&utm_source=e90db681,"Job Description Job Description - English to follow - À propos de Stay22 Basée à Montréal, Stay22 aide les créateurs ambitieux et les plateformes numériques à forte intention à transformer leur trafic existant en revenus additionnels, grâce à une technologie qui fonctionne discrètement en arrière-plan. Aujourd'hui, plus de 6 500 créateurs et plateformes font confiance à Stay22, avec plus d'un milliard de dollars en transactions annuelles transitant par la plateforme. Initialement conçue pour le…",45.544959,0,2026-08-06T06:46:06Z,-73.588138,Senior Fullstack Developer - General application,,Adzuna::API::Response::Job,"Montréal, Québec",Adzuna::API::Response::Location,"['Canada', 'Québec', 'Montréal']",Adzuna::API::Response::Category,it-jobs,IT Jobs,Stay22,Adzuna::API::Response::Company,,,
eyJhbGciOiJIUzI1NiJ9.eyJpIjoiNTgzMDM1MTMyNyIsInMiOiIzdWRnQW1DUzhSR0o1S2o5d2x5UzNRIn0.kne8qhrMp2QHQzzmShLd5m2X0Mwu6gbyxBb9LtMfO2Q,5830351327,https://www.adzuna.ca/details/5830351327?utm_medium=api&utm_source=e90db681,"Job Description Job Description La dynamique de votre équipe : Notre équipe rassemble des chefs de produit, des développeurs et des spécialistes des tests aux profils variés, tous unis par une même mission : fournir des intégrations fluides et fiables qui alimentent nos systèmes d'entreprise et nous relient à nos partenaires, à nos clients et aux organismes de réglementation du monde entier. Raisons principales pour lesquelles vous voulez ce poste : Vous aimez vous situer à la croisée des chemi…",45.544959,0,2026-08-06T06:46:02Z,-73.588138,Chef(fe) de produit / Product Owner - Integration,,Adzuna::API::Response::Job,"Montréal, Québec",Adzuna::API::Response::Location,"['Canada', 'Québec', 'Montréal']",Adzuna::API::Response::Category,it-jobs,IT Jobs,Genetec,Adzuna::API::Response::Company,,,
eyJhbGciOiJIUzI1NiJ9.eyJzIjoiM3VkZ0FtQ1M4UkdKNUtqOXdseVMzUSIsImkiOiI1ODMwMzUwOTc5In0.ReGvxanYx_GhtHdleQ4OydmPyrk9GFzh4HtERfhliIw,5830350979,https://www.adzuna.ca/details/5830350979?utm_medium=api&utm_source=e90db681,"Job Description Job Description Information Technology Support Specialist At Digital Days, an IT Support Specialist is responsible for managing their ticket queue and interfacing directly with end-users to help resolve their IT issues. Tasks may relate to desktops, notebooks, and mobile devices on the LAN, WAN/Internet, or Intranet, including private, hybrid, and public cloud systems. This position is optionally 100% remote within the Montreal area. IT Support Specialist Tasks Provide direct te…",45.544959,0,2026-08-06T06:45:50Z,-73.588138,Information Technology Support Specialist / Spécialiste de l'assistance informatique,,Adzuna::API::Response::Job,"Montréal, Québec",Adzuna::API::Response::Location,"['Canada', 'Québec', 'Montréal']",Adzuna::API::Response::Category,it-jobs,IT Jobs,Digital Days,Adzuna::API::Response::Company,,,
eyJhbGciOiJIUzI1NiJ9.eyJzIjoiM3VkZ0FtQ1M4UkdKNUtqOXdseVMzUSIsImkiOiI1ODMwMzUwODk0In0.RI4bKxTNCsA5J-HH8wVdejWnNCCjyfGqsDAduAn_ROc,5830350894,https://www.adzuna.ca/details/5830350894?utm_medium=api&utm_source=e90db681,"Job Description Job Description Solution SFT cherche un (e) Analyste en cybersécurité sénior dans ce poste vous interviendrez dans le cadre d'un projet client qui relève du secteur public dans la ville du Québec . Mode de travail : Télétravail (présentiel sur préavis de 10 jours) Activités à réaliser • De façon non exhaustive ni limitative, les principales activités à réaliser sont reparties sur la sécurité des infrastructures, la protection des renseignements et des identités : • Sécuriser les…",45.544959,0,2026-08-06T06:45:46Z,-73.588138,Analyste en cybersécurité sénior,permanent,Adzuna::API::Response::Job,"Montréal, Québec",Adzuna::API::Response::Location,"['Canada', 'Québec', 'Montréal']",Adzuna::API::Response::Category,it-jobs,IT Jobs,Solution SFT,Adzuna::API::Response::Company,,,
eyJhbGciOiJIUzI1NiJ9.eyJpIjoiNTgzMDM0ODg4OSIsInMiOiIzdWRnQW1DUzhSR0o1S2o5d2x5UzNRIn0.QOOZF0uoLTgmz0FIv6nLbLKOq48JDBQJ2O9BrwENysg,5830348889,https://www.adzuna.ca/details/5830348889?utm_medium=api&utm_source=e90db681,"Job Description Job Description Senior Sales Engineer Pre-Sales / Solutions Engineer Most Sales Engineer roles are about running demos and answering RFPs. This one is about building lasting customer relationships that mature with the product. Our customers are sophisticated data organizations. They've invested heavily in platforms like Snowflake and Databricks. They understand what they need to build. What they need from us is someone who can speak their language, understand their architecture,…",45.544959,0,2026-08-06T06:45:09Z,-73.588138,Senior Sales Engineer,,Adzuna::API::Response::Job,"Montréal, Québec",Adzuna::API::Response::Location,"['Canada', 'Québec', 'Montréal']",Adzuna::API::Response::Category,it-jobs,IT Jobs,Revelate,Adzuna::API::Response::Company,,,
eyJhbGciOiJIUzI1NiJ9.eyJzIjoiM3VkZ0FtQ1M4UkdKNUtqOXdseVMzUSIsImkiOiI1ODMwMzQ4NzAyIn0.7VThIZ8dcg2BHVlXz9iO1ABDw4vIYDLjxdMWyOqAyNM,5830348702,https://www.adzuna.ca/details/5830348702?utm_medium=api&utm_source=e90db681,"Job Description Job Description Offre de collaboration – DevSecOps Azure (IA & agents) Hybride / Remote – Canada (priorité Montréal) ou Europe Consultant ou Permanent senior / mandat long terme Début : dès que possible Mia Innovation : transformer l’IA en solutions robustes et sécurisées Chez Mia Innovation , on accompagne les PME québécoises dans leur transformation numérique en concevant des solutions IA sur mesure , déployées en production chez nos clients , dans leurs environnements Azure. …",45.544959,0,2026-08-06T06:45:03Z,-73.588138,DevSecOps Azure (IA & agents),permanent,Adzuna::API::Response::Job,"Montréal, Québec",Adzuna::API::Response::Location,"['Canada', 'Québec', 'Montréal']",Adzuna::API::Response::Category,it-jobs,IT Jobs,MIA Innovation,Adzuna::API::Response::Company,,,
eyJhbGciOiJIUzI1NiJ9.eyJzIjoiM3VkZ0FtQ1M4UkdKNUtqOXdseVMzUSIsImkiOiI1ODMwMzQ4NjYzIn0.4cKepX011fRQvj21LxMR0li0onIBuENYVJ4VunOfO6g,5830348663,https://www.adzuna.ca/details/5830348663?utm_medium=api&utm_source=e90db681,"Job Description Job Description About BusPas BusPas is an innovative startup revolutionizing urban mobility by transforming everyday urban furniture—starting with bus stops—into intelligent, connected hubs for smart cities . We equip bus stops and related infrastructure with IoT sensors, edge AI computing, solar power, real-time displays, cameras, and two-way audio to create data-driven ecosystems that enhance public transit efficiency, improve multimodal transportation, promote sustainability,…",45.544959,0,2026-08-06T06:45:01Z,-73.588138,Product Lead,,Adzuna::API::Response::Job,"Montréal, Québec",Adzuna::API::Response::Location,"['Canada', 'Québec', 'Montréal']",Adzuna::API::Response::Category,it-jobs,IT Jobs,BusPas,Adzuna::API::Response::Company,,,
eyJhbGciOiJIUzI1NiJ9.eyJzIjoiM3VkZ0FtQ1M4UkdKNUtqOXdseVMzUSIsImkiOiI1ODMwMzQ4NTE3In0.C9NhzZIyJZqTyAdCD-xdGpWgjQWbyazA_tkF2Yr9uKw,5830348517,https://www.adzuna.ca/details/5830348517?utm_medium=api&utm_source=e90db681,"Job Description Job Description (English will follow) Rejoignez une entreprise basée à Montréal qui aide les organisations du monde entier à créer un parcours personnalisé d'impact et d'épanouissement pour leurs employés. Explorance offre des solutions innovantes d'analyse des retours d'expérience, car nous croyons que chaque expérience compte. Chez Explorance, nous avons pour mission de créer des logiciels de pointe qui ont un impact sur des millions d’utilisateurs à travers le monde. Nous pro…",45.544959,0,2026-08-06T06:44:50Z,-73.588138,Développeur(se) Full-Stack / Full-Stack Developer,,Adzuna::API::Response::Job,"Montréal, Québec",Adzuna::API::Response::Location,"['Canada', 'Québec', 'Montréal']",Adzuna::API::Response::Category,it-jobs,IT Jobs,Explorance,Adzuna::API::Response::Company,,,
eyJhbGciOiJIUzI1NiJ9.eyJpIjoiNTgzMDM0ODE4MSIsInMiOiIzdWRnQW1DUzhSR0o1S2o5d2x5UzNRIn0.9NPD-EU1W6pRfVWPHK1LBiUsuIzBK3GjQLS3ecwk_cM,5830348181,https://www.adzuna.ca/details/5830348181?utm_medium=api&utm_source=e90db681,"Job Description Job Description Développeur.euse Sénior .NET chez Maplr Tu recherches un nouveau challenge en tant que Développeur.euse Sénior .NET à Montréal ? Rejoins-nous chez Maplr, où nous recherchons des talents exceptionnels désireux de contribuer à des projets d’envergure qui façonnent l’avenir du Québec. Qui sommes-nous ? Maplr est une startup canadienne offrant à ses membres du monde entier l’opportunité d’apporter leur expertise dans les meilleurs projets technologiques canadiens. Re…",45.544959,0,2026-08-06T06:44:30Z,-73.588138,Développeur.euse Sénior .NET,contract,Adzuna::API::Response::Job,"Montréal, Québec",Adzuna::API::Response::Location,"['Canada', 'Québec', 'Montréal']",Adzuna::API::Response::Category,it-jobs,IT Jobs,Maplr,Adzuna::API::Response::Company,,,
eyJhbGciOiJIUzI1NiJ9.eyJpIjoiNTgzMDM0ODExOCIsInMiOiIzdWRnQW1DUzhSR0o1S2o5d2x5UzNRIn0.GgvYbi2RnXm_FmAFXVGJrp7jMahTIxQiBTByHS9ynHI,5830348118,https://www.adzuna.ca/details/5830348118?utm_medium=api&utm_source=e90db681,"Job Description Job Description (English version will follow) Rejoignez une entreprise basée à Montréal qui aide les organisations du monde entier à créer un parcours personnalisé d'impact et d'épanouissement pour leurs employés. Explorance offre des solutions innovantes d'analyse des retours d'expérience, car nous croyons que chaque expérience compte. Chez Explorance, nous avons pour mission de créer des logiciels de pointe qui ont un impact sur des millions d’utilisateurs à travers le monde. …",45.544959,0,2026-08-06T06:44:26Z,-73.588138,Développeur(se) Back-End .Net (C#) Ingénierie / Back-End Developer .Net(C#),,Adzuna::API::Response::Job,"Montréal, Québec",Adzuna::API::Response::Location,"['Canada', 'Québec', 'Montréal']",Adzuna::API::Response::Category,it-jobs,IT Jobs,Explorance,Adzuna::API::Response::Company,,,
eyJhbGciOiJIUzI1NiJ9.eyJzIjoiM3VkZ0FtQ1M4UkdKNUtqOXdseVMzUSIsImkiOiI1ODMwMzQ4MDYzIn0.nv94d-cedU-c-xw3zVB53zYVSW4sETkXSXPTobhAG0k,5830348063,https://www.adzuna.ca/details/5830348063?utm_medium=api&utm_source=e90db681,"Job Description Job Description Salary: Revau est en pleine expansion et connat une croissance organique soutenue, raffirmant ainsi son engagement transformer lindustrie de lassurance des entreprises. Nous croyons quil existe une faon plus efficace doffrir lassurance des entreprises en liminant les inefficacits, en valorisant lexpertise et en permettant aux courtiers de dvelopper leurs affaires. Si la souscription vous passionne et que vous souhaitez contribuer activement la transformation du s…",45.715103,0,2026-08-06T06:44:24Z,-73.662377,Spcialiste technique en souscription/Technical Underwriting Specialist,,Adzuna::API::Response::Job,"Terrebonne, Les Moulins",Adzuna::API::Response::Location,"['Canada', 'Québec', 'Lanaudière', 'Les Moulins', 'Terrebonne']",Adzuna::API::Response::Category,it-jobs,IT Jobs,REVAU,Adzuna::API::Response::Company,,,
eyJhbGciOiJIUzI1NiJ9.eyJzIjoiM3VkZ0FtQ1M4UkdKNUtqOXdseVMzUSIsImkiOiI1ODMwMzQ3NzY4In0.Mu08e53ZERvKB4y5XIFHtilkL2RTu-lSC_Y0TzXeCFk,5830347768,https://www.adzuna.ca/details/5830347768?utm_medium=api&utm_source=e90db681,"Job Description Job Description *English follows* OPAL-RT Technologies recherche un Testeur de Systèmes Intégrés. En raison de la nature du r ô le, ce poste requiert une présence au bureau de 5 jours par semaine. À propos d’OPAL-RT Technologies : Imaginez travailler pour une entreprise qui compte parmi ses clients la NASA, Bombardier, ABB, EMBRAER, MIT, GE, Ford, GM, NREL et Hydro-Québec! OPAL-RT s’est donné comme ambitieux défi de démocratiser la simulation temps réel afin de la rendre accessi…",45.544959,0,2026-08-06T06:44:09Z,-73.588138,Testeur(euse) de Systèmes Intégrés / Integrated Systems Tester,contract,Adzuna::API::Response::Job,"Montréal, Québec",Adzuna::API::Response::Location,"['Canada', 'Québec', 'Montréal']",Adzuna::API::Response::Category,it-jobs,IT Jobs,OPAL-RT,Adzuna::API::Response::Company,,,
eyJhbGciOiJIUzI1NiJ9.eyJzIjoiM3VkZ0FtQ1M4UkdKNUtqOXdseVMzUSIsImkiOiI1ODMwMzQ3NDgwIn0.Z1MXJ25g516kDyIjix_dbL4G57kK4rx52Y2Mu32LNIo,5830347480,https://www.adzuna.ca/details/5830347480?utm_medium=api&utm_source=e90db681,"Job Description Job Description Administrateur(trice) Réseau – Services gérés TI Rive-Sud de Montréal | Hybride Temps plein | Permanent À propos de Hilo Tech Chez Hilo Tech, nous aidons les PME québécoises à moderniser, sécuriser et optimiser leurs infrastructures TI grâce à nos services gérés, notre expertise en cybersécurité, nos solutions d'intelligence d'affaires et notre plateforme d'IA privée Hilo Intelligence. Notre croissance est rapide, notre équipe est passionnée et nous recherchons u…",45.531116,0,2026-08-06T06:43:54Z,-73.480282,Administrateur(trice) Réseau - Services gérés TI,permanent,Adzuna::API::Response::Job,"Longueuil, Champlain",Adzuna::API::Response::Location,"['Canada', 'Québec', 'Montérégie', 'Champlain', 'Longueuil']",Adzuna::API::Response::Category,it-jobs,IT Jobs,Hilo Tech,Adzuna::API::Response::Company,,,
eyJhbGciOiJIUzI1NiJ9.eyJzIjoiM3VkZ0FtQ1M4UkdKNUtqOXdseVMzUSIsImkiOiI1ODMwMzQ3NDY5In0.wk2Y5_9hC8wXvFL_yUYJAejjo55prM3I094Umfmk0AQ,5830347469,https://www.adzuna.ca/details/5830347469?utm_medium=api&utm_source=e90db681,Job Description Job Description English follows À propos de NorthStar NorthStar Ciel & Terre utilise les données des télescopes optiques comme éléments de base pour créer des services d'information adaptés aux besoins et aux exigences des clients du gouvernement et de l'industrie. Le vaste portefeuille de développement de NorthStar comprend la dynamique des orbites et les algorithmes d'apprentissage automatique pour une variété d'applications de sensibilisation au domaine spatial et de gestion …,45.544959,0,2026-08-06T06:43:54Z,-73.588138,Développeur Logiciel Backend/ Backend Software Developer,,Adzuna::API::Response::Job,"Montréal, Québec",Adzuna::API::Response::Location,"['Canada', 'Québec', 'Montréal']",Adzuna::API::Response::Category,it-jobs,IT Jobs,Northstar Earth and Space,Adzuna::API::Response::Company,,,
eyJhbGciOiJIUzI1NiJ9.eyJpIjoiNTgzMDM0NzAwMyIsInMiOiIzdWRnQW1DUzhSR0o1S2o5d2x5UzNRIn0.oJEBJBwJ-UAnVlC4VfCzfqgXoGQMH6fS_Wflq9V6Rew,5830347003,https://www.adzuna.ca/details/5830347003?utm_medium=api&utm_source=e90db681,"Job Description Job Description Solution SFT cherche un (e) Analyste en sécurité opérationnelle intermédiaire dans ce poste vous interviendrez dans le cadre d'un projet client qui relève du secteur public dans la ville du Québec . Mode de travail : Télétravail (présentiel sur préavis de 10 jours) Activités à réaliser De façon non exhaustive ni limitative, les principales activités à réaliser sont reparties sur l’architecture fonctionnelle, l’analyse fonctionnelle et la réalisation : • Agir à ti…",45.544959,0,2026-08-06T06:43:42Z,-73.588138,Analyste en sécurité opérationnelle intermédiaire,,Adzuna::API::Response::Job,"Montréal, Québec",Adzuna::API::Response::Location,"['Canada', 'Québec', 'Montréal']",Adzuna::API::Response::Category,it-jobs,IT Jobs,Solution SFT,Adzuna::API::Response::Company,,,
eyJhbGciOiJIUzI1NiJ9.eyJpIjoiNTgzMDM0NTk2MSIsInMiOiIzdWRnQW1DUzhSR0o1S2o5d2x5UzNRIn0.1uNKh0oRPxPK9Men9BIBTpmvy5sjQd-GwcEPvz6X-LQ,5830345961,https://www.adzuna.ca/details/5830345961?utm_medium=api&utm_source=e90db681,"Job Description Job Description English version will follow. OPAL-RT Technologies recherche un Concepteur FPGA Expérimenté. À propos d’OPAL-RT Technologies : Fondée en 1997, OPAL-RT Technologies développe et commercialise des logiciels et des simulateurs temps réel parmi les plus avancés au monde. Ces outils sont utilisés par des ingénieurs et des chercheurs de grands fabricants, au sein des services publics, des universités ainsi que des centres de recherche partout à travers le monde. Imagine…",45.544959,0,2026-08-06T06:43:08Z,-73.588138,Concepteur FPGA Expérimenté / Experienced FPGA Designer,,Adzuna::API::Response::Job,"Montréal, Québec",Adzuna::API::Response::Location,"['Canada', 'Québec', 'Montréal']",Adzuna::API::Response::Category,it-jobs,IT Jobs,OPAL-RT,Adzuna::API::Response::Company,,,
eyJhbGciOiJIUzI1NiJ9.eyJpIjoiNTgzMDM0NTQ0NCIsInMiOiIzdWRnQW1DUzhSR0o1S2o5d2x5UzNRIn0.7TjjJK04_7D5wkXAwj1Grdehd1NaTuufnrAksGc30W8,5830345444,https://www.adzuna.ca/details/5830345444?utm_medium=api&utm_source=e90db681,"Job Description Job Description:\n\nKPI Digital is a leading solution provider of Business Analytics and Digital Marketing/Analytics. With over 30-years of industry experience, KPI Digital continuously delivers value to clients across North America, medium-to-large organizations, across multiple industries, including Manufacturing, Banking, Retail, Insurance & Telco. We do this by helping our customers transform their business through multiple use cases, supported by a solid data foundation. \n…",45.544959,0,2026-08-06T06:42:53Z,-73.588138,Director Technical Delivery Lead /Directeur/trice données et analytiques,,Adzuna::API::Response::Job,"Montréal, Québec",Adzuna::API::Response::Location,"['Canada', 'Québec', 'Montréal']",Adzuna::API::Response::Category,it-jobs,IT Jobs,KPI Digital,Adzuna::API::Response::Company,full_time,,
eyJhbGciOiJIUzI1NiJ9.eyJzIjoiM3VkZ0FtQ1M4UkdKNUtqOXdseVMzUSIsImkiOiI1ODMwMzQ0MDU0In0.NBmdYYNqBLljEB0M0ex00JA-OlC0yktMzSJyxuV6kII,5830344054,https://www.adzuna.ca/details/5830344054?utm_medium=api&utm_source=e90db681,"Job Description Job Description:\n\nWe are currently seeking a Director of Professional Services in Montreal, Quebec who is an exceptional leader with a proven ability for providing leadership, direction and mentorship to the team. The Director of Professional Services will be responsible for leading and directing all implementation efforts from project conception to completion extending to support. You will manage all aspects of client on-boarding, Sales hand-off to delivery, consulting practi…",45.544959,0,2026-08-06T06:42:32Z,-73.588138,Director of Professional Services,,Adzuna::API::Response::Job,"Montréal, Québec",Adzuna::API::Response::Location,"['Canada', 'Québec', 'Montréal']",Adzuna::API::Response::Category,it-jobs,IT Jobs,Solutions Metrix,Adzuna::API::Response::Company,,,
eyJhbGciOiJIUzI1NiJ9.eyJzIjoiM3VkZ0FtQ1M4UkdKNUtqOXdseVMzUSIsImkiOiI1ODMwMzQzOTk3In0.vJh5Cqooy9Q8Kl5CD-JAW1B-ADb_9hOcpKpDPaMenwE,5830343997,https://www.adzuna.ca/details/5830343997?utm_medium=api&utm_source=e90db681,"Job Description Job Description [English version will follow] ✨ Rejoignez Toon Boom - Là où la créativité et la technologie se rencontrent ! Depuis plus de 30 ans, Toon Boom est le leader mondial des logiciels d’animation 2D, faisant confiance à des studios de renom tels que Disney, Fox et Netflix. Avec l’innovation au cœur de notre mission, nous permettons aux créatifs du monde entier de donner vie à leurs histoires. Lieu de travail Veuillez noter que notre bureau est situé à Montréal, Québec,…",45.544959,0,2026-08-06T06:42:31Z,-73.588138,Développeur(se) Full Stack senior et Cloud / Senior Full Stack Developer & Cloud,,Adzuna::API::Response::Job,"Montréal, Québec",Adzuna::API::Response::Location,"['Canada', 'Québec', 'Montréal']",Adzuna::API::Response::Category,it-jobs,IT Jobs,Toon Boom Animation Inc.,Adzuna::API::Response::Company,,,
eyJhbGciOiJIUzI1NiJ9.eyJzIjoiZGh1QUNHQ1M4Ukd2ZzZfNUhvbmxVdyIsImkiOiI1ODMwMzQzNTU0In0.zgSL8LYiV18EvCXWL-z1OedDYijJKM8XwVqDgj_OWDI,5830343554,https://www.adzuna.ca/details/5830343554?utm_medium=api&utm_source=e90db681,"Job Description Job Description Salary: Analyste fonctionnel.le TI chez Maplr Tu cherches un nouveau dfi en tant quAnalyste fonctionnel TI Montral ? Rejoins-nous chez Maplr, o nous sommes la recherche de talents exceptionnels pour accompagner des projets technologiques innovants et stratgiques qui redfinissent lavenir du Qubec. Qui sommes-nous ? Maplr, cest une aventure humaine et technologique ! Nous connectons les meilleurs talents tech du monde avec des projets innovants qui faonnent lavenir…",45.544959,0,2026-08-06T06:42:25Z,-73.588138,Analyste fonctionnel TI,,Adzuna::API::Response::Job,"Montréal, Québec",Adzuna::API::Response::Location,"['Canada', 'Québec', 'Montréal']",Adzuna::API::Response::Category,it-jobs,IT Jobs,Maplr,Adzuna::API::Response::Company,,,
eyJhbGciOiJIUzI1NiJ9.eyJzIjoiZGh1QUNHQ1M4Ukd2ZzZfNUhvbmxVdyIsImkiOiI1ODMwMzQzMTQ1In0.FHpNxhmFdDfNsXrMWVRSRUOkTnIwctvn9VyJhk-hTE0,5830343145,https://www.adzuna.ca/details/5830343145?utm_medium=api&utm_source=e90db681,"Job Description Job Description:\n\nDirector Data & Analytics\nAbout KPI:\nAt KPI, you’ll have the chance to build a career as unique as you are, with the support, inclusive culture, and technology to become the best version of you. And we’re counting on your unique voice and perspective to help KPI become even better, too. \nAt KPI, our vision is to advance the world through the power of people and technology.\nEstablished over 20 years ago in Quebec, KPI is uniquely positioned as a Canadian l…",45.544959,0,2026-08-06T06:42:08Z,-73.588138,Director Data & Analytics-AI/Directeur des données et de l'analyse-IA,permanent,Adzuna::API::Response::Job,"Montréal, Québec",Adzuna::API::Response::Location,"['Canada', 'Québec', 'Montréal']",Adzuna::API::Response::Category,it-jobs,IT Jobs,KPI Digital,Adzuna::API::Response::Company,full_time,,
eyJhbGciOiJIUzI1NiJ9.eyJpIjoiNTgzMDM0MjAzNSIsInMiOiJkaHVBQ0dDUzhSR3ZnNl81SG9ubFV3In0.GZsmrXn9PSMsLfCL6KaH-mxbquIcDA3rjlBa1gW-LzQ,5830342035,https://www.adzuna.ca/details/5830342035?utm_medium=api&utm_source=e90db681,"Job Description Job Description At Nöord Technologies , we empower top-tier financial institutions with exceptional talent in banking and capital markets. For the needs of one of our prestigious clients—a major banking actor in Montreal currently experiencing strong growth—we are actively seeking an experienced Windows Desktop Administrator . Key Details Location: Downtown Montreal, QC (Hybrid model after 2 months) Hours: Full-Time (40 hrs/week) | USA Calendar Schedule Contract: 6-Month Contrac…",45.544959,0,2026-08-06T06:41:37Z,-73.588138,Windows Desktop Administrator - 6 month contract,contract,Adzuna::API::Response::Job,"Montréal, Québec",Adzuna::API::Response::Location,"['Canada', 'Québec', 'Montréal']",Adzuna::API::Response::Category,it-jobs,IT Jobs,Nöord Technologies Corporation,Adzuna::API::Response::Company,full_time,1000.0,95000.0
eyJhbGciOiJIUzI1NiJ9.eyJzIjoiZGh1QUNHQ1M4Ukd2ZzZfNUhvbmxVdyIsImkiOiI1ODMwMzQxNzkwIn0.X0j8m_E5iOmUgizSXnShTPlLMO0x10wVwlty3k757-4,5830341790,https://www.adzuna.ca/details/5830341790?utm_medium=api&utm_source=e90db681,"Job Description Job Description Tu cherches un défi ambitieux en tant que Lead AI Engineer à Montréal ? Rejoins MIA Innovation. À propos de nous MIA Innovation est une entreprise québécoise spécialisée en intelligence artificielle appliquée et en développement logiciel sur mesure. Notre mission : concevoir, industrialiser et déployer des solutions IA robustes, utiles et rentables pour les entreprises canadiennes. Nous ne faisons pas des POC qui restent dans un notebook. Nous construisons des sy…",45.544959,0,2026-08-06T06:41:28Z,-73.588138,Lead AI & Data Engineer / Lead Ingénieur/ingénieure IA & Données,,Adzuna::API::Response::Job,"Montréal, Québec",Adzuna::API::Response::Location,"['Canada', 'Québec', 'Montréal']",Adzuna::API::Response::Category,it-jobs,IT Jobs,MIA Innovation,Adzuna::API::Response::Company,,,
eyJhbGciOiJIUzI1NiJ9.eyJpIjoiNTgzMDM0MTYxNCIsInMiOiJkaHVBQ0dDUzhSR3ZnNl81SG9ubFV3In0.8qjQl8CwanFbXKl0xmsEpLlnLCAhibt_XMrk666jc5E,5830341614,https://www.adzuna.ca/details/5830341614?utm_medium=api&utm_source=e90db681,"Job Description Job Description We are looking for an experienced Site Reliability Engineer or Platform Operations Engineer for our client. This is a permanent position that is remote to start with later relocation to Calgary or Winnipeg . Our client is a global enterprise company with a product that you've likely used. You Will: Own development projects, providing technical guidance and delivering against the Platform & Service Operations Engineering roadmap. Designing and Implementing Wargame…",45.544959,0,2026-08-06T06:41:23Z,-73.588138,Site Reliability Engineer / Platform Operations Engineer,permanent,Adzuna::API::Response::Job,"Montréal, Québec",Adzuna::API::Response::Location,"['Canada', 'Québec', 'Montréal']",Adzuna::API::Response::Category,it-jobs,IT Jobs,Targeted Talent,Adzuna::API::Response::Company,,,
eyJhbGciOiJIUzI1NiJ9.eyJzIjoiZGh1QUNHQ1M4Ukd2ZzZfNUhvbmxVdyIsImkiOiI1ODMwMzQxMjI2In0.CbiyLHMLmucClIlOAUutXT55EVu4RKSyNLnHvJ46r_0,5830341226,https://www.adzuna.ca/details/5830341226?utm_medium=api&utm_source=e90db681,"Job Description Job Description Lead Risk Manager, Payment Fraud Toronto Onsite | Full-Time | Hybrid after onboarding | Reports to CEO | LMIA / PNP sponsorship available About the Client Our client is one of Canada's fastest-growing fintech platforms, transforming how consumers pay, save, and earn rewards through a single seamless app. The company processes over USD $100M in annual transaction volume (TPV) with a base of 250,000 users across North America, and its proprietary, fully in-house te…",45.544959,0,2026-08-06T06:41:18Z,-73.588138,"Lead Risk Manager, Payment Fraud",,Adzuna::API::Response::Job,"Montréal, Québec",Adzuna::API::Response::Location,"['Canada', 'Québec', 'Montréal']",Adzuna::API::Response::Category,it-jobs,IT Jobs,Worthland,Adzuna::API::Response::Company,full_time,150000.0,180000.0
eyJhbGciOiJIUzI1NiJ9.eyJpIjoiNTgzMDMzOTU3MyIsInMiOiJkaHVBQ0dDUzhSR3ZnNl81SG9ubFV3In0.bHObNrODRc80cnZQxze6Mgp9sqbNsD2lhRdFQPn0FH8,5830339573,https://www.adzuna.ca/details/5830339573?utm_medium=api&utm_source=e90db681,"Job Description Job Description Alteo is looking for a Network Administrator / Technician for a permanent job based in Montreal.  Remote job from Montreal. Multi-site role with international travel (~10-20%). Spanish is required (full professional fluency, spoken and written) since the majority of the team is located in south America.  You will be responsible for operating a network infrastructure across multiple sites, including facilities abroad. We're looking for a hands-on Network Administr…",45.544959,0,2026-08-06T06:41:04Z,-73.588138,Network Administrator / Technician [4960],permanent,Adzuna::API::Response::Job,"Montréal, Québec",Adzuna::API::Response::Location,"['Canada', 'Québec', 'Montréal']",Adzuna::API::Response::Category,it-jobs,IT Jobs,Alteo,Adzuna::API::Response::Company,,,
eyJhbGciOiJIUzI1NiJ9.eyJpIjoiNTgzMDMzOTUzNiIsInMiOiJkaHVBQ0dDUzhSR3ZnNl81SG9ubFV3In0.8wvNgip2eoR-KBEEcPhQiiyjgMJquxsMhXqan2VjE9A,5830339536,https://www.adzuna.ca/details/5830339536?utm_medium=api&utm_source=e90db681,"Job Description Job Description À propos de KPI : Chez KPI, vous aurez la chance de bâtir une carrière aussi unique que vous, avec le soutien, la culture inclusive et la technologie qui vous permettront de devenir la meilleure version de vous-même. Et nous comptons sur votre voix et votre point de vue uniques pour aider KPI à devenir encore meilleur. Rejoignez une équipe plongée dans un environnement high-tech et très dynamique où les projets et les journées de travail ne se ressemblent jamais.…",45.544959,0,2026-08-06T06:41:03Z,-73.588138,Architecte de solutions Azure/Azure Solution Architect,permanent,Adzuna::API::Response::Job,"Montréal, Québec",Adzuna::API::Response::Location,"['Canada', 'Québec', 'Montréal']",Adzuna::API::Response::Category,it-jobs,IT Jobs,KPI Digital,Adzuna::API::Response::Company,full_time,,
eyJhbGciOiJIUzI1NiJ9.eyJpIjoiNTgzMDMzNTg1MyIsInMiOiJkaHVBQ0dDUzhSR3ZnNl81SG9ubFV3In0.7XnJZKvhl9_tJGfRbtJT7OHFrex-K-eulCEdvKZM3-I,5830335853,https://www.adzuna.ca/details/5830335853?utm_medium=api&utm_source=e90db681,"Description de l'entreprise L'Association Échecs et Maths (AEM) est un organisme sans but lucratif qui a pour but de promouvoir le jeu d'échecs en milieu scolaire au Canada. Cet organisme a été fondé en 1985 et a deux bureaux (Montréal & Toronto), 10 employés et plus de 80 instructeurs d'échecs qualifiés. Nous enseignons les échecs comme activité parascolaire à plus de 10,000 jeunes chaque semaine par le biais de notre programme. Description de l’offre d’emploi L’Association Échecs et Mathémati…",45.544959,0,2026-08-06T06:40:20Z,-73.588138,Agent(e) administratif(ve) senior et responsable des services informatiques,permanent,Adzuna::API::Response::Job,"Montréal, Québec",Adzuna::API::Response::Location,"['Canada', 'Québec', 'Montréal']",Adzuna::API::Response::Category,it-jobs,IT Jobs,Association Échec Et Mathématiques,Adzuna::API::Response::Company,full_time,50000.0,75000.0
eyJhbGciOiJIUzI1NiJ9.eyJpIjoiNTgzMDE2MjU1MCIsInMiOiJkaHVBQ0dDUzhSR3ZnNl81SG9ubFV3In0.OS8hplBkynKZG34n-Yak61vpqFtX3Gk89w6VyUNlsGg,5830162550,https://www.adzuna.ca/details/5830162550?utm_medium=api&utm_source=e90db681,"Job Description Support the validation and continuous refinement of performance requirements, safety thresholds, and key performance indicators (KPIs) for autonomous driving systems through large-scale simulation and real-world data analysis. The engineer will leverage simulation, data analytics, and software development to quantify and refine performance, behavioral, and technical requirements necessary to achieve system safety. The role focuses on safety requirements quantification, including…",45.544959,0,2026-08-06T03:48:54Z,-73.588138,Autonomous Driving Systems Simulation and Data Analysis Engineer,,Adzuna::API::Response::Job,"Montréal, Québec",Adzuna::API::Response::Location,"['Canada', 'Québec', 'Montréal']",Adzuna::API::Response::Category,it-jobs,IT Jobs,CS Group,Adzuna::API::Response::Company,,,
eyJhbGciOiJIUzI1NiJ9.eyJpIjoiNTgzMDE2MjU4NiIsInMiOiJkaHVBQ0dDUzhSR3ZnNl81SG9ubFV3In0.IZMMI2EC28V7qs5evH8x0VZWx2ynPQMLSR-fsS9jXN8,5830162586,https://www.adzuna.ca/details/5830162586?utm_medium=api&utm_source=e90db681,"Job Description In collaboration with the Director, Corporate Solutions, the incumbent is responsible for acting as the SAP FICO functional expert for Transat’s Finance teams. The person identifies business needs, recommends effective solutions, and supports the evolution, optimization, and day-to-day operation of SAP solutions that enable critical financial processes across the organization. Responsibilities Analyze, document, and validate business requirements, business rules, and requests fo…",45.544959,0,2026-08-06T03:48:54Z,-73.588138,Senior Systems Analyst - SAP (FICO),,Adzuna::API::Response::Job,"Montréal, Québec",Adzuna::API::Response::Location,"['Canada', 'Québec', 'Montréal']",Adzuna::API::Response::Category,it-jobs,IT Jobs,Transat AT,Adzuna::API::Response::Company,,,
eyJhbGciOiJIUzI1NiJ9.eyJpIjoiNTgzMDE2MjYwMCIsInMiOiJkaHVBQ0dDUzhSR3ZnNl81SG9ubFV3In0.UcSzcJQUw6plgfYej8NuuxvevuUeqhI-dOWa3Hza6WM,5830162600,https://www.adzuna.ca/details/5830162600?utm_medium=api&utm_source=e90db681,"Description du poste En collaboration avec le Directeur, Solutions corporatives, la personne titulaire du poste agit comme experte fonctionnelle SAP FICO auprès des équipes Finances de Transat. Elle analyse les besoins d’affaires, recommande des solutions performantes et assure l’évolution, l’optimisation et le soutien des systèmes SAP afin de soutenir efficacement les opérations financières de l’organisation. Responsabilités Analyser, documenter et valider les besoins d’affaires, les règles d’…",45.544959,0,2026-08-06T03:48:54Z,-73.588138,Analyste principal.e systèmes SAP (FICO),,Adzuna::API::Response::Job,"Montréal, Québec",Adzuna::API::Response::Location,"['Canada', 'Québec', 'Montréal']",Adzuna::API::Response::Category,it-jobs,IT Jobs,Transat AT,Adzuna::API::Response::Company,,,
eyJhbGciOiJIUzI1NiJ9.eyJzIjoiZGh1QUNHQ1M4Ukd2ZzZfNUhvbmxVdyIsImkiOiI1ODMwMTYyNDAyIn0.ccV1Gjr0MLT9hmnEWxkOBdWxBlvPhHTVLTYbDKmGC6c,5830162402,https://www.adzuna.ca/details/5830162402?utm_medium=api&utm_source=e90db681,"Job Description As a Senior UX Designer at Ubi Montreal , you will help shape the player experience for an ambitious large-scale live-service multiplayer first-person shooter. Working within a small, autonomous team, you will bridge the gap between the game vision and player needs, creating intuitive, scalable, and cohesive experiences across every stage of the player journey. What you’ll do Prepare design work through rigorous discovery research and clear problem definition. Design sustainable…",45.544959,0,2026-08-06T03:48:53Z,-73.588138,Senior UX Designer,,Adzuna::API::Response::Job,"Montréal, Québec",Adzuna::API::Response::Location,"['Canada', 'Québec', 'Montréal']",Adzuna::API::Response::Category,it-jobs,IT Jobs,Ubisoft,Adzuna::API::Response::Company,,,
eyJhbGciOiJIUzI1NiJ9.eyJpIjoiNTgzMDE2MjQwMyIsInMiOiJkaHVBQ0dDUzhSR3ZnNl81SG9ubFV3In0.nABJZx8buGTSl9y6naDNBSit0C4CsOoc-lPTcCM2InM,5830162403,https://www.adzuna.ca/details/5830162403?utm_medium=api&utm_source=e90db681,"Description du poste En tant que Designer UX Senior à Ubi Montréal , vous contribuerez à façonner l’expérience utilisateur d’un ambitieux jeu de tir à la première personne multijoueur en mode « live-service » évoluant dans un environnement à grande échelle. Au sein d’une petite équipe autonome, vous agirez comme pont entre la vision du produit et les besoins des joueurs et joueuses afin de créer des expériences cohérentes, intuitives et évolutives à chaque étape du parcours de jeu. Ce que vous …",45.544959,0,2026-08-06T03:48:53Z,-73.588138,Designer UX senior,,Adzuna::API::Response::Job,"Montréal, Québec",Adzuna::API::Response::Location,"['Canada', 'Québec', 'Montréal']",Adzuna::API::Response::Category,it-jobs,IT Jobs,Ubisoft,Adzuna::API::Response::Company,,,
eyJhbGciOiJIUzI1NiJ9.eyJpIjoiNTgzMDE0NDMwOSIsInMiOiJkaHVBQ0dDUzhSR3ZnNl81SG9ubFV3In0.tKXrTXpDHZIr5J2NLoOI4YlyM_5o0o2m6rvq7MoyMkc,5830144309,https://www.adzuna.ca/details/5830144309?utm_medium=api&utm_source=e90db681,"_When applicable, Bombardier promotes flexible and hybrid work policies._ Why join us? At Bombardier, we design, build and maintain the world's peak-performing aircraft for the world's most discerning people and businesses, governments and militaries. We have been successful in setting the highest standards by putting our people at the heart of it all, and defining excellence, together. Working at Bombardier means operating at the highest level. Every day, you are part of a team that delivers s…",45.448835,0,2026-08-06T02:45:29Z,-73.754293,"Financial Analyst, Controlling and Project",,Adzuna::API::Response::Job,"Dorval, Montréal",Adzuna::API::Response::Location,"['Canada', 'Québec', 'Montréal', 'Dorval']",Adzuna::API::Response::Category,it-jobs,IT Jobs,Bombardier,Adzuna::API::Response::Company,,,
eyJhbGciOiJIUzI1NiJ9.eyJzIjoiZGh1QUNHQ1M4Ukd2ZzZfNUhvbmxVdyIsImkiOiI1ODMwMDg5MjkxIn0.wB1KlalGodG4BgTplm0-OeGQ7Xhj4zeLj66imSEM-ng,5830089291,https://www.adzuna.ca/details/5830089291?utm_medium=api&utm_source=e90db681,"M3C est à la recherche d’un(e) Programmeur-analyste IBM i / AS400 (ID703) pour un poste permanent. Le rôle est offert en mode hybride et le client est établi en Estrie. Nous recherchons une personne ayant une solide expérience en programmation sur IBM i / AS400, capable de contribuer autant à l’analyse des besoins qu’au développement et au soutien des applications. Les responsabilités du titulaire du poste de Programmeur-analyste IBM i / AS400 sont : Analyser les besoins d’affaires des utilisat…",45.535959,0,2026-08-06T01:25:00Z,-73.504405,Permanent - Programmeur-analyste IBM i / AS400 (ID703),permanent,Adzuna::API::Response::Job,"Longueuil, Champlain",Adzuna::API::Response::Location,"['Canada', 'Québec', 'Montérégie', 'Champlain', 'Longueuil']",Adzuna::API::Response::Category,it-jobs,IT Jobs,M3C Recrutement Inc.,Adzuna::API::Response::Company,,115000.0,115000.0
eyJhbGciOiJIUzI1NiJ9.eyJzIjoiZGh1QUNHQ1M4Ukd2ZzZfNUhvbmxVdyIsImkiOiI1ODMwMDg5MzE4In0.hWueJ3_wyYAR9N4dAhi1uXJp1QlDN5FC4ReLFaHDL1w,5830089318,https://www.adzuna.ca/details/5830089318?utm_medium=api&utm_source=e90db681,"At Nöord Technologies , we empower top-tier financial institutions with exceptional talent in banking and capital markets. For the needs of one of our prestigious clients—a major banking actor in Montreal currently experiencing strong growth—we are actively seeking an experienced Windows Desktop Administrator . Key Details Location: Downtown Montreal, QC (Hybrid model after 2 months) Hours: Full-Time (40 hrs/week) | USA Calendar Schedule Contract: 6-Month Contract Work Authorization: Must hold …",45.503528,0,2026-08-06T01:25:00Z,-73.573934,Windows Desktop Administrator - 6 month contract,contract,Adzuna::API::Response::Job,"Westmount, Montréal",Adzuna::API::Response::Location,"['Canada', 'Québec', 'Montréal', 'Westmount']",Adzuna::API::Response::Category,it-jobs,IT Jobs,Nöord Technologies Corporation,Adzuna::API::Response::Company,full_time,,
eyJhbGciOiJIUzI1NiJ9.eyJzIjoiZGh1QUNHQ1M4Ukd2ZzZfNUhvbmxVdyIsImkiOiI1ODMwMDg4OTQ1In0.RsZDIq40NwIwNeaWdE9Xnpuc-ZVZ8V267fad-1-9-TE,5830088945,https://www.adzuna.ca/details/5830088945?utm_medium=api&utm_source=e90db681,"English version will follow  À propos du rôle Nous sommes à la recherche d’un(e) Administrateur(trice) Systèmes expérimenté(e) pour assurer le maintien, l’optimisation et l’évolution de notre infrastructure TI, tant sur site (on-premise) que dans le cloud (Microsoft Azure). Le titulaire du poste jouera un rôle clé dans la stabilité, la disponibilité et la sécurité des systèmes d’infrastructure. Il/elle travaillera en étroite collaboration avec les équipes TI internes ainsi qu’avec des fournisse…",45.640175,0,2026-08-06T01:24:56Z,-73.503077,System Administrator – Infrastructure,permanent,Adzuna::API::Response::Job,"Montréal East, Montréal",Adzuna::API::Response::Location,"['Canada', 'Québec', 'Montréal', 'Montréal East']",Adzuna::API::Response::Category,it-jobs,IT Jobs,IT UNLOCK CONSULTING INC.,Adzuna::API::Response::Company,,100000.0,110000.0
eyJhbGciOiJIUzI1NiJ9.eyJpIjoiNTgzMDA4ODkyMiIsInMiOiJkaHVBQ0dDUzhSR3ZnNl81SG9ubFV3In0.exuVVNW6Kz-YLh-tL0BH8e5d53fHdPm8uMSRtlFqtwA,5830088922,https://www.adzuna.ca/details/5830088922?utm_medium=api&utm_source=e90db681,"Technicien(ne) informatique - Niveau 2 This role requires a strong knowledge of French Nous sommes présentement à la recherche d’un(e) Technicien(ne) informatique pour se joindre à l’équipe de Services TI et contribuer à notre mission. Devenez la face cachée du succès de Solulan! Depuis 1999, Solulan accompagne les organisations dans leur transformation numérique en offrant des services de consultation, d’intégration et de support pour des solutions TI novatrices. Nous sommes fiers de contribue…",45.675208,0,2026-08-06T01:24:56Z,-73.878215,Technicien informatique Niveau 2,permanent,Adzuna::API::Response::Job,"Blainville, Thérèse-De Blainville",Adzuna::API::Response::Location,"['Canada', 'Québec', 'Laurentides', 'Thérèse-De Blainville', 'Blainville']",Adzuna::API::Response::Category,it-jobs,IT Jobs,Solulan,Adzuna::API::Response::Company,,60000.0,70000.0
eyJhbGciOiJIUzI1NiJ9.eyJpIjoiNTgyOTkwMDI3MSIsInMiOiJkaHVBQ0dDUzhSR3ZnNl81SG9ubFV3In0.Am-jMd7uYXd0JCwtyzdk_AVQDpYVMqgj74_2K9j7-vU,5829900271,https://www.adzuna.ca/land/ad/5829900271?se=dhuACGCS8RGvg6_5HonlUw&utm_medium=api&utm_source=e90db681&v=B118AF1B4A98DA4829D873B1DD60C785A79B0CE0,"We are looking for a Global Inventory Management Analyst who will be part of the Inventory Planning team, Parts and Accessories, and who will play a crucial role in delivering analysis and recommendations to optimize the Global inventory while ensuring Parts and Accessories availability to our customers. In collaboration with multiple teams, such as Procurement, Logistics, Product Management, Finance, and Regional teams, you will help define and enforce strategies for healthy inventory based on…",45.544796,0,2026-08-05T22:15:23Z,-73.546382,Analyst Global Inventory Management,,Adzuna::API::Response::Job,"Anjou, Montréal",Adzuna::API::Response::Location,"['Canada', 'Québec', 'Montréal', 'Anjou']",Adzuna::API::Response::Category,it-jobs,IT Jobs,BRP,Adzuna::API::Response::Company,,,
eyJhbGciOiJIUzI1NiJ9.eyJpIjoiNTgyOTkwMDI3MCIsInMiOiJkaHVBQ0dDUzhSR3ZnNl81SG9ubFV3In0.xBRMGKnjSJsNAqVrTsU1vksGnWqj7OPhuzFVeIMqK9E,5829900270,https://www.adzuna.ca/land/ad/5829900270?se=dhuACGCS8RGvg6_5HonlUw&utm_medium=api&utm_source=e90db681&v=CE5B8CCB1597FA019DC47F16ABF5E6B34E292E95,"YOU’LL HAVE THE OPPORTUNITY TO: Collaborate with users to understand their processes and identify relevant information within consumption tax processes. Participate in design and development workshops for financial, sales, and procurement processes. Assimilate the financial data model developed by the current project team. Coordinate and execute activities related to the validation, mapping, cleansing, conversion, and migration of financial data. Collaborate with users to identify and implement…",45.544796,0,2026-08-05T22:15:23Z,-73.546382,SAP & Finance Systems Business Partner,,Adzuna::API::Response::Job,"Anjou, Montréal",Adzuna::API::Response::Location,"['Canada', 'Québec', 'Montréal', 'Anjou']",Adzuna::API::Response::Category,it-jobs,IT Jobs,BRP,Adzuna::API::Response::Company,,,
eyJhbGciOiJIUzI1NiJ9.eyJpIjoiNTgyOTkwMDI0MSIsInMiOiJkaHVBQ0dDUzhSR3ZnNl81SG9ubFV3In0.11d3bcEkEtUFa3bLkuwTCxQlIGTp2VVEqZ39gcGwJQQ,5829900241,https://www.adzuna.ca/land/ad/5829900241?se=dhuACGCS8RGvg6_5HonlUw&utm_medium=api&utm_source=e90db681&v=F281FC2435FB27C536ACC9F36D0CC2D2F3D94D9E,"Tu cherches plus qu’un simple emploi? Viens faire partie des meubles! Chez Meubles RD, on est bien plus qu’un commerce : on est une équipe tissée serrée où le plaisir , l’autonomie , l’innovation , le développement durable et la transparence sont au cœur de tout ce qu’on fait. Ce qu’on t’offre (et pas juste un café gratis!) REER collectif avec contribution de l’employeur REEE en entreprise avec contribution de l'employeur – on pense à ton futur et à celui de tes enfants Assurances collectives (…",45.544796,0,2026-08-05T22:15:20Z,-73.546382,Coordonnateur.trice de contenu web et promotions,,Adzuna::API::Response::Job,"Anjou, Montréal",Adzuna::API::Response::Location,"['Canada', 'Québec', 'Montréal', 'Anjou']",Adzuna::API::Response::Category,it-jobs,IT Jobs,Meubles RD - Sherbrooke,Adzuna::API::Response::Company,full_time,,
eyJhbGciOiJIUzI1NiJ9.eyJzIjoiZGh1QUNHQ1M4Ukd2ZzZfNUhvbmxVdyIsImkiOiI1ODI5ODk4NzcyIn0.p41sDqEAO3agg1X6z3YX1iV9NBzyNmStgihQKaUK_jU,5829898772,https://www.adzuna.ca/land/ad/5829898772?se=dhuACGCS8RGvg6_5HonlUw&utm_medium=api&utm_source=e90db681&v=5ED04165ECA41EC03B9E69C12E86BA5517758994,"Tu cherches plus qu’un simple emploi? Viens faire partie des meubles! Chez Meubles RD, on est bien plus qu’un commerce : on est une équipe tissée serrée où le plaisir , l’autonomie , l’innovation , le développement durable et la transparence sont au cœur de tout ce qu’on fait. Ce qu’on t’offre (et pas juste un café gratis!) REER collectif avec contribution de l’employeur REEE en entreprise avec contribution de l'employeur – on pense à ton futur et à celui de tes enfants Assurances collectives (…",45.462763,0,2026-08-05T22:13:37Z,-73.368706,Coordonnateur.trice de contenu web et promotions,,Adzuna::API::Response::Job,"Saint-Hubert, Champlain",Adzuna::API::Response::Location,"['Canada', 'Québec', 'Montérégie', 'Champlain', 'Saint-Hubert']",Adzuna::API::Response::Category,it-jobs,IT Jobs,Meubles RD - Candiac,Adzuna::API::Response::Company,full_time,,
eyJhbGciOiJIUzI1NiJ9.eyJpIjoiNTgyOTg5MDcwNyIsInMiOiJkaHVBQ0dDUzhSR3ZnNl81SG9ubFV3In0.-pXlZTrggTI0hOsOdCPvUJE3v6IscIgs40aC_f2fIFU,5829890707,https://www.adzuna.ca/details/5829890707?utm_medium=api&utm_source=e90db681,"About the Role We are seeking an experienced Data Center Technician for freelance/contract work in Kirkland, Canada . This is an on-site position supporting mission-critical infrastructure at premier data center facilities. Compensation C$26-36/hr (CAD hourly) Rates vary based on experience level and project complexity. Emergency and after-hours work may qualify for premium rates. Engagement Type Contract/Freelance basis Flexible scheduling available Project-based or ongoing support Remote hand…",45.451188,0,2026-08-05T22:08:21Z,-73.866041,Data Center Technician - Canada - Kirkland - On-site,permanent,Adzuna::API::Response::Job,"Kirkland, Montréal",Adzuna::API::Response::Location,"['Canada', 'Québec', 'Montréal', 'Kirkland']",Adzuna::API::Response::Category,it-jobs,IT Jobs,RM Staffing B.V.,Adzuna::API::Response::Company,full_time,,
eyJhbGciOiJIUzI1NiJ9.eyJzIjoiZGh1QUNHQ1M4Ukd2ZzZfNUhvbmxVdyIsImkiOiI1ODI5ODgzMjYyIn0.7nLfCOQ_PzPrVjIaM-Znhu69zwDGgUncwn-nm9MS_kI,5829883262,https://www.adzuna.ca/details/5829883262?utm_medium=api&utm_source=e90db681,"Location: Montreal, Canada Who We Are Looking For Join our growing team of web developers building enterprise-scale software for the field of integrated risk management . As part of a collaborative Agile team, you will help design, develop, and maintain solutions that keep millions of people safe as they do business around the world. Work in a dynamic and flexible environment alongside a talented, global team using the latest technologies and best practices. What You Will Work On Collaborate wi…",45.544959,0,2026-08-05T21:59:02Z,-73.588138,Front End Developer,permanent,Adzuna::API::Response::Job,"Montréal, Québec",Adzuna::API::Response::Location,"['Canada', 'Québec', 'Montréal']",Adzuna::API::Response::Category,it-jobs,IT Jobs,Crisis24,Adzuna::API::Response::Company,full_time,,
eyJhbGciOiJIUzI1NiJ9.eyJzIjoiZGh1QUNHQ1M4Ukd2ZzZfNUhvbmxVdyIsImkiOiI1ODI5Njc0MzE2In0.R-TB44v4samk6WZAcr__t0ZVg2wgN6U5LQQcMZrov60,5829674316,https://www.adzuna.ca/details/5829674316?utm_medium=api&utm_source=e90db681,"At Lyft, our purpose is to serve and connect. We aim to achieve this by cultivating a work environment where all team members belong and have the opportunity to thrive. Lyft connects people to transportation to change the way we live and get around our communities. Lyft Urban Solutions (LUS) is North America’s leader in micromobility. We own, operate, or provide hardware and software solutions for bikeshare and scootershare programs in 57 global markets including Montreal, London, New York City…",45.544959,0,2026-08-05T19:28:06Z,-73.588138,"Senior Product Manager, Hardware (Stations)",,Adzuna::API::Response::Job,"Montréal, Québec",Adzuna::API::Response::Location,"['Canada', 'Québec', 'Montréal']",Adzuna::API::Response::Category,it-jobs,IT Jobs,Lyft,Adzuna::API::Response::Company,,,
eyJhbGciOiJIUzI1NiJ9.eyJpIjoiNTgyOTY2ODAwNCIsInMiOiJkaHVBQ0dDUzhSR3ZnNl81SG9ubFV3In0.aHWcgEYHlQC9SmYoHtu7c9Mdm_6I3z3WsIA0PFCcdQc,5829668004,https://www.adzuna.ca/details/5829668004?utm_medium=api&utm_source=e90db681,"What if you could redefine what's possible? With us, you can. You want Purpose . Growth . Opportunity. People who get it. We are the home of ambitious, passionate, and innovative world shapers. With an unmatched breadth and depth of engineering, advisory and science-based expertise, our global minds unite to power local solutions. We are pathfinders and impact makers. We are Visioneers . We are WSP . The Opportunity As Senior Manager, Performance & Delivery, [ENTERPRISE], you will lead the perf…",45.544959,0,2026-08-05T19:27:24Z,-73.588138,"Senior Manager, Performance & Delivery [ENTERPRISE]",,Adzuna::API::Response::Job,"Montréal, Québec",Adzuna::API::Response::Location,"['Canada', 'Québec', 'Montréal']",Adzuna::API::Response::Category,it-jobs,IT Jobs,WSP Canada,Adzuna::API::Response::Company,,,
eyJhbGciOiJIUzI1NiJ9.eyJzIjoiZGh1QUNHQ1M4Ukd2ZzZfNUhvbmxVdyIsImkiOiI1ODI5NjYwMDQwIn0.PzjxEUdPVUMurR9CbUt5GldMACISTRSm7YYGubLLeUE,5829660040,https://www.adzuna.ca/details/5829660040?utm_medium=api&utm_source=e90db681,"Aliments Sofina Inc. est actuellement à la recherche d’ un(e) Technicien(ne) en assurance qualité corporative pour un remplacement congé de maternité, à nos bureaux de Beloeil. Relevant du Chef Conformité règlementaire, le titulaire planifie, coordonne et exécute les activités relatives aux données de référence pour l’ensemble des usines au Québec, en Ontario et au Manitoba. Plus particulièrement, le titulaire du poste Coordonne la création, modification, validation et désactivation des données…",45.569724,0,2026-08-05T19:26:43Z,-73.211685,Technicien en assurance qualité corporative,,Adzuna::API::Response::Job,"Beloeil, La Vallée-du-Richelieu",Adzuna::API::Response::Location,"['Canada', 'Québec', 'Montérégie', 'La Vallée-du-Richelieu', 'Beloeil']",Adzuna::API::Response::Category,it-jobs,IT Jobs,Sofina Foods Canada,Adzuna::API::Response::Company,,,
eyJhbGciOiJIUzI1NiJ9.eyJzIjoiZGh1QUNHQ1M4Ukd2ZzZfNUhvbmxVdyIsImkiOiI1ODI5NjYwMDA4In0.cqWUVk2jNJa1-hMWnmKsTr3flreO6ikClg0302yOoAM,5829660008,https://www.adzuna.ca/details/5829660008?utm_medium=api&utm_source=e90db681,"Version française ci-dessous Company Name PBS Systems Job Location Remote (Montreal area) Job Type Full-time, Permanent No. Of Openings Bilingual; Travel across Canada and USA approx. 2 weeks per month Internal Job Title DTO Bilingual Trainer – Sales Reports To Team Lead, Sales PBS is the fastest growing “All Inclusive Business Platform” vendor in North America and we’ve only just begun! PBS has been transforming how people buy and service cars for almost 40 years, becoming the third largest De…",45.544959,0,2026-08-05T19:26:43Z,-73.588138,Automotive Sales Trainer – Training and Implementation (Montreal Remote),permanent,Adzuna::API::Response::Job,"Montréal, Québec",Adzuna::API::Response::Location,"['Canada', 'Québec', 'Montréal']",Adzuna::API::Response::Category,it-jobs,IT Jobs,PBS Systems,Adzuna::API::Response::Company,full_time,,
eyJhbGciOiJIUzI1NiJ9.eyJzIjoiZGh1QUNHQ1M4Ukd2ZzZfNUhvbmxVdyIsImkiOiI1ODI5NjU5MTM5In0.H7q7VOCvDI-G2oIYZ-DHeFOsEv7SL0XXuI9UIKAGB_M,5829659139,https://www.adzuna.ca/details/5829659139?utm_medium=api&utm_source=e90db681,"Nous cherchons des auxiliaires parentales (nounou, garde d'enfant à domicile) pouvant se déplacer sur Mirabel Northeast. Après partage de votre profil via notre site internet, vous pourrez être mis en contact avec les familles cherchant une garde d’enfant. Merci!",45.697524,0,2026-08-05T19:26:37Z,-73.93017,"Cherchons nounou, garde d'enfant ou auxiliaire parentale à Mirabel Northeast J7J",,Adzuna::API::Response::Job,"Mirabel, Thérèse-De Blainville",Adzuna::API::Response::Location,"['Canada', 'Québec', 'Laurentides', 'Thérèse-De Blainville', 'Mirabel']",Adzuna::API::Response::Category,it-jobs,IT Jobs,topnanny.net,Adzuna::API::Response::Company,,,
eyJhbGciOiJIUzI1NiJ9.eyJzIjoiZGh1QUNHQ1M4Ukd2ZzZfNUhvbmxVdyIsImkiOiI1ODI5NjUyMjM4In0.akIHrluZKr-aoR8gdcJE7zxNt1nXRFqQqOw0t1IPzpU,5829652238,https://www.adzuna.ca/details/5829652238?utm_medium=api&utm_source=e90db681,"Do you have a passion for problem-solving and enjoy working with a dynamic and creative team? Do you love learning and working with organizations that make a big impact on the world? Work with other talented and motivated developers as part of our growing WordPress practice. Evolving Web is a team of designers, developers, and technologists specializing in WordPress and Drupal. This position requires 5 years of WordPress experience, ideal for developers with high attention to detail looking to …",45.544959,0,2026-08-05T19:23:30Z,-73.588138,Full Stack WordPress Developer,,Adzuna::API::Response::Job,"Montréal, Québec",Adzuna::API::Response::Location,"['Canada', 'Québec', 'Montréal']",Adzuna::API::Response::Category,it-jobs,IT Jobs,Evolving Web,Adzuna::API::Response::Company,full_time,,
eyJhbGciOiJIUzI1NiJ9.eyJzIjoiZGh1QUNHQ1M4Ukd2ZzZfNUhvbmxVdyIsImkiOiI1ODI5NDAzNTcwIn0.GXW2SpCwsjYikgHQCIl1hWxkeIH1J3_5EFDwa_6KP4k,5829403570,https://www.adzuna.ca/land/ad/5829403570?se=dhuACGCS8RGvg6_5HonlUw&utm_medium=api&utm_source=e90db681&v=CAF8254957DEEA97DD5025E91B0DA79829E3496B,"Nous recherchons un(e) administrateur(trice) réseau autonome, proactif(ve) et orienté(e) sécurité pour soutenir notre expansion technologique. Responsabilités Administration des réseaux, serveurs, sécurité, Microsoft 365 & Azure Monitoring et optimisation (PRTG, Zabbix, etc.) Gestion de la cybersécurité, sauvegardes, VPN, pare-feu, PRA Support aux utilisateurs & documentation Automatisation (PowerShell, scripts) Planification & réalisation de projets TI 3 ans d’expérience en administration rése…",45.544796,0,2026-08-05T16:13:43Z,-73.546382,Administrateur(trice) Réseau / TI,,Adzuna::API::Response::Job,"Anjou, Montréal",Adzuna::API::Response::Location,"['Canada', 'Québec', 'Montréal', 'Anjou']",Adzuna::API::Response::Category,it-jobs,IT Jobs,Confidentiel,Adzuna::API::Response::Company,full_time,,
eyJhbGciOiJIUzI1NiJ9.eyJzIjoiZGh1QUNHQ1M4Ukd2ZzZfNUhvbmxVdyIsImkiOiI1ODI5MzkwNDE3In0.C1-pVQHHqFBApOgJTKxeCp5RssAM47FrDudD0em9pog,5829390417,https://www.adzuna.ca/details/5829390417?utm_medium=api&utm_source=e90db681,"Job Description Is this the right fit? Worth being upfront about how we work: We're looking for someone still close to the technology. You'll spend most of your time leading, but you should be able to get into the details with your team and know what you're looking at. Not everything here is documented. Some of our processes are mature, some aren't. You'll be improving both, and that requires comfort with a certain amount of ambiguity. We value decisions over consensus-building. You'll have the…",45.490563,0,2026-08-05T15:48:29Z,-73.430404,IT Manager,,Adzuna::API::Response::Job,"Saint-Hubert, Champlain",Adzuna::API::Response::Location,"['Canada', 'Québec', 'Montérégie', 'Champlain', 'Saint-Hubert']",Adzuna::API::Response::Category,it-jobs,IT Jobs,Techo-Bloc,Adzuna::API::Response::Company,,,
eyJhbGciOiJIUzI1NiJ9.eyJpIjoiNTgyOTM5MDQzNCIsInMiOiJkaHVBQ0dDUzhSR3ZnNl81SG9ubFV3In0.VZsjAgm2WRImX3wsXIJw3MW22upfHBLSP85kqMSjXts,5829390434,https://www.adzuna.ca/details/5829390434?utm_medium=api&utm_source=e90db681,"Job Description WHY WE NEED YOU Our infrastructure doesn't stand still. Servers, networks, storage, and the systems that monitor them all need someone who treats ""keeping the lights on"" as a floor, not a ceiling — someone who maintains what's there, spots what's about to break, and pushes the environment forward with the rest of the IT team. You'll work close to the ground — configuring, testing, monitoring, patching, troubleshooting — while staying connected to the bigger picture: the infrastr…",45.490563,0,2026-08-05T15:48:29Z,-73.430404,Systems Administrator,,Adzuna::API::Response::Job,"Saint-Hubert, Champlain",Adzuna::API::Response::Location,"['Canada', 'Québec', 'Montérégie', 'Champlain', 'Saint-Hubert']",Adzuna::API::Response::Category,it-jobs,IT Jobs,Techo-Bloc,Adzuna::API::Response::Company,,,
eyJhbGciOiJIUzI1NiJ9.eyJpIjoiNTgyOTM5MDMxNiIsInMiOiJkaHVBQ0dDUzhSR3ZnNl81SG9ubFV3In0.98HczrEWvehcEGEMKDq660JMaEcDJX7CFWxAHEM5VtE,5829390316,https://www.adzuna.ca/details/5829390316?utm_medium=api&utm_source=e90db681,"Description du poste Se rapportant à la Directrice D365 BC, le/la Conseiller(ère) fonctionnel(le) finance, Microsoft BC est un membre clé de notre équipe de pratique Microsoft. En tant que partenaire stratégique, votre expertise sera essentielle pour accompagner nos clients dans le déploiement réussi de la solution Microsoft Dynamics 365 Business Central (BC). Expert(e) reconnu(e) en modules financiers et comptables, vous mettrez à profit votre connaissance approfondie de Business Central, nota…",45.544959,0,2026-08-05T15:48:28Z,-73.588138,"Conseiller(ère) fonctionnel(le) finance, Business Central/NAV | Functional Consultant finance, Microsoft Business Central/NAV",,Adzuna::API::Response::Job,"Montréal, Québec",Adzuna::API::Response::Location,"['Canada', 'Québec', 'Montréal']",Adzuna::API::Response::Category,it-jobs,IT Jobs,Talan,Adzuna::API::Response::Company,,,
eyJhbGciOiJIUzI1NiJ9.eyJpIjoiNTgyOTM5MDMxNyIsInMiOiJkaHVBQ0dDUzhSR3ZnNl81SG9ubFV3In0.ewPbag9wtEvlsO-Nk-Xi3A5TREmNcs0UcIBcq2lEFUk,5829390317,https://www.adzuna.ca/details/5829390317?utm_medium=api&utm_source=e90db681,"Description du poste Se rapportant à la Directrice D365 BC, le/la Conseiller(ère) fonctionnel(le) manufacturier, Microsoft Dynamics 365 Business Central est un membre clé de notre équipe de pratique Microsoft. En tant que partenaire stratégique, votre expertise sera essentielle pour accompagner nos clients dans le déploiement réussi de la solution Microsoft Dynamics 365 Business Central (BC). Expert(e) reconnu(e) en manufacturier, vous mettrez à profit votre connaissance approfondie de Business…",45.544959,0,2026-08-05T15:48:28Z,-73.588138,"Conseiller(ère) fonctionnel(le) manufacturier, Business Central/NAV | Business Central/NAV Manufacturing Functional Consultant",,Adzuna::API::Response::Job,"Montréal, Québec",Adzuna::API::Response::Location,"['Canada', 'Québec', 'Montréal']",Adzuna::API::Response::Category,it-jobs,IT Jobs,Talan,Adzuna::API::Response::Company,,,
eyJhbGciOiJIUzI1NiJ9.eyJpIjoiNTgyOTM4MjUyOCIsInMiOiJkaHVBQ0dDUzhSR3ZnNl81SG9ubFV3In0.Si1bhJsMGolTqvNMFG7OAwqd7NJ4zUjMHqbO6bdxiFI,5829382528,https://www.adzuna.ca/details/5829382528?utm_medium=api&utm_source=e90db681,"Job Description: Role: Java Developer - AI (GitHub Copilot, Claude Code) Location: Montreal- Hybrid in office 3 days a week Face-2-Face interview round required with Client Job Summary We are seeking a highly skilled Java Developer with 7-10 years of experience in designing and building enterprise-grade applications. The ideal candidate should have strong expertise in Core Java, Data Structures & Algorithms, Distributed Systems, Multi-threaded Architecture, and Linux environments. Experience wi…",45.544959,0,2026-08-05T15:20:03Z,-73.588138,"Java Developer - AI (GitHub Copilot, Claude Code)",contract,Adzuna::API::Response::Job,"Montréal, Québec",Adzuna::API::Response::Location,"['Canada', 'Québec', 'Montréal']",Adzuna::API::Response::Category,it-jobs,IT Jobs,Astra North Infoteck Inc.,Adzuna::API::Response::Company,,,
eyJhbGciOiJIUzI1NiJ9.eyJzIjoiZGh1QUNHQ1M4Ukd2ZzZfNUhvbmxVdyIsImkiOiI1ODI5MzgyMzAwIn0.uQBaUl-PAjMYoiVIa1SApek4dyJRJgUm0MPToFZflSM,5829382300,https://www.adzuna.ca/details/5829382300?utm_medium=api&utm_source=e90db681,Nous sommes présentement à la recherche d’un Analyste SAP QM pour un contrat d’une durée de 12 mois avec possibilité de renouvellement. MANDAT • Analyser les billets d'incidents et les demandes de changement soumis • Proposer des solutions à valeur ajoutée selon les besoins d'affaires • Documenter les besoins d'affaires et les configurations requises • Concevoir et exécuter les scénarios de test nécessaires • Suivre les correctifs et les mises à jour périodiques du module QM • Œuvrer dans un en…,45.5099,0,2026-08-05T15:19:39Z,-73.55332,Analyste SAP QM (contrat 12 mois),contract,Adzuna::API::Response::Job,"Westmount, Montréal",Adzuna::API::Response::Location,"['Canada', 'Québec', 'Montréal', 'Westmount']",Adzuna::API::Response::Category,it-jobs,IT Jobs,DELAN,Adzuna::API::Response::Company,,,
eyJhbGciOiJIUzI1NiJ9.eyJzIjoiZGh1QUNHQ1M4Ukd2ZzZfNUhvbmxVdyIsImkiOiI1ODI5MzgyMzEwIn0.3RWd6TJRmscWK4EhxvSjbanXbZVbw19YWROZtg8hy7M,5829382310,https://www.adzuna.ca/details/5829382310?utm_medium=api&utm_source=e90db681,Nous sommes présentement à la recherche d’un Spécialiste Dynamics 365 pour un contrat d’une durée de 12 mois avec possibilité de renouvellement. MANDAT • Paramétrer et configurer la solution Microsoft Dynamics 365 Project Operations • Accompagner les équipes projets dans la structuration des configurations • Analyser les anomalies techniques et assurer le support de niveau 2 • Gérer les mises en production et déploiements entre environnements • Documenter et maintenir à jour les procédures d'ex…,45.5099,0,2026-08-05T15:19:39Z,-73.55332,Spécialiste Dynamics 365 (contrat 12 mois),contract,Adzuna::API::Response::Job,"Westmount, Montréal",Adzuna::API::Response::Location,"['Canada', 'Québec', 'Montréal', 'Westmount']",Adzuna::API::Response::Category,it-jobs,IT Jobs,DELAN,Adzuna::API::Response::Company,,,
eyJhbGciOiJIUzI1NiJ9.eyJpIjoiNTgyOTM1MjM0MyIsInMiOiJkaHVBQ0dDUzhSR3ZnNl81SG9ubFV3In0.C3MQGqarUpk9g4jaHh4z0zuuQ0vGvKdsj_nMeCoo9wg,5829352343,https://www.adzuna.ca/land/ad/5829352343?se=dhuACGCS8RGvg6_5HonlUw&utm_medium=api&utm_source=e90db681&v=19E8A192BAC0E3D6980DA107DCE5C2A8FDCCEECF,"Une carrière en tant qu’analyste principal fonctionnel ou analyste principale fonctionnelle dans l’équipe de la gestion du capital TI, à la Banque Nationale, c’est agir à titre de spécialiste des solutions technologiques soutenant les processus Finance, Risques et Capital. Cet emploi te permet d’avoir un impact positif sur notre organisation, grâce à ton expérience en analyse fonctionnelle, en collaboration inter équipes et en gestion des exigences. Ton emploi Analyser et documenter les besoins…",45.544959,0,2026-08-05T13:17:19Z,-73.588138,Analyste principal fonctionnel,,Adzuna::API::Response::Job,"Montréal, Québec",Adzuna::API::Response::Location,"['Canada', 'Québec', 'Montréal']",Adzuna::API::Response::Category,it-jobs,IT Jobs,Banque Nationale,Adzuna::API::Response::Company,full_time,,
eyJhbGciOiJIUzI1NiJ9.eyJpIjoiNTgyOTM1MDc3MSIsInMiOiJkaHVBQ0dDUzhSR3ZnNl81SG9ubFV3In0.st9F_F1Z9CF0OmdzBgos0X4ovENQZaAbgZkF1IUaxvk,5829350771,https://www.adzuna.ca/land/ad/5829350771?se=dhuACGCS8RGvg6_5HonlUw&utm_medium=api&utm_source=e90db681&v=879275BC8FF3DBE0D49447D2DB5B2E7E8E31AED5,"Assurer la planification, l'administration, le maintien et l'évolution des infrastructures technologiques de l'organisation afin de garantir la disponibilité, la sécurité, la performance et la continuité des services informatiques. Agir à titre d'expert technique, de conseiller auprès de la personne-ressource pour l'équipe TI, les utilisateurs et les partenaires externes. (Poste de remplacement) Responsabilités principales Administration des infrastructures réseau Maintenir les infrastructures …",45.41145,0,2026-08-05T13:15:25Z,-73.68031,Administrateur de réseau,,Adzuna::API::Response::Job,"Kahnawake, Roussillon",Adzuna::API::Response::Location,"['Canada', 'Québec', 'Montérégie', 'Roussillon', 'Kahnawake']",Adzuna::API::Response::Category,it-jobs,IT Jobs,Commision de développement des ressources humaines des Premières Nations du Québec ,Adzuna::API::Response::Company,full_time,,
eyJhbGciOiJIUzI1NiJ9.eyJzIjoiZGh1QUNHQ1M4Ukd2ZzZfNUhvbmxVdyIsImkiOiI1ODI5MjE2Mzg1In0.yhxu2Ed-MyQolE6i22z7qj_7SahYHvQp0gKH4oPUmSw,5829216385,https://www.adzuna.ca/details/5829216385?utm_medium=api&utm_source=e90db681,"Official Internal Job Title: Digital Performance Consultant Status: Regular Job Description: Relevant du Directeur – Performance numérique, vous serez responsable de valoriser les données numériques afin de maximiser la valeur d’affaires générée par la Vice-Présidence - Numérique. Vous définirez la performance numérique, présenterez le suivi de nos indicateurs clés, de l’atteinte de nos cibles et proposerez proactivement des actions permettant d’optimiser notre impact. Vous aurez à collaborer d…",45.531116,0,2026-08-05T11:30:05Z,-73.480282,Digital Performance Consultant,,Adzuna::API::Response::Job,"Longueuil, Champlain",Adzuna::API::Response::Location,"['Canada', 'Québec', 'Montérégie', 'Champlain', 'Longueuil']",Adzuna::API::Response::Category,it-jobs,IT Jobs,IVADO,Adzuna::API::Response::Company,,,
eyJhbGciOiJIUzI1NiJ9.eyJpIjoiNTgyOTE4Nzg0NCIsInMiOiJkaHVBQ0dDUzhSR3ZnNl81SG9ubFV3In0.V3jyjyIkmR5lZzBXd3eUZIYTdl5k9hU4bPrN4Vq30tA,5829187844,https://www.adzuna.ca/details/5829187844?utm_medium=api&utm_source=e90db681,"Position Description: CGI est à la recherche d'un(e) Scrum Master expérimenté(e) pour accompagner des équipes Agile dans la livraison de solutions technologiques stratégiques au sein d'un environnement complexe et en constante évolution. À titre de Scrum Master, vous serez un acteur clé de la réussite des équipes en favorisant l'adoption des meilleures pratiques Agile, la collaboration entre les différentes parties prenantes et la livraison continue de solutions à forte valeur d'affaires. Vous …",45.544959,0,2026-08-05T11:18:26Z,-73.588138,Scrum Master,,Adzuna::API::Response::Job,"Montréal, Québec",Adzuna::API::Response::Location,"['Canada', 'Québec', 'Montréal']",Adzuna::API::Response::Category,it-jobs,IT Jobs,CGI,Adzuna::API::Response::Company,full_time,,
eyJhbGciOiJIUzI1NiJ9.eyJzIjoiZGh1QUNHQ1M4Ukd2ZzZfNUhvbmxVdyIsImkiOiI1ODI5MTg1ODQ5In0.uUrjVDGcETwjtnqX1VqC5kxsmd5pWm2p2m6LnxJRQ2M,5829185849,https://www.adzuna.ca/details/5829185849?utm_medium=api&utm_source=e90db681,"Akur8 est une scale-up InsurTech en forte croissance, dont la mission est de moderniser la façon dont les assureurs évaluent, tarifient et gèrent les risques. Notre plateforme SaaS de nouvelle génération associe machine learning transparent, analyse prédictive et conception intelligente de produits pour transformer des processus complexes d’assurance en systèmes évolutifs et fondés sur les données. Grâce à ses équipes d’engineering, de data, de product et d’actuariat, Akur8 permet aux assureurs…",45.544959,0,2026-08-05T11:17:18Z,-73.588138,Designer Produit Senior / Senior Product Designer,,Adzuna::API::Response::Job,"Montréal, Québec",Adzuna::API::Response::Location,"['Canada', 'Québec', 'Montréal']",Adzuna::API::Response::Category,it-jobs,IT Jobs,Akur8,Adzuna::API::Response::Company,full_time,,
eyJhbGciOiJIUzI1NiJ9.eyJpIjoiNTgyOTE4NTY1MiIsInMiOiJkaHVBQ0dDUzhSR3ZnNl81SG9ubFV3In0.smAtlPEA9wpzyTYxVZqWGE5HyLY90UGub8ZhcDTj9pU,5829185652,https://www.adzuna.ca/details/5829185652?utm_medium=api&utm_source=e90db681,"À PROPOS DE BEEM Chez BEEM, nous transformons la façon dont les entreprises utilisent leurs données, du pipeline jusqu'aux dashboards BI et à l'IA générative, pour qu'elles puissent prendre de meilleures décisions d'affaires. Nous sommes Partenaire AWS Advanced Tier et fiers de ce qu'on a bâti : une plateforme SaaS complète combinée à une équipe d'experts disponible pour accompagner nos clients selon leurs besoins. Nos clients sont des entreprises mid-market en croissance, dans des industries v…",45.51044,0,2026-08-05T11:17:12Z,-73.55286,"Développeur(se) Logiciel Junior, Équipe Data",contract,Adzuna::API::Response::Job,"Westmount, Montréal",Adzuna::API::Response::Location,"['Canada', 'Québec', 'Montréal', 'Westmount']",Adzuna::API::Response::Category,it-jobs,IT Jobs,BEEM,Adzuna::API::Response::Company,full_time,,
eyJhbGciOiJIUzI1NiJ9.eyJpIjoiNTgyOTE4NTYxNiIsInMiOiJkaHVBQ0dDUzhSR3ZnNl81SG9ubFV3In0.33QYRieuA2YcDSEPRf-RwKClLPWgYzRhQswrsmDqKB0,5829185616,https://www.adzuna.ca/details/5829185616?utm_medium=api&utm_source=e90db681,"Position Description: Chez CGI, nous croyons que l’innovation commence par une compréhension approfondie des opérations et des enjeux d’affaires de nos clients. Nous sommes à la recherche d’un(e) Analyste d’affaires et fonctionnel(le) – Supply Chain pour rejoindre nos équipes et contribuer à la transformation des processus logistiques et opérationnels. En tant que consultant(e), vous interviendrez auprès de différents clients pour analyser, optimiser et soutenir la mise en œuvre de solutions li…",45.544959,0,2026-08-05T11:17:10Z,-73.588138,Analyste d’affaires et fonctionnel – Supply Chain,,Adzuna::API::Response::Job,"Montréal, Québec",Adzuna::API::Response::Location,"['Canada', 'Québec', 'Montréal']",Adzuna::API::Response::Category,it-jobs,IT Jobs,CGI,Adzuna::API::Response::Company,full_time,,
eyJhbGciOiJIUzI1NiJ9.eyJzIjoiZGh1QUNHQ1M4Ukd2ZzZfNUhvbmxVdyIsImkiOiI1ODI5MTg1NTc2In0.arzIDu-90vSnI2dAJ2XD2QwR2fqxvg_x7hP8S6Lhk-A,5829185576,https://www.adzuna.ca/details/5829185576?utm_medium=api&utm_source=e90db681," Operational Cybersecurity Analyst  Location: Montreal or Quebec City (Remote)  Employment Type: Permanent  Work Arrangement: Remote work from anywhere in Quebec  Language Requirement: Fluency in French required  About the Role ESI Technologies is a Quebec-based IT consulting firm with over 32 years of experience specializing in information technology services. We support organizations in their digital transformation initiatives, including enterprise architecture, cybersecurity, cloud computing…",45.544959,0,2026-08-05T11:17:08Z,-73.588138,Operational Cybersecurity Analyst,permanent,Adzuna::API::Response::Job,"Montréal, Québec",Adzuna::API::Response::Location,"['Canada', 'Québec', 'Montréal']",Adzuna::API::Response::Category,it-jobs,IT Jobs,ESI English,Adzuna::API::Response::Company,,,
eyJhbGciOiJIUzI1NiJ9.eyJzIjoiZGh1QUNHQ1M4Ukd2ZzZfNUhvbmxVdyIsImkiOiI1ODI5MTg1MzQxIn0.H_X0Djgy231fSZ_QrmOYoKEx46IbqDnPpJSDSdvLjeU,5829185341,https://www.adzuna.ca/details/5829185341?utm_medium=api&utm_source=e90db681,"Livreur-Apprenti ébéniste Beloeil , Canada En tant qu'employé de notre société, vous collaborerez avec chaque départment afin de créer et déployer des produits disruptifs. Venez travailler dans une société en pleine croissance qui vous offre de chouettes avantages, ainsi que des opportunités de progression et d'apprentissage aux côtés de leaders accomplis. Nous recherchons un membre de notre équipe expérimenté. Cette position est à la fois créative et rigoureuse , vous devez pouvoir réfléchir h…",45.569724,0,2026-08-05T11:17:00Z,-73.211685,Livreur-Apprenti ébéniste,,Adzuna::API::Response::Job,"Beloeil, La Vallée-du-Richelieu",Adzuna::API::Response::Location,"['Canada', 'Québec', 'Montérégie', 'La Vallée-du-Richelieu', 'Beloeil']",Adzuna::API::Response::Category,it-jobs,IT Jobs,ReHauss,Adzuna::API::Response::Company,,,
eyJhbGciOiJIUzI1NiJ9.eyJzIjoiZGh1QUNHQ1M4Ukd2ZzZfNUhvbmxVdyIsImkiOiI1ODI5MTg0OTgwIn0.bB_gn0QCVekoqOcMQgIOyM-DlAuHMs3Ct_2YAqH8KCg,5829184980,https://www.adzuna.ca/details/5829184980?utm_medium=api&utm_source=e90db681,"DRW est une société de négoce diversifiée avec plus de 3 décennies d'expérience qui réunit une technologie sophistiquée et des personnes exceptionnelles pour opérer sur les marchés du monde entier. Nous valorisons l'autonomie et la capacité à pivoter rapidement pour saisir les opportunités, c'est pourquoi nous opérons en utilisant notre propre capital et en négociant à nos propres risques. Basée à Chicago et disposant de bureaux aux États-Unis, au Canada, en Europe et en Asie, nous négocions di…",45.544959,0,2026-08-05T11:16:48Z,-73.588138,Coordonnateur(trice) Talents et ressources humaines (Remplacement de Congé de Maternité),,Adzuna::API::Response::Job,"Montréal, Québec",Adzuna::API::Response::Location,"['Canada', 'Québec', 'Montréal']",Adzuna::API::Response::Category,it-jobs,IT Jobs,DRW,Adzuna::API::Response::Company,,,
eyJhbGciOiJIUzI1NiJ9.eyJpIjoiNTgyOTE4Mjk1MiIsInMiOiJkaHVBQ0dDUzhSR3ZnNl81SG9ubFV3In0.LWuW8KCupeag1YV2IWUTHHHfBIruxhp2FxGoemveDLI,5829182952,https://www.adzuna.ca/details/5829182952?utm_medium=api&utm_source=e90db681,"Langue requise : Bilinguisme français / anglais requis Heures de travail par semaine : 37,5 heures par semaine Type de poste : Hybride – 1 jour par semaine au centre-ville de Montréal Durée de la mission : 6 mois, avec possibilité de renouvellement À propos du poste Nous recherchons un Gestionnaire de projet sénior pour piloter une initiative stratégique de modernisation d’applications critiques utilisées dans un environnement manufacturier. Le mandat vise à migrer et moderniser des systèmes le…",45.515359,0,2026-08-05T11:15:18Z,-73.579237,Gestionnaire de projet sénior – Modernisation d’applications assistée par l’IA,contract,Adzuna::API::Response::Job,"Outremont, Montréal",Adzuna::API::Response::Location,"['Canada', 'Québec', 'Montréal', 'Outremont']",Adzuna::API::Response::Category,it-jobs,IT Jobs,Xideral,Adzuna::API::Response::Company,,,
eyJhbGciOiJIUzI1NiJ9.eyJzIjoiQW81aEQyQ1M4UkdqSjVaTnFHbTBmZyIsImkiOiI1ODI5MTgxMjk0In0._R7GX5WR95VqVwF6vmE7t68nCoo_eKm59frSPNuK5iY,5829181294,https://www.adzuna.ca/details/5829181294?utm_medium=api&utm_source=e90db681,"Obsessed with quality and driven to make video games shine? Ready to lead a motivated team and make decisions that directly impact the final player experience? If so, this is an opportunity worth exploring. Why Choose Reflector: Make your mark on an iconic IP. The game we’re developing belongs to a cherished Bandai Namco IP with a fanbase in the millions! Your job is to make sure the quality is flawless. Lead a dedicated team. Guide talented specialists dedicated to delivering high-quality, pla…",45.544959,0,2026-08-05T11:13:05Z,-73.588138,Team Lead Quality Assurance,,Adzuna::API::Response::Job,"Montréal, Québec",Adzuna::API::Response::Location,"['Canada', 'Québec', 'Montréal']",Adzuna::API::Response::Category,it-jobs,IT Jobs,Reflector Entertainment,Adzuna::API::Response::Company,,,
eyJhbGciOiJIUzI1NiJ9.eyJpIjoiNTgyOTE4MDgzNCIsInMiOiJBbzVoRDJDUzhSR2pKNVpOcUdtMGZnIn0.IZb1XHvlmkcK8sHnwGIVagqZXZf50j20t4b_5EixowU,5829180834,https://www.adzuna.ca/details/5829180834?utm_medium=api&utm_source=e90db681,"Purpose of the Position Reporting to the Team Lead, IT Operations, the intern will support the IT team in deploying and maintaining technology operations across the store network and head office. The primary mandate will be to assist teams with store openings, closures, relocations and renovations, while tracking technology equipment, suppliers and the department’s various administrative processes. Key Responsibilities Support IT teams in coordinating store openings, relocations and special pro…",45.544959,0,2026-08-05T11:12:33Z,-73.588138,IT OPERATIONS INTERN,contract,Adzuna::API::Response::Job,"Montréal, Québec",Adzuna::API::Response::Location,"['Canada', 'Québec', 'Montréal']",Adzuna::API::Response::Category,it-jobs,IT Jobs,la Vie en Rose,Adzuna::API::Response::Company,part_time,,
eyJhbGciOiJIUzI1NiJ9.eyJpIjoiNTgyOTE4MDYyNyIsInMiOiJBbzVoRDJDUzhSR2pKNVpOcUdtMGZnIn0.ktKpPLcQxW3ikys3W6dDu2UG2v4G03bRyBUw6qV5Z9Y,5829180627,https://www.adzuna.ca/details/5829180627?utm_medium=api&utm_source=e90db681,"Position Description: We’re looking for a Senior Consultant, Global Compensation & Analytics to join our Global Total Compensation team and help shape how compensation strategy is designed and delivered across a global organization. This is a high-impact role where data, strategy, and HR technology come together to influence decisions at the senior leadership level. Your future duties and responsibilities: -Lead global compensation cycles including salary reviews, incentives, and pay programs -…",45.544959,0,2026-08-05T11:12:19Z,-73.588138,Global Compensation & Analytics,,Adzuna::API::Response::Job,"Montréal, Québec",Adzuna::API::Response::Location,"['Canada', 'Québec', 'Montréal']",Adzuna::API::Response::Category,it-jobs,IT Jobs,CGI,Adzuna::API::Response::Company,full_time,60000.0,110000.0
eyJhbGciOiJIUzI1NiJ9.eyJpIjoiNTgyOTE3NzYxMSIsInMiOiJBbzVoRDJDUzhSR2pKNVpOcUdtMGZnIn0.Xmkr1WgrYXSWGb3ory811OAB91_cWotOfMldPAUcfWA,5829177611,https://www.adzuna.ca/details/5829177611?utm_medium=api&utm_source=e90db681,"⠀ Behind every success is a team of dedicated experts driving us forward. From HR professionals who shape our culture, to IT innovators driving technological advancements, Finance leaders ensuring our growth, Communicators shining a light on our story, and Legal experts safeguarding our future - every role is essential. Our enterprise functions don’t just support; they lead, playing a critical role in shaping the company’s path forward and ensuring both clients and employees are ready for the m…",45.544959,0,2026-08-05T11:08:30Z,-73.588138,Product Marketing Manager,,Adzuna::API::Response::Job,"Montréal, Québec",Adzuna::API::Response::Location,"['Canada', 'Québec', 'Montréal']",Adzuna::API::Response::Category,it-jobs,IT Jobs,CAE,Adzuna::API::Response::Company,full_time,,
eyJhbGciOiJIUzI1NiJ9.eyJzIjoiQW81aEQyQ1M4UkdqSjVaTnFHbTBmZyIsImkiOiI1ODI5MTc3MDkxIn0.ihv0sF-gSszmsXYwT2Ak4vBWgoHb0b9Gy2RKhUShLp4,5829177091,https://www.adzuna.ca/details/5829177091?utm_medium=api&utm_source=e90db681,"Position Description: Développeur ServiceNow Description de poste Le Développeur ServiceNow intervient dans le cadre de mandats de transformation numérique, d’automatisation des processus et d’évolution des plateformes de gestion des services. Il est responsable de la conception, du développement, de la configuration et de l’intégration de solutions ServiceNow répondant aux besoins d’affaires, tout en respectant les standards de qualité, de sécurité et de gouvernance. Dans le contexte des proje…",45.544959,0,2026-08-05T11:08:07Z,-73.588138,Développeur ServiceNow,,Adzuna::API::Response::Job,"Montréal, Québec",Adzuna::API::Response::Location,"['Canada', 'Québec', 'Montréal']",Adzuna::API::Response::Category,it-jobs,IT Jobs,CGI,Adzuna::API::Response::Company,full_time,0.0,80000.0
eyJhbGciOiJIUzI1NiJ9.eyJpIjoiNTgyOTE3NTk1NCIsInMiOiJBbzVoRDJDUzhSR2pKNVpOcUdtMGZnIn0.3n6lKU_GCz7ziY1awccAiFD1Gxpeq8henM-w-o7OgZA,5829175954,https://www.adzuna.ca/details/5829175954?utm_medium=api&utm_source=e90db681,"Position Description: Mode de travail: Hybride, 2 3 jours/semaine en présentiel Analyste d'affaires sénior – Construction lourde et ERP Nous recherchons un(e) analyste d'affaires sénior possédant une solide connaissance du secteur de la construction lourde et du génie civil afin de contribuer à un important projet de transformation numérique et d'implantation d'un ERP Microsoft Dynamics 365. La personne sélectionnée jouera un rôle clé dans l'analyse, la documentation et l'optimisation des proce…",45.544959,0,2026-08-05T11:07:13Z,-73.588138,Analyste affaires Sr Construction Lourde,,Adzuna::API::Response::Job,"Montréal, Québec",Adzuna::API::Response::Location,"['Canada', 'Québec', 'Montréal']",Adzuna::API::Response::Category,it-jobs,IT Jobs,CGI,Adzuna::API::Response::Company,full_time,,
eyJhbGciOiJIUzI1NiJ9.eyJzIjoiQW81aEQyQ1M4UkdqSjVaTnFHbTBmZyIsImkiOiI1ODI5MTc1Njc3In0.dQHc4JJktsgDMUzS_-CquWJ4rG86POjES_f3Vo8ECpw,5829175677,https://www.adzuna.ca/details/5829175677?utm_medium=api&utm_source=e90db681,"About Behavox Behavox is a cloud-native AI company providing an integrated controls platform for global banks, asset managers, hedge funds, private equity firms, insurance businesses, and commodity firms. The platform unifies communications and trade surveillance, compliant archiving, policy management as well as front-office analytics on a single, AI-native technology stack, delivered as a globally scalable SaaS-based cloud service. At Behavox, our engineering culture is built around speed, ex…",45.544959,0,2026-08-05T11:06:55Z,-73.588138,Delivery Manager 3,,Adzuna::API::Response::Job,"Montréal, Québec",Adzuna::API::Response::Location,"['Canada', 'Québec', 'Montréal']",Adzuna::API::Response::Category,it-jobs,IT Jobs,Behavox,Adzuna::API::Response::Company,,,
eyJhbGciOiJIUzI1NiJ9.eyJpIjoiNTgyOTE3NTI5OCIsInMiOiJBbzVoRDJDUzhSR2pKNVpOcUdtMGZnIn0.ckAN6Xh-W81NSvuKs0e5pS-Qy9684ou6tj6ojYtlEkI,5829175298,https://www.adzuna.ca/details/5829175298?utm_medium=api&utm_source=e90db681,"Position Description: Contribute to the success of strategic initiatives at the heart of a constantly evolving Agile environment! CGI is seeking a Senior Business Analyst specializing in Manufacturing Execution Systems (MES) to support the growth of its BICEPS intellectual property, a recognized MES platform deployed with over 40 clients in the manufacturing industry, primarily in the pharmaceutical and life sciences sectors. Reporting to the BICEPS team, you will act as a functional expert and…",45.544959,0,2026-08-05T11:06:28Z,-73.588138,Senior Business Analyst,,Adzuna::API::Response::Job,"Montréal, Québec",Adzuna::API::Response::Location,"['Canada', 'Québec', 'Montréal']",Adzuna::API::Response::Category,it-jobs,IT Jobs,CGI,Adzuna::API::Response::Company,full_time,,
eyJhbGciOiJIUzI1NiJ9.eyJzIjoiQW81aEQyQ1M4UkdqSjVaTnFHbTBmZyIsImkiOiI1ODI5MTY0NjE2In0.NfUjFrrhYdnSMgBs-Ktpd5e1zbr6OL2rrm1mTaopfn8,5829164616,https://www.adzuna.ca/details/5829164616?utm_medium=api&utm_source=e90db681,"Ébéniste Beloeil , Canada En tant qu'employé de notre société, vous collaborerez avec chaque départment afin de créer et déployer des produits disruptifs. Venez travailler dans une société en pleine croissance qui vous offre de chouettes avantages, ainsi que des opportunités de progression et d'apprentissage aux côtés de leaders accomplis. Nous recherchons un membre de notre équipe expérimenté. Cette position est à la fois créative et rigoureuse , vous devez pouvoir réfléchir hors des habitudes…",45.569724,0,2026-08-05T11:02:18Z,-73.211685,Ébéniste,,Adzuna::API::Response::Job,"Beloeil, La Vallée-du-Richelieu",Adzuna::API::Response::Location,"['Canada', 'Québec', 'Montérégie', 'La Vallée-du-Richelieu', 'Beloeil']",Adzuna::API::Response::Category,it-jobs,IT Jobs,ReHauss,Adzuna::API::Response::Company,,,
eyJhbGciOiJIUzI1NiJ9.eyJpIjoiNTgyOTE2NDUzOCIsInMiOiJBbzVoRDJDUzhSR2pKNVpOcUdtMGZnIn0.7HiDOeVjZaLRG_orCvrFWTEHixjarrjbXv8gzAPmusU,5829164538,https://www.adzuna.ca/details/5829164538?utm_medium=api&utm_source=e90db681,"Position Description: Our banking Development Team is responsible for the conception, development, and production of the organization's information systems. The Banking development Team is executing a multi-year OT Next Gen project aimed at ensuring system stability and efficiency while the platform evolves due to multiple migration and transformation initiatives delivered by the Community's Delivery Teams. Their mission includes refactoring, scaling, optimizing, and building public APIs for ex…",45.544959,0,2026-08-05T11:01:59Z,-73.588138,Senior C# Orchestrade Developer,,Adzuna::API::Response::Job,"Montréal, Québec",Adzuna::API::Response::Location,"['Canada', 'Québec', 'Montréal']",Adzuna::API::Response::Category,it-jobs,IT Jobs,CGI,Adzuna::API::Response::Company,full_time,70000.0,135000.0
eyJhbGciOiJIUzI1NiJ9.eyJzIjoiQW81aEQyQ1M4UkdqSjVaTnFHbTBmZyIsImkiOiI1ODI5MTY0NDc1In0.JWDjFb1mmr0g_FnAanYFAX3VraPJ3jAoVgN7VoZxl5Q,5829164475,https://www.adzuna.ca/details/5829164475?utm_medium=api&utm_source=e90db681,"At Lyft, our purpose is to serve and connect. We aim to achieve this by cultivating a work environment where all team members belong and have the opportunity to thrive. Lyft connects people to transportation to change the way we live and get around our communities. Lyft is North America’s leader in micromobility. We provide the software that powers BIXI, and we own and/or operate bikeshare in New York (Citi Bike), Chicago (Divvy), San Francisco (Bay Wheels), Portland (Biketown), Boston (BlueBik…",45.544959,0,2026-08-05T11:01:47Z,-73.588138,Operations Technology Product Designer,,Adzuna::API::Response::Job,"Montréal, Québec",Adzuna::API::Response::Location,"['Canada', 'Québec', 'Montréal']",Adzuna::API::Response::Category,it-jobs,IT Jobs,Lyft,Adzuna::API::Response::Company,,,
eyJhbGciOiJIUzI1NiJ9.eyJpIjoiNTgyOTE2MzY4NSIsInMiOiJBbzVoRDJDUzhSR2pKNVpOcUdtMGZnIn0.6CDoQhx_JHAhio_ZeYaOq6BY9KUBPF7ixQBNcjnH4qs,5829163685,https://www.adzuna.ca/details/5829163685?utm_medium=api&utm_source=e90db681,"Position Description: Lead the successful delivery of strategic initiatives at the heart of a dynamic, innovation-driven organization! In the context of several systems modernization projects for one of our government-sector clients, CGI Montreal is seeking a Data Architect to contribute to business initiatives leveraging Microsoft Azure and Power Platform while ensuring alignment with the enterprise architecture. In this role, you will be responsible for developing physical data models for Cos…",45.544959,0,2026-08-05T10:58:48Z,-73.588138,Data Architect - Microsoft Solutions,,Adzuna::API::Response::Job,"Montréal, Québec",Adzuna::API::Response::Location,"['Canada', 'Québec', 'Montréal']",Adzuna::API::Response::Category,it-jobs,IT Jobs,CGI,Adzuna::API::Response::Company,full_time,,
eyJhbGciOiJIUzI1NiJ9.eyJzIjoiQW81aEQyQ1M4UkdqSjVaTnFHbTBmZyIsImkiOiI1ODI5MTYzMTkyIn0.3cc6D_5b-9yhY00gfWA317u7c5TQd5lt3uRvWjBK-9Y,5829163192,https://www.adzuna.ca/details/5829163192?utm_medium=api&utm_source=e90db681,"The Director, Customer Delivery & Services will define the vision, strategy, and commercial success of Novisto's global services organization—not just its operations. You will transform Customer Delivery into a scalable, revenue-generating business that accelerates customer value through implementation, advisory, enablement, and value realization services. Your focus is threefold: build a commercially accountable services business, elevate customer outcomes by improving time-to-value and adopti…",45.544959,0,2026-08-05T10:57:03Z,-73.588138,"Director, Customer Delivery & Services",,Adzuna::API::Response::Job,"Montréal, Québec",Adzuna::API::Response::Location,"['Canada', 'Québec', 'Montréal']",Adzuna::API::Response::Category,it-jobs,IT Jobs,Novisto,Adzuna::API::Response::Company,,,
eyJhbGciOiJIUzI1NiJ9.eyJpIjoiNTgyOTE2MjY0NiIsInMiOiJBbzVoRDJDUzhSR2pKNVpOcUdtMGZnIn0.4UWZY_EcupTJOzSIcsHzSyaRgQViAYwEsMbMehVhgMw,5829162646,https://www.adzuna.ca/details/5829162646?utm_medium=api&utm_source=e90db681,"The Data & Analytics group is looking for a Data Architect with, BI and AI expertise who will be providing consulting services to our customers. The candidate Is a senior Data architect that can develop detailed and comprehensive conceptual data model Is at ease defining business processes map, SIPOC, and business capabilities models Can put a governance program in place with appropriate structure, committees and supporting processes and tools. And can define policies and enforce them for the f…",45.544959,0,2026-08-05T10:55:28Z,-73.588138,Data Architect,permanent,Adzuna::API::Response::Job,"Montréal, Québec",Adzuna::API::Response::Location,"['Canada', 'Québec', 'Montréal']",Adzuna::API::Response::Category,it-jobs,IT Jobs,KPI Digital,Adzuna::API::Response::Company,full_time,,
eyJhbGciOiJIUzI1NiJ9.eyJpIjoiNTgyOTAwMzg0NyIsInMiOiJBbzVoRDJDUzhSR2pKNVpOcUdtMGZnIn0.dnxgtFMH4YxZ7g_U3ih-7ONb6c5j7KmNGfMgPWvIReY,5829003847,https://www.adzuna.ca/details/5829003847?utm_medium=api&utm_source=e90db681,"Job Description Job Description Salary: Dcouvre une opportunit qui mrite ton attention Chez Tornatech, notre mission est de sauver des vies. En tant qu'entreprise qubcoise qui a conquis le monde avec nos contrleurs de pompes anti-incendie, nous sommes passs de locaux internationaux en tablissant des usines de production en Belgique et Duba. Tu es passionn(e) par llectronique, les systmes embarqus et le dveloppement de produits? Tu souhaites prendre en charge des projets hardware denvergure, de …",45.581149,0,2026-08-05T06:45:56Z,-73.742893,Ingnieur(e) R&D lectronique,,Adzuna::API::Response::Job,"Laval, Laval region",Adzuna::API::Response::Location,"['Canada', 'Québec', 'Laval region', 'Laval']",Adzuna::API::Response::Category,it-jobs,IT Jobs,Tornatech Inc.,Adzuna::API::Response::Company,,,
eyJhbGciOiJIUzI1NiJ9.eyJpIjoiNTgyOTAwMjE3OSIsInMiOiJBbzVoRDJDUzhSR2pKNVpOcUdtMGZnIn0.6nEh9GV53iBNVx2XwayTELSL7_cuPrkQ-1rBtdRdSNE,5829002179,https://www.adzuna.ca/details/5829002179?utm_medium=api&utm_source=e90db681,"Job Description Job Description ROLE SUMMARY Our client is hiring a highly technical Systems Engineer to join its North American R&D and solutioning hub. This role is designed for an engineer who can move fluently between systems thinking, high-level architecture and hands-on software engineering. The successful candidate will design and build scalable, enterprise-grade AI systems, reusable software development kits, application frameworks, libraries, reference architectures and solution templa…",45.544959,0,2026-08-05T06:44:09Z,-73.588138,Principal Systems Engineer- Enterprise AI (Design & Implementation),,Adzuna::API::Response::Job,"Montréal, Québec",Adzuna::API::Response::Location,"['Canada', 'Québec', 'Montréal']",Adzuna::API::Response::Category,it-jobs,IT Jobs,Flatgigs,Adzuna::API::Response::Company,,,
eyJhbGciOiJIUzI1NiJ9.eyJpIjoiNTgyOTAwMDg0OCIsInMiOiJBbzVoRDJDUzhSR2pKNVpOcUdtMGZnIn0.EsNLioa_pIQVJd8YlyLvbNUYH1BFTq2QaBWoHHaeJFQ,5829000848,https://www.adzuna.ca/details/5829000848?utm_medium=api&utm_source=e90db681,"Job Description Job Description La dynamique de votre équipe : Nous sommes à la recherche de développeurs logiciels passionnés ayant différents niveaux d’expérience — des personnes talentueuses en début de carrière aux professionnels chevronnés — afin de se joindre à l’une de nos équipes d’ingénierie. Votre journée en un coup d'oeil : Concevoir, développer, tester et maintenir des services backend fiables ainsi que des systèmes distribués, principalement en Go Développer des services et des API…",45.544959,0,2026-08-05T06:42:38Z,-73.588138,Développeur(euse) logiciel / Software Developer - GoLang,,Adzuna::API::Response::Job,"Montréal, Québec",Adzuna::API::Response::Location,"['Canada', 'Québec', 'Montréal']",Adzuna::API::Response::Category,it-jobs,IT Jobs,Genetec,Adzuna::API::Response::Company,,,
eyJhbGciOiJIUzI1NiJ9.eyJzIjoiQW81aEQyQ1M4UkdqSjVaTnFHbTBmZyIsImkiOiI1ODI5MDAwNjYwIn0.s88zaUAaK2uPOl4gN9d3eIL9D8dDlhgZZZb9YW1Acv4,5829000660,https://www.adzuna.ca/details/5829000660?utm_medium=api&utm_source=e90db681,"Job Description Job Description Salary: (English will follow) Rejoignez une entreprise base Montral qui aide les organisations du monde entier crer un parcours personnalis d'impact et d'panouissement pour leurs employs. Explorance offre des solutions innovantes d'analyse des retours d'exprience, car nous croyons que chaque exprience compte. Chez Explorance, nous avons pour mission de crer des logiciels de pointe qui ont un impact sur des millions dutilisateurs travers le monde. Nous prosprons g…",45.544959,0,2026-08-05T06:42:28Z,-73.588138,Dveloppeur(se) back-end senior / Senior back-end developer,,Adzuna::API::Response::Job,"Montréal, Québec",Adzuna::API::Response::Location,"['Canada', 'Québec', 'Montréal']",Adzuna::API::Response::Category,it-jobs,IT Jobs,Explorance,Adzuna::API::Response::Company,,,
eyJhbGciOiJIUzI1NiJ9.eyJpIjoiNTgyODk5OTI3OSIsInMiOiJBbzVoRDJDUzhSR2pKNVpOcUdtMGZnIn0.fp_afZE0EuyfMRKl1UXTBAn66dkTxLpr6yBIIHsl_XA,5828999279,https://www.adzuna.ca/details/5828999279?utm_medium=api&utm_source=e90db681,"Job Description Job Description Lead the Next Chapter of a Market-Leading Business At Aspire Software, we acquire and build mission-critical software businesses for the long term. We are seeking a Managing Director to lead one of our flagship vertical market software businesses—a company with a strong market position, loyal customer base, and a long track record of success within the Aspire portfolio. This business is a cornerstone asset with meaningful scale and reputation in its market. It no…",45.544959,0,2026-08-05T06:41:39Z,-73.588138,Managing Director - Flagship Vertical Market Software Business,,Adzuna::API::Response::Job,"Montréal, Québec",Adzuna::API::Response::Location,"['Canada', 'Québec', 'Montréal']",Adzuna::API::Response::Category,it-jobs,IT Jobs,Valsoft Corporation,Adzuna::API::Response::Company,,,
eyJhbGciOiJIUzI1NiJ9.eyJpIjoiNTgyODk5ODc1MiIsInMiOiJBbzVoRDJDUzhSR2pKNVpOcUdtMGZnIn0._FWi6LletTX7VLLLvWkeyVjBfvFb1ChYQjK_eEtwXPo,5828998752,https://www.adzuna.ca/details/5828998752?utm_medium=api&utm_source=e90db681,Job Description Job Description We are looking for an experienced Junior Data Engineer for our client. This is a permanent position that is remote to start with later relocation to Calgary or Winnipeg . Our client is a global enterprise company with a product that you've likely used. You Have: Minimum 2  years professional working experience as a Data Engineer Strong Experience working with SQL and large data sets Hands-on experience coding in Python would be a strong asset Experience working w…,45.544959,0,2026-08-05T06:41:11Z,-73.588138,Junior Data Engineer,permanent,Adzuna::API::Response::Job,"Montréal, Québec",Adzuna::API::Response::Location,"['Canada', 'Québec', 'Montréal']",Adzuna::API::Response::Category,it-jobs,IT Jobs,Targeted Talent,Adzuna::API::Response::Company,,,
eyJhbGciOiJIUzI1NiJ9.eyJzIjoiQW81aEQyQ1M4UkdqSjVaTnFHbTBmZyIsImkiOiI1ODI4OTk4NzI4In0.SqJTchDAcbNyeISkD4vqVfP_cDjI_e_7zKQ4j1QPG-c,5828998728,https://www.adzuna.ca/details/5828998728?utm_medium=api&utm_source=e90db681,"Job Description Job Description -English version to follow- À propos de Stay22 Basée à Montréal, Stay22 aide les créateurs ambitieux et les plateformes numériques à forte intention à transformer leur trafic existant en revenus additionnels, grâce à une technologie qui fonctionne discrètement en arrière-plan. Aujourd'hui, plus de 6 500 créateurs et plateformes font confiance à Stay22, avec plus d'un milliard de dollars en transactions annuelles transitant par la plateforme. Initialement conçue p…",45.544959,0,2026-08-05T06:41:10Z,-73.588138,Senior Fullstack Developer - Neuro Squad,,Adzuna::API::Response::Job,"Montréal, Québec",Adzuna::API::Response::Location,"['Canada', 'Québec', 'Montréal']",Adzuna::API::Response::Category,it-jobs,IT Jobs,Stay22,Adzuna::API::Response::Company,,,
eyJhbGciOiJIUzI1NiJ9.eyJzIjoiQW81aEQyQ1M4UkdqSjVaTnFHbTBmZyIsImkiOiI1ODI4OTk4MTc5In0.guRbk_sawnBy-9uf8JMt9u5RJYmyVUuJ_xG46bryqk0,5828998179,https://www.adzuna.ca/details/5828998179?utm_medium=api&utm_source=e90db681,"Job Description Job Description Do you aspire to lead client relationships and drive client success at a dynamic digital agency? Are you adept at crafting and executing strategic plans, overseeing project progress, and aligning initiatives with clients' long-term goals? As an integral part of our agency, you'll collaborate closely with our project management and sales teams, taking the helm in client communications and strategy. Join us in our growth journey! In your role as Account Director, y…",45.544959,0,2026-08-05T06:40:34Z,-73.588138,Account Director,,Adzuna::API::Response::Job,"Montréal, Québec",Adzuna::API::Response::Location,"['Canada', 'Québec', 'Montréal']",Adzuna::API::Response::Category,it-jobs,IT Jobs,Evolving Web,Adzuna::API::Response::Company,,,
eyJhbGciOiJIUzI1NiJ9.eyJzIjoiQW81aEQyQ1M4UkdqSjVaTnFHbTBmZyIsImkiOiI1ODI4OTk3ODYzIn0.hfDvU1jN1sEZUdA2GV1N1ul6pxhtIBNsWz2kb4qSlu8,5828997863,https://www.adzuna.ca/details/5828997863?utm_medium=api&utm_source=e90db681,"Job Description Job Description We are looking for an experienced Systems Infrastructure Analyst for our client. This is a permanent position, remote! Our client is a large fintech firm with a product that you've likely used many times before. You'll have the opportunity to work on an extremely large, internationally used payment platform. Your role will encompass managing, building, planning administrating and maintaining infrastructure services like Systems, Containers, Servers, Data Centers …",45.544959,0,2026-08-05T06:40:18Z,-73.588138,Senior Infrastructure Analyst,permanent,Adzuna::API::Response::Job,"Montréal, Québec",Adzuna::API::Response::Location,"['Canada', 'Québec', 'Montréal']",Adzuna::API::Response::Category,it-jobs,IT Jobs,Targeted Talent,Adzuna::API::Response::Company,,110000.0,125000.0
eyJhbGciOiJIUzI1NiJ9.eyJpIjoiNTgyODk5NDY3MSIsInMiOiJBbzVoRDJDUzhSR2pKNVpOcUdtMGZnIn0.7y2_zHJEzoNhhfJr4w9Gpmz4-4E-zg1zl9tu2f3R7TM,5828994671,https://www.adzuna.ca/details/5828994671?utm_medium=api&utm_source=e90db681,"Job Description Job Description As Head of Mortgage Growth & Operations, you will lead the creation and scaling of Military.com’s mortgage marketplace business. Reporting to senior leadership, you will own the end-to-end development of a new VA loan lead generation platform, working cross-functionally with engineering, business development, and executive stakeholders to build a scalable and profitable business from the ground up. This role requires a highly analytical and entrepreneurial operat…",45.544959,0,2026-08-05T06:38:14Z,-73.588138,Head of Mortgage Growth & Operations,,Adzuna::API::Response::Job,"Montréal, Québec",Adzuna::API::Response::Location,"['Canada', 'Québec', 'Montréal']",Adzuna::API::Response::Category,it-jobs,IT Jobs,Valnet Inc.,Adzuna::API::Response::Company,,,
eyJhbGciOiJIUzI1NiJ9.eyJzIjoiQW81aEQyQ1M4UkdqSjVaTnFHbTBmZyIsImkiOiI1ODI4OTkzMTAxIn0.cSSQx3FhEdJ5CuFKxhdhd6jkYjSLwlMtNgX_bLJ4CUw,5828993101,https://www.adzuna.ca/details/5828993101?utm_medium=api&utm_source=e90db681,"Job Description Job Description Salary: Groupe conseil ERA est une compagnie qubcoise bien tablie, rentable et en pleine expansion. Nous accompagnons dautres entreprises dans leur croissance en agissant titre de partenaire daffaires plutt que de simples fournisseurs. En effet, nous ne nous limitons pas implanter des ERP : nous conseillons activement nos clients pour les aider maximiser leur vision technologique travers leurs activits. Vous travaillerez dans un environnement cratif et dcontract,…",45.544959,0,2026-08-05T06:37:26Z,-73.588138,Architecte Solutions ERP Dynamics 365 Business Central,,Adzuna::API::Response::Job,"Montréal, Québec",Adzuna::API::Response::Location,"['Canada', 'Québec', 'Montréal']",Adzuna::API::Response::Category,it-jobs,IT Jobs,Groupe Conseil ERA Inc,Adzuna::API::Response::Company,,,
eyJhbGciOiJIUzI1NiJ9.eyJpIjoiNTgyODk5MTk2MiIsInMiOiJBbzVoRDJDUzhSR2pKNVpOcUdtMGZnIn0.4FQLOAPwHNPSVNbH3cENLw2vLjd8QIou37wMG62F_3c,5828991962,https://www.adzuna.ca/details/5828991962?utm_medium=api&utm_source=e90db681,"Job Description Job Description:\n\nDESCRIPTION: Edelweiss Software Group de Valsoft est à la recherche d’un Responsable de la sécurité pour se joindre à notre équipe au Canada. À PROPOS DE VALSOFT CORP.: Fondée au Canada en 2015, Valsoft possède aujourd’hui un portefeuille mondial de plus de 118 entreprises. Elle acquiert et développe des sociétés de logiciels spécialisées dans des marchés verticaux, leur permettant d’offrir les meilleures solutions critiques à leurs clients dans leur secteur …",45.544959,0,2026-08-05T06:37:01Z,-73.588138,Responsable de la sécurité | Head of Security,,Adzuna::API::Response::Job,"Montréal, Québec",Adzuna::API::Response::Location,"['Canada', 'Québec', 'Montréal']",Adzuna::API::Response::Category,it-jobs,IT Jobs,Valsoft Corporation,Adzuna::API::Response::Company,,,
eyJhbGciOiJIUzI1NiJ9.eyJpIjoiNTgyODk4OTMwNSIsInMiOiJBbzVoRDJDUzhSR2pKNVpOcUdtMGZnIn0.QMQdx9QTqzw_xarutFNVduex-WqqDyZw_jZg2tVnVng,5828989305,https://www.adzuna.ca/details/5828989305?utm_medium=api&utm_source=e90db681,"Job Description Job Description Vous souhaitez travailler au sein d'une agence numérique en plein essor afin de favoriser les relations avec les clients et d'assurer la réussite de ces derniers? Vous avez l'habitude de gérer avec succès des projets de conception et de développement de sites web et les équipes qui y sont associées? Nous recherchons un chef de projet technique expérimenté, organisé, concentré et dévoué. En tant qu'agence web en pleine expansion, nous proposons des services de pla…",45.544959,0,2026-08-05T06:36:14Z,-73.588138,Chef de projets,,Adzuna::API::Response::Job,"Montréal, Québec",Adzuna::API::Response::Location,"['Canada', 'Québec', 'Montréal']",Adzuna::API::Response::Category,it-jobs,IT Jobs,Evolving Web,Adzuna::API::Response::Company,,,
eyJhbGciOiJIUzI1NiJ9.eyJzIjoiQW81aEQyQ1M4UkdqSjVaTnFHbTBmZyIsImkiOiI1ODI4OTg4MTgwIn0._MA5aJ6ZRb-16kYJTmVi37Fo8CJJGY2OfcgIEA3FoHs,5828988180,https://www.adzuna.ca/details/5828988180?utm_medium=api&utm_source=e90db681,"Job Description Job Description The Opportunity We're looking for a Global Onboarding Domain Manager to join our Global Operations team and own the health, performance, and future evolution of our global onboarding experience. As the Global Domain Owner for Onboarding, you'll be responsible for ensuring every new customer receives a consistent, efficient, and value-driven onboarding journey, regardless of region. Rather than managing day-to-day onboarding delivery, you'll focus on identifying o…",45.544959,0,2026-08-05T06:36:02Z,-73.588138,Global Onboarding Domain Manager,,Adzuna::API::Response::Job,"Montréal, Québec",Adzuna::API::Response::Location,"['Canada', 'Québec', 'Montréal']",Adzuna::API::Response::Category,it-jobs,IT Jobs,Phorest,Adzuna::API::Response::Company,,,
eyJhbGciOiJIUzI1NiJ9.eyJpIjoiNTgyODk4NzgwNCIsInMiOiJBbzVoRDJDUzhSR2pKNVpOcUdtMGZnIn0.p4-0MrgqG4zU2NX7k4CqmlFU9zgNpaWyHi8Lw8bMp7I,5828987804,https://www.adzuna.ca/details/5828987804?utm_medium=api&utm_source=e90db681,"Job Description Job Description:\n\nDate limite pour postuler : le 14 août. 2026 12h HE Joignez-vous à l’équipe d’EDC ! À EDC, nous aidons les entreprises canadiennes à réussir à l’étranger. Nous leur offrons les outils financiers et l’expertise dont elles ont besoin pour explorer de nouveaux marchés et réduire les risques, dans un seul but : bâtir un Canada et un monde meilleurs grâce au commerce. Poste : Responsable des services techniques, Plateformes d'automatisation Type d’emploi : Affecta…",45.544959,0,2026-08-05T06:35:59Z,-73.588138,"Responsable des services techniques, Plateformes d'automatisation - 942 FR",,Adzuna::API::Response::Job,"Montréal, Québec",Adzuna::API::Response::Location,"['Canada', 'Québec', 'Montréal']",Adzuna::API::Response::Category,it-jobs,IT Jobs,Export Development Canada | Exportation et développement Canada,Adzuna::API::Response::Company,,,
eyJhbGciOiJIUzI1NiJ9.eyJpIjoiNTgyODk4NjU1NyIsInMiOiJBbzVoRDJDUzhSR2pKNVpOcUdtMGZnIn0.9P_s5mlIu6wjRCQCacbTt4t19IOP4_LOxN9Whs4Yzmg,5828986557,https://www.adzuna.ca/details/5828986557?utm_medium=api&utm_source=e90db681,"Job Description Job Description *An English message to follow Description de l’entreprise Basée à Montréal, Detroit et Munich, Vention aide les fabricants à automatiser leurs opérations en un temps record grâce à la seule plateforme matérielle et logicielle alimentée par l’IA conçue pour l’usine. Notre technologie alimente plus de 25 000 machines dans 4 000 usines réparties sur 5 continents, et nous avons le privilège de collaborer avec une grande proportion des fabricants du Fortune 500, allan…",45.544959,0,2026-08-05T06:35:51Z,-73.588138,Développeur(-euse) logiciel full stack sénior / Senior Fullstack Software Developer,,Adzuna::API::Response::Job,"Montréal, Québec",Adzuna::API::Response::Location,"['Canada', 'Québec', 'Montréal']",Adzuna::API::Response::Category,it-jobs,IT Jobs,Vention,Adzuna::API::Response::Company,,,
eyJhbGciOiJIUzI1NiJ9.eyJzIjoiQW81aEQyQ1M4UkdqSjVaTnFHbTBmZyIsImkiOiI1ODI4OTg0NDY3In0.Bv-QkYSpZj0Nwwl4vpG02p7FZj8WMBLhj1ddNkPSkDg,5828984467,https://www.adzuna.ca/details/5828984467?utm_medium=api&utm_source=e90db681,"Job Description Job Description Application deadline: August 14, 2026 12:00 PM ET Join the EDC Team! At EDC, we support Canadian businesses to succeed globally. We provide the financial tools and expertise they need to explore new markets, reduce risks, all towards the goal of making Canada and the world better through trade. Position: Automation Platform Technical Lead Employment Type: Permanent Compensation Details: Tech Lead 18: Salaries typically range from $96,557 to $128,743 annually, bas…",45.544959,0,2026-08-05T06:35:19Z,-73.588138,Automation Platform Technical Lead - 942 EN,permanent,Adzuna::API::Response::Job,"Montréal, Québec",Adzuna::API::Response::Location,"['Canada', 'Québec', 'Montréal']",Adzuna::API::Response::Category,it-jobs,IT Jobs,Export Development Canada | Exportation et développement Canada,Adzuna::API::Response::Company,,,
eyJhbGciOiJIUzI1NiJ9.eyJpIjoiNTgyODk4NDQzMyIsInMiOiJBbzVoRDJDUzhSR2pKNVpOcUdtMGZnIn0.RVYeHSVIvwMURKN6IBslTvEYkNP3U1xhaqXTqTCHz5o,5828984433,https://www.adzuna.ca/details/5828984433?utm_medium=api&utm_source=e90db681,"Job Description Job Description Lead complex digital transformations for some of the world's most recognized brands. Have you ever wondered what it takes to deliver highly technical software implementations at enterprise scale? Join our Professional Services team and help customers unlock the full potential of Coveo's AI-powered platform. With more than 1,000 implementations delivered over the years for global organizations such as Dell, Rolex, and Salesforce, our team tackles complex technical…",45.544959,0,2026-08-05T06:35:17Z,-73.588138,Technical Project Manager,,Adzuna::API::Response::Job,"Montréal, Québec",Adzuna::API::Response::Location,"['Canada', 'Québec', 'Montréal']",Adzuna::API::Response::Category,it-jobs,IT Jobs,Coveo,Adzuna::API::Response::Company,,,
eyJhbGciOiJIUzI1NiJ9.eyJzIjoiQW81aEQyQ1M4UkdqSjVaTnFHbTBmZyIsImkiOiI1ODI4OTgxODY4In0.oqPPp2G8Q8rA_AQZcdH_a3uEuqqfE-tEPCNNBJh2Ea8,5828981868,https://www.adzuna.ca/details/5828981868?utm_medium=api&utm_source=e90db681,"Job Description Job Description Job Overview *This is a 12 month contract* The analyst will focus on stakeholder satisfaction by ensuring timely delivery of key account orders and on all intra-company, and customer requests. The analyst is transparent and will be able to easily show current status of all key account orders as well as adhoc report requests from stakeholders. The analyst will be the in-house resource for all key account shipping and order compliance requirements. The analyst will…",45.544959,0,2026-08-05T06:34:30Z,-73.588138,Key Accounts Analyst Logistics,contract,Adzuna::API::Response::Job,"Montréal, Québec",Adzuna::API::Response::Location,"['Canada', 'Québec', 'Montréal']",Adzuna::API::Response::Category,it-jobs,IT Jobs,Primo International,Adzuna::API::Response::Company,,1000.0,1000.0
eyJhbGciOiJIUzI1NiJ9.eyJpIjoiNTgyODk4MDM5NCIsInMiOiJBbzVoRDJDUzhSR2pKNVpOcUdtMGZnIn0.MPADbTQr-uQ8C86qVWjSQwnkStn492f9wpKHxuZ0eos,5828980394,https://www.adzuna.ca/details/5828980394?utm_medium=api&utm_source=e90db681,"Job Description Job Description Aperçu du poste : L’équipe de développement Web est à la recherche d’une personne autonome possédant une solide expérience en développement logiciel Web afin de contribuer à l’évolution d’une application Web utilisée à grande échelle. Nous recherchons une personne passionnée par les technologies Web, autant du côté client que serveur, qui apprécie résoudre des problèmes complexes et contribuer à la qualité, à la stabilité et à l’amélioration continue d’un produit…",45.544959,0,2026-08-05T06:33:45Z,-73.588138,Développeur(euse) Logiciel / Software Developer,,Adzuna::API::Response::Job,"Montréal, Québec",Adzuna::API::Response::Location,"['Canada', 'Québec', 'Montréal']",Adzuna::API::Response::Category,it-jobs,IT Jobs,Genetec,Adzuna::API::Response::Company,,,
eyJhbGciOiJIUzI1NiJ9.eyJpIjoiNTgyODk3Nzk3NyIsInMiOiJBbzVoRDJDUzhSR2pKNVpOcUdtMGZnIn0.H6-_J0YL-ToCF9GMgqBVpP_r9MiWj1Plk7UUXb5VBXk,5828977977,https://www.adzuna.ca/details/5828977977?utm_medium=api&utm_source=e90db681,"Our client is a major international player. They have specialized in the design of complex equipment for over 30 years. ROLE The Project Manager is responsible for coordinating, implementing, and monitoring the company's operational projects. This role acts as a central point of coordination between the various departments to ensure efficient, structured implementation aligned with the company's growth objectives. In a context of strong growth, the Project Manager also contributes to the implem…",45.581149,0,2026-08-05T06:33:28Z,-73.742893,Project Manager,permanent,Adzuna::API::Response::Job,"Laval, Laval region",Adzuna::API::Response::Location,"['Canada', 'Québec', 'Laval region', 'Laval']",Adzuna::API::Response::Category,it-jobs,IT Jobs,A & A Consultants,Adzuna::API::Response::Company,,,
eyJhbGciOiJIUzI1NiJ9.eyJzIjoiQW81aEQyQ1M4UkdqSjVaTnFHbTBmZyIsImkiOiI1ODI4ODI2NDkzIn0.miEEDHNQvSDCaaIomtXLXRyksWZ3jGNpT55SlGLXICE,5828826493,https://www.adzuna.ca/details/5828826493?utm_medium=api&utm_source=e90db681,"Job Description The Animation Artist at Rodeo FX is responsible for delivering high-end, hyper-realistic performances for creatures, characters, and animated objects. With a sharp eye for timing, weight, and emotion, the artist brings life and credibility to animated assets, whether realistic or stylized. Working closely with the Animation Lead and Supervisor, the artist contributes creatively and technically to the success of each shot, while adhering to the project’s artistic vision, technica…",45.544959,0,2026-08-05T03:47:47Z,-73.588138,Animation Artist - Temporary Contract - Multiple Roles,,Adzuna::API::Response::Job,"Montréal, Québec",Adzuna::API::Response::Location,"['Canada', 'Québec', 'Montréal']",Adzuna::API::Response::Category,it-jobs,IT Jobs,Rodeo FX,Adzuna::API::Response::Company,,,
eyJhbGciOiJIUzI1NiJ9.eyJpIjoiNTgyODgyNjM4MyIsInMiOiJBbzVoRDJDUzhSR2pKNVpOcUdtMGZnIn0.qAV4yYE7vOVsnOuEEtWiKjI7O5mD57RSjDjoeoUSNC8,5828826383,https://www.adzuna.ca/details/5828826383?utm_medium=api&utm_source=e90db681,"Job Description We are looking for a seasoned ERP professional with expertise in Acumatica ERP to join our team as a Senior Manager, IT Business Systems. The ideal candidate will have a strong understanding of ERP systems, excellent technical and business acumen, and exceptional communication and project management skills. As the primary owner of Acumatica ERP for internal usage, the ERP Manager will lead the implementation, configuration, and maintenance of the system, ensuring seamless integr…",45.544959,0,2026-08-05T03:47:47Z,-73.588138,"Senior Manager, IT Business Systems",,Adzuna::API::Response::Job,"Montréal, Québec",Adzuna::API::Response::Location,"['Canada', 'Québec', 'Montréal']",Adzuna::API::Response::Category,it-jobs,IT Jobs,Acumatica,Adzuna::API::Response::Company,,,
eyJhbGciOiJIUzI1NiJ9.eyJpIjoiNTgyODgwOTk4MiIsInMiOiJBbzVoRDJDUzhSR2pKNVpOcUdtMGZnIn0.saxneKwxOI-x36AIb4LSp3uz4EEq-WbGgJIVZeth59I,5828809982,https://www.adzuna.ca/details/5828809982?utm_medium=api&utm_source=e90db681,Tech Talent International (SI) supplies technical talent to a variety of clients ranging from Fortune 100/500/1000 companies to small and mid-sized organizations in Canada/US and Europe. We currently have a role as a Senior Fullstack Java Developer with our large consulting client for a major banking services client in the downtown Montreal area. This role can either be a permanent role or a long term contract. Role: Senior Fullstack Java Developer Type: Permanent 37.5 hrs/week Location: Hybrid…,45.544959,0,2026-08-05T02:49:12Z,-73.588138,Senior Fullstack Java Developer,contract,Adzuna::API::Response::Job,"Montréal, Québec",Adzuna::API::Response::Location,"['Canada', 'Québec', 'Montréal']",Adzuna::API::Response::Category,it-jobs,IT Jobs,Tech Talent International,Adzuna::API::Response::Company,,,
eyJhbGciOiJIUzI1NiJ9.eyJzIjoiQW81aEQyQ1M4UkdqSjVaTnFHbTBmZyIsImkiOiI1ODI4NzUwODEyIn0.6tnB7wSJtfTam7OxgbvP3qjzk1pbJw8zVqeVMaHeJRw,5828750812,https://www.adzuna.ca/land/ad/5828750812?se=Ao5hD2CS8RGjJ5ZNqGm0fg&utm_medium=api&utm_source=e90db681&v=39291314FEFA7BCBC4D99BAD89CA6655FC93E074,"Une carrière en tant qu'analyste principal en transformation du capital dans l’équipe Analyses du capital à la Banque Nationale, c’est agir à titre de spécialiste de la transformation des processus et de l’analytique du capital réglementaire. Cet emploi te permet d’avoir un impact concret sur l’évolution des capacités de gestion du capital de la Banque grâce à ton expertise en finance, en données et en technologies. Ton emploi Accompagner les partenaires des secteurs Finance, Risques, Trésoreri…",45.544959,0,2026-08-05T01:19:19Z,-73.588138,"Analyste principal, transformation du capital",,Adzuna::API::Response::Job,"Montréal, Québec",Adzuna::API::Response::Location,"['Canada', 'Québec', 'Montréal']",Adzuna::API::Response::Category,it-jobs,IT Jobs,Banque Nationale,Adzuna::API::Response::Company,full_time,,
eyJhbGciOiJIUzI1NiJ9.eyJpIjoiNTgyODc1MDgxMCIsInMiOiJBbzVoRDJDUzhSR2pKNVpOcUdtMGZnIn0.cb6A-8Kvi0h-qptMKVFta_mLeSynPoceAFsEeYidm8w,5828750810,https://www.adzuna.ca/land/ad/5828750810?se=Ao5hD2CS8RGjJ5ZNqGm0fg&utm_medium=api&utm_source=e90db681&v=048B2D225EA60DF38CE9D50E07839B7EBBCC4A39,"*Nous recrutons des stagiaires pour notre programme de stage d’automne 2026 au sein de notre secteur. Ton rôle : Notre programme de stage offre une opportunité de vivre une expérience dynamique en travaillant avec nos professionnels chevronnés. Les responsabilités peuvent inclure des projets en lien avec des risques de trésorerie (risque de taux d’intérêt, prix de transfert, risque de liquidité, risque de fonds de pension), l’analyse des risques de marché des capitaux (P&L, Greeks, VaR), , l’am…",45.544959,0,2026-08-05T01:19:19Z,-73.588138,Stage en gestion des risques des marchés des capitaux,,Adzuna::API::Response::Job,"Montréal, Québec",Adzuna::API::Response::Location,"['Canada', 'Québec', 'Montréal']",Adzuna::API::Response::Category,it-jobs,IT Jobs,Banque Nationale,Adzuna::API::Response::Company,full_time,,
eyJhbGciOiJIUzI1NiJ9.eyJpIjoiNTgyODYyMTg0MyIsInMiOiJBbzVoRDJDUzhSR2pKNVpOcUdtMGZnIn0.1Ime8dHoaFN_VblcTuZ3NFPNn__7x2Bpfh6aR0pLYUI,5828621843,https://www.adzuna.ca/land/ad/5828621843?se=Ao5hD2CS8RGjJ5ZNqGm0fg&utm_medium=api&utm_source=e90db681&v=548B2ACF816AF65BB68BF7733A368C3FE3ACA3E1,"Bonjour, Je suis Marian, Directeur en recrutement chez FED IT, spécialisé dans le recrutement de professionnels TI en mode permanent et temporaire. Je recrute actuellement pour un acteur reconnu en commerce de détails, un(e) Développeur BI Senior. Il s'agit d'un rôle stratégique au sein d'une équipe en pleine transformation, offrant l'opportunité de contribuer au déploiement de Microsoft Fabric et de développer des solutions BI à fort impact pour les décisions d'affaires. Mission Vos responsabi…",45.555336,0,2026-08-04T22:12:38Z,-73.537998,Développeur BI Senior,permanent,Adzuna::API::Response::Job,"Anjou, Montréal",Adzuna::API::Response::Location,"['Canada', 'Québec', 'Montréal', 'Anjou']",Adzuna::API::Response::Category,it-jobs,IT Jobs,Fed IT,Adzuna::API::Response::Company,,,
eyJhbGciOiJIUzI1NiJ9.eyJzIjoiQW81aEQyQ1M4UkdqSjVaTnFHbTBmZyIsImkiOiI1ODI4MzY3MDExIn0.XbCuhKD7tWJzgN92cx1r7qwxYh5qym61QV0xWB5h5Yg,5828367011,https://www.adzuna.ca/details/5828367011?utm_medium=api&utm_source=e90db681,"Conseiller technique en implantation gtechna, une division de Harris Computer Ville Saint-Laurent, MontrÃ©al PossibilitÃ©s de tÃ©lÃ©-travail gtechna est Ã la recherche d'un conseiller technique en implantation qui sera responsable des tÃ¢ches techniques pendant les projets d'implantation et fournira des services d'installation technique et de soutien Ã l'implantation pour les clients, nouveaux et existants. Le candidat idÃ©al est un professionnel enthousiaste, axÃ© sur le travail d'Ã©quipe, qui…",45.544959,0,2026-08-04T19:19:56Z,-73.588138,SpÃ©cialiste de l'ImplÃ©mentation et de l'IntÃ©gration - Configuration Logicielle,,Adzuna::API::Response::Job,"Montréal, Québec",Adzuna::API::Response::Location,"['Canada', 'Québec', 'Montréal']",Adzuna::API::Response::Category,it-jobs,IT Jobs,Equest,Adzuna::API::Response::Company,,,
eyJhbGciOiJIUzI1NiJ9.eyJzIjoiQW81aEQyQ1M4UkdqSjVaTnFHbTBmZyIsImkiOiI1ODI4MzY2MjgyIn0.OQnEMyuCqLe2sl5Enjvd33cdjUh_kIBvgcPwMjdfafw,5828366282,https://www.adzuna.ca/details/5828366282?utm_medium=api&utm_source=e90db681,"We're hiring an IT and Odoo Specialist to own and evolve the Odoo, IT, and internal-dashboard systems that already run day-to-day at Haply. About Haply Haply Robotics builds the world's most precise haptic devices. Behind the hardware and software is a small, fast-moving team that runs on Odoo for ERP, CRM, inventory, projects, and accounting; Google Workspace for identity; GitLab for code and CI; and a constellation of dashboards and integrations that tie it all together. About the Role We're …",45.544959,0,2026-08-04T19:19:28Z,-73.588138,IT and Odoo Specialist,,Adzuna::API::Response::Job,"Montréal, Québec",Adzuna::API::Response::Location,"['Canada', 'Québec', 'Montréal']",Adzuna::API::Response::Category,it-jobs,IT Jobs,Haply Robotics,Adzuna::API::Response::Company,,,
eyJhbGciOiJIUzI1NiJ9.eyJzIjoiQW81aEQyQ1M4UkdqSjVaTnFHbTBmZyIsImkiOiI1ODI4MzY2MTk2In0.YqoZ_UsADM0TqnlFvzNttknC1TPSJ4jpfy46Z3djfzY,5828366196,https://www.adzuna.ca/details/5828366196?utm_medium=api&utm_source=e90db681,"Introduction A career at IBM Consulting is rooted in long-term client partnerships and global collaboration. You will work alongside leading organizations across industries, helping them navigate and accelerate their hybrid cloud and AI transformations. Backed by strategic partnerships and IBM’s leading technology, you will have the tools and resources to drive meaningful impact for clients. At IBM, curiosity is a catalyst for success. You’ll be empowered to challenge conventional thinking, exp…",45.544959,0,2026-08-04T19:19:28Z,-73.588138,SAP Package Consultant- HCM Time,,Adzuna::API::Response::Job,"Montréal, Québec",Adzuna::API::Response::Location,"['Canada', 'Québec', 'Montréal']",Adzuna::API::Response::Category,it-jobs,IT Jobs,IBM,Adzuna::API::Response::Company,,,
eyJhbGciOiJIUzI1NiJ9.eyJzIjoiQW81aEQyQ1M4UkdqSjVaTnFHbTBmZyIsImkiOiI1ODI4MzY2MTQ4In0.h8Qf8AGD4L5dF-kRtbTctknsNICjGioxeTk67IBbTeA,5828366148,https://www.adzuna.ca/details/5828366148?utm_medium=api&utm_source=e90db681,"About Axya Axya is building AI-powered technology that's transforming how the manufacturing industry sources and procures parts. Our platform connects manufacturers with suppliers and automates the entire source-to-pay process — from sourcing and quoting to procurement — making it faster, simpler, and more cost-effective for companies sourcing custom parts. By digitizing traditionally manual workflows, Axya enables manufacturers to operate with greater efficiency and competitiveness. We are pro…",45.544959,0,2026-08-04T19:19:27Z,-73.588138,Full Stack Developer,,Adzuna::API::Response::Job,"Montréal, Québec",Adzuna::API::Response::Location,"['Canada', 'Québec', 'Montréal']",Adzuna::API::Response::Category,it-jobs,IT Jobs,Axya,Adzuna::API::Response::Company,,,
eyJhbGciOiJIUzI1NiJ9.eyJzIjoiQW81aEQyQ1M4UkdqSjVaTnFHbTBmZyIsImkiOiI1ODI4MzY2MTcyIn0.K9Q8U_EI3tHHOAGpaERqZ74hviWOlzx1Ulq7db0Ctpw,5828366172,https://www.adzuna.ca/details/5828366172?utm_medium=api&utm_source=e90db681,"Date de fin d’affichage : Le 17 août 2026 Posting closing date: August 17, 2026 Statut : Temporaire , temps plein (18 mois) Status: Temporary, Full Time (18 months) (English to follow) Chef – Excellence en commercialisation (Gestionnaire omnicanal) L’équipe Excellence et innovation commerciales est à la recherche d’une personne talentueuse pour se joindre à elle en tant que chef – Excellence en commercialisation (omnicanal) chez Pfizer (une entreprise d’envergure internationale offrant de nombr…",45.451188,0,2026-08-04T19:19:27Z,-73.866041,"Chef – Excellence en commercialisation (Gestionnaire omnicanal) / Manager, Go to Market Excellence (Omnichannel Manager)",,Adzuna::API::Response::Job,"Kirkland, Montréal",Adzuna::API::Response::Location,"['Canada', 'Québec', 'Montréal', 'Kirkland']",Adzuna::API::Response::Category,it-jobs,IT Jobs,Pfizer,Adzuna::API::Response::Company,full_time,,
eyJhbGciOiJIUzI1NiJ9.eyJzIjoiQW81aEQyQ1M4UkdqSjVaTnFHbTBmZyIsImkiOiI1ODI4MzY2MDA4In0.cfTZ_vu1lf7T-M4cJ-GYjcB_0NhREWj1JNTUeW9xfJs,5828366008,https://www.adzuna.ca/details/5828366008?utm_medium=api&utm_source=e90db681,"à propos Expert en science de données En tant qu'expert en science de données, vous serez la référence technique de l'organisation pour la conception, le développement et l'industrialisation de solutions avancées en intelligence artificielle et en analytique avancée. Vous interviendrez sur les mandats les plus complexes nécessitant une expertise approfondie en modélisation mathématique, apprentissage automatique et optimisation. Vous jouerez un rôle stratégique auprès des clients en les accompa…",45.544959,0,2026-08-04T19:19:26Z,-73.588138,Expert en science de données,,Adzuna::API::Response::Job,"Montréal, Québec",Adzuna::API::Response::Location,"['Canada', 'Québec', 'Montréal']",Adzuna::API::Response::Category,it-jobs,IT Jobs,"Videns, propulsée par COFOMO",Adzuna::API::Response::Company,,,
eyJhbGciOiJIUzI1NiJ9.eyJzIjoiQW81aEQyQ1M4UkdqSjVaTnFHbTBmZyIsImkiOiI1ODI4MzY1OTU4In0.sd82ku6Sd7eySTgRaiB6aSJIDLArZMkMhmtLDAxQd3s,5828365958,https://www.adzuna.ca/details/5828365958?utm_medium=api&utm_source=e90db681,"Introduction Deuxième plus important réseau de transport collectif dans la région métropolitaine de Montréal, exo exploite les services de train, d’autobus et de transport adapté des couronnes nord et sud de Montréal. Chez exo vous retrouverez une organisation à dimension humaine, tournée vers l’avenir et l’innovation, au service des communautés. Un milieu de travail où, selon la nature de l’emploi, la flexibilité des horaires et le télétravail en mode hybride sont favorisés, facilitant la conc…",45.544959,0,2026-08-04T19:19:26Z,-73.588138,Conseiller(ère) - Intégration bureautique,,Adzuna::API::Response::Job,"Montréal, Québec",Adzuna::API::Response::Location,"['Canada', 'Québec', 'Montréal']",Adzuna::API::Response::Category,it-jobs,IT Jobs,Exo – Réseau de transport métropolitain,Adzuna::API::Response::Company,,,
eyJhbGciOiJIUzI1NiJ9.eyJzIjoiQW81aEQyQ1M4UkdqSjVaTnFHbTBmZyIsImkiOiI1ODI4MzY1ODczIn0.2QNwUia6KJKUcJRQvAslJsRUh72fuOnDDIuW85KWYYg,5828365873,https://www.adzuna.ca/details/5828365873?utm_medium=api&utm_source=e90db681,"Red Hat OpenShift and Kubernetes Specialist - NETE Weir Canada Inc., Weir Marine Engineering LaSalle, QC (alternate possibility: Halifax, NS) Hybrid (Position 06-306) [version en français ci-bas - French version follows] Purpose of Role Weir Marine Engineering (WME) has an exciting and interesting opportunity for a Red Hat OpenShift and Kubernetes Specialist to design, develop, and test IT solutions in a hybrid and private cloud infrastructure for existing and future ships of the Royal Canadian…",45.544959,0,2026-08-04T19:19:25Z,-73.588138,Specialist / Spécialiste – Red Hat OpenShift et Kubernetes - NETE,contract,Adzuna::API::Response::Job,"Montréal, Québec",Adzuna::API::Response::Location,"['Canada', 'Québec', 'Montréal']",Adzuna::API::Response::Category,it-jobs,IT Jobs,The Weir Group PLC,Adzuna::API::Response::Company,full_time,,
eyJhbGciOiJIUzI1NiJ9.eyJzIjoiQW81aEQyQ1M4UkdqSjVaTnFHbTBmZyIsImkiOiI1ODI4MzY1NjkwIn0.Dhi5vyVkGa3S2mxnIbdkie0GflT8UHK5vOd49Z7EF9s,5828365690,https://www.adzuna.ca/details/5828365690?utm_medium=api&utm_source=e90db681,Nous cherchons nounou et assistante maternelle à Sainte-Julie (J3E) pour mise en contact avec des familles cherchant une garde d’enfant. Renseignez votre profil via notre site internet. Merci !,45.583125,0,2026-08-04T19:19:16Z,-73.334114,Cherchons une assistante maternelle / nounou à Sainte-Julie - J3E,,Adzuna::API::Response::Job,"Sainte-Julie, Lajemmerais",Adzuna::API::Response::Location,"['Canada', 'Québec', 'Montérégie', 'Lajemmerais', 'Sainte-Julie']",Adzuna::API::Response::Category,it-jobs,IT Jobs,topnanny.net,Adzuna::API::Response::Company,,,
