id,created,description,latitude,salary_is_predicted,redirect_url,adref,title,longitude,__CLASS__,location.area,location.__CLASS__,location.display_name,category.tag,category.__CLASS__,category.label,company.__CLASS__,company.display_name,contract_type,salary_max,contract_time,salary_min
5870585435,2026-09-04T07:55:25Z,"Job Description Job Description At OneSpan, we specialize in digital identity and anti-fraud solutions that create exceptional and secure experiences. Responsable des incidents senior OneSpan est à la recherche d'un(e) Responsable des incidents senior hautement performant(e) pour se joindre à notre équipe de Montréal . OneSpan aide les organisations à transformer la façon dont elles sécurisent, signent et gèrent les ententes grâce à des solutions de pointe en vérification de l'identité numériqu…",45.544959,0,https://www.adzuna.ca/details/5870585435?utm_medium=api&utm_source=e90db681,eyJhbGciOiJIUzI1NiJ9.eyJzIjoiSU9LdmttQ284UkcxZmNNamF4Ql8tdyIsImkiOiI1ODcwNTg1NDM1In0.OBReACPbnnLM44ZEpciu8EM2CUbaKU8csqVgh1Cdheg,Responsable des incidents senior / Senior Incident Manager,-73.588138,Adzuna::API::Response::Job,"['Canada', 'Québec', 'Montréal']",Adzuna::API::Response::Location,"Montréal, Québec",it-jobs,Adzuna::API::Response::Category,IT Jobs,Adzuna::API::Response::Company,OneSpan,,,,
5870585038,2026-09-04T07:55:05Z,"Job Description Job Description Overview We are seeking an IT Procurement Specialist for a 6 month contract-to-hire opportunity based in Montréal. This is a hybrid job working on site 2 days per week. Location: Montréal (Hybrid – 2 days on site) Duration: 6-month contract to hire Responsibilities & Qualifications Approximately 6 years of experience in IT procurement. Experience procuring software and technology-related solutions. Experience with procurement processes including RFP, RFI, RFQ, an…",45.544959,0,https://www.adzuna.ca/details/5870585038?utm_medium=api&utm_source=e90db681,eyJhbGciOiJIUzI1NiJ9.eyJpIjoiNTg3MDU4NTAzOCIsInMiOiJJT0t2a21DbzhSRzFmY01qYXhCXy13In0.C5Yp6GzPYBxT2o1XunyEp9vIy_RtcCDxQejv7Rq9uyI,IT Procurement Specialist - Hybrid,-73.588138,Adzuna::API::Response::Job,"['Canada', 'Québec', 'Montréal']",Adzuna::API::Response::Location,"Montréal, Québec",it-jobs,Adzuna::API::Response::Category,IT Jobs,Adzuna::API::Response::Company,"Computer Task Group, Inc",contract,,,
5870584835,2026-09-04T07:54:55Z,"Job Description Job Description - English to follow - À propos de Stay22 Basée à Montréal, Stay22 aide les créateurs ambitieux et les plateformes numériques à forte intention à transformer leur trafic existant en revenus additionnels, grâce à une technologie qui fonctionne discrètement en arrière-plan. Aujourd'hui, plus de 6 500 créateurs et plateformes font confiance à Stay22, avec plus d'un milliard de dollars en transactions annuelles transitant par la plateforme. Initialement conçue pour le…",45.544959,0,https://www.adzuna.ca/details/5870584835?utm_medium=api&utm_source=e90db681,eyJhbGciOiJIUzI1NiJ9.eyJzIjoiSU9LdmttQ284UkcxZmNNamF4Ql8tdyIsImkiOiI1ODcwNTg0ODM1In0.1yLJ6NEPeeYHy--n_PgUp6jBZ2gHHOB1fLOu6kKiebA,Senior Fullstack Developer - General application,-73.588138,Adzuna::API::Response::Job,"['Canada', 'Québec', 'Montréal']",Adzuna::API::Response::Location,"Montréal, Québec",it-jobs,Adzuna::API::Response::Category,IT Jobs,Adzuna::API::Response::Company,Stay22,,,,
5870582931,2026-09-04T07:53:32Z,"Job Description Job Description À propos de Robert Bosch GmbH Basée en Allemagne, Robert Bosch GmbH est un fournisseur mondial de premier plan avec quatre principaux secteurs d’activité : technologies automobiles, technologies industrielles, biens de consommation et technologies de l’énergie et du bâtiment. Plus de 400 000 collaborateurs génèrent un chiffre d’affaires de plus de 90 milliards d’euros. Bosch améliore la qualité de vie dans le monde grâce à des produits et services innovants qui s…",45.544959,0,https://www.adzuna.ca/details/5870582931?utm_medium=api&utm_source=e90db681,eyJhbGciOiJIUzI1NiJ9.eyJzIjoiSU9LdmttQ284UkcxZmNNamF4Ql8tdyIsImkiOiI1ODcwNTgyOTMxIn0.6yH-T3wn59feB3PIIqkAoRhQaOVRg__x8Vz100K-utA,Technicien principal - Systèmes de sécurité I Senior Technician - Security,-73.588138,Adzuna::API::Response::Job,"['Canada', 'Québec', 'Montréal']",Adzuna::API::Response::Location,"Montréal, Québec",it-jobs,Adzuna::API::Response::Category,IT Jobs,Adzuna::API::Response::Company,Bosch Building Technologies,,,,
5870580879,2026-09-04T07:51:38Z,"Job Description Job Description Location: Remote, must be based in Quebec Schedule: Part-Time | 3-Month Contract (chance of renewal/moving permanent) Salary: $60/hr - $90/hr (based on experience) Company: Our client is a technology-focused consulting and solutions firm that helps organizations modernize operations through automation, systems integration, and data-driven workflows. Their team works closely with clients to design scalable digital infrastructure that improves visibility, efficienc…",45.544959,0,https://www.adzuna.ca/details/5870580879?utm_medium=api&utm_source=e90db681,eyJhbGciOiJIUzI1NiJ9.eyJpIjoiNTg3MDU4MDg3OSIsInMiOiJJT0t2a21DbzhSRzFmY01qYXhCXy13In0.5cPhLNF9V5fNsrXyt8GizQdPoRFI8N9T1dd56R3-YRo,Data Engineer,-73.588138,Adzuna::API::Response::Job,"['Canada', 'Québec', 'Montréal']",Adzuna::API::Response::Location,"Montréal, Québec",it-jobs,Adzuna::API::Response::Category,IT Jobs,Adzuna::API::Response::Company,Invictus Direct,contract,187200.0,part_time,124800.0
5870580323,2026-09-04T07:51:09Z,"Job Description Job Description:\n\nApercu du poste : \nAu sein de l’équipe d’assistance vidéo et d’intégration, le spécialiste de la livraison et du support est chargé d’étudier et de résoudre des problèmes techniques complexes, de mener des dépannages avancés et des analyses des causes profondes, et de garantir la résolution rapide des incidents ayant un impact sur les clients, tout en maintenant un niveau élevé de qualité de service et de satisfaction client. Ce poste exige une solide méthod…",45.544959,0,https://www.adzuna.ca/details/5870580323?utm_medium=api&utm_source=e90db681,eyJhbGciOiJIUzI1NiJ9.eyJpIjoiNTg3MDU4MDMyMyIsInMiOiJJT0t2a21DbzhSRzFmY01qYXhCXy13In0.jZ9Gf2ji-wew-gwKet42pEXMv3J7O-XiQyEstIsMFBs,Spécialiste livraison et support / Delivery & Support Specialist - Integration,-73.588138,Adzuna::API::Response::Job,"['Canada', 'Québec', 'Montréal']",Adzuna::API::Response::Location,"Montréal, Québec",it-jobs,Adzuna::API::Response::Category,IT Jobs,Adzuna::API::Response::Company,Genetec,,,,
5870578228,2026-09-04T07:49:45Z,"Job Description Job Description About Nakisa Nakisa is a global leader in AI-powered enterprise software for Human Resources, Financial Management, and Commercial Real Estate (CRE). Our cloud platform powers mission-critical operations for 1,100 organizations in 135 countries and serves millions of users. We are building the next wave of enterprise applications with Nakisa AI. Our products use retrieval-augmented generation (RAG) with secure API integrations to large language models. Customer d…",45.544959,0,https://www.adzuna.ca/details/5870578228?utm_medium=api&utm_source=e90db681,eyJhbGciOiJIUzI1NiJ9.eyJzIjoiSU9LdmttQ284UkcxZmNNamF4Ql8tdyIsImkiOiI1ODcwNTc4MjI4In0.nsP8HoDP-mq3XVtkiUBYv1JYBNFSX5aX3GRoHRCCdaU,Software Developer - Applications,-73.588138,Adzuna::API::Response::Job,"['Canada', 'Québec', 'Montréal']",Adzuna::API::Response::Location,"Montréal, Québec",it-jobs,Adzuna::API::Response::Category,IT Jobs,Adzuna::API::Response::Company,Nakisa,,,,
5870577943,2026-09-04T07:49:34Z,"Job Description Job Description The Opportunity Manufacturing powers the global economy at $50T a year and it relies heavily on human dexterity and skill to produce the goods we rely on every day. Yet manufacturers have little visibility when issues arise at manual assembly stations, impacting productivity and quality. Assembler AI is changing that. We use computer vision and artificial intelligence to help manufacturers improve quality, reduce waste, increase throughput, and enable frontline e…",45.544959,0,https://www.adzuna.ca/details/5870577943?utm_medium=api&utm_source=e90db681,eyJhbGciOiJIUzI1NiJ9.eyJzIjoiSU9LdmttQ284UkcxZmNNamF4Ql8tdyIsImkiOiI1ODcwNTc3OTQzIn0.j2HITGxlrS_v2kO_Y0K7UyhunWMdBoJaYB3wc5gHubo,Senior Full Stack Software Developer,-73.588138,Adzuna::API::Response::Job,"['Canada', 'Québec', 'Montréal']",Adzuna::API::Response::Location,"Montréal, Québec",it-jobs,Adzuna::API::Response::Category,IT Jobs,Adzuna::API::Response::Company,Assembler AI,,,,
5870575666,2026-09-04T07:48:12Z,"Location: Remote, must be based in Quebec Schedule: Part-Time | 3-Month Contract (chance of renewal/moving permanent) Salary: $60/hr - $90/hr (based on experience) Company: Our client is a technology-focused consulting and solutions firm that helps organizations modernize operations through automation, systems integration, and data-driven workflows. Their team works closely with clients to design scalable digital infrastructure that improves visibility, efficiency, and cross-functional collabor…",45.544959,0,https://www.adzuna.ca/details/5870575666?utm_medium=api&utm_source=e90db681,eyJhbGciOiJIUzI1NiJ9.eyJpIjoiNTg3MDU3NTY2NiIsInMiOiJJT0t2a21DbzhSRzFmY01qYXhCXy13In0.j9fe6X4eh0_pv8jnlQt8KppTPYXn3QFEvPQO7aRrE7s,Data Engineer,-73.588138,Adzuna::API::Response::Job,"['Canada', 'Québec', 'Montréal']",Adzuna::API::Response::Location,"Montréal, Québec",it-jobs,Adzuna::API::Response::Category,IT Jobs,Adzuna::API::Response::Company,Invictus Direct,contract,187200.0,part_time,124800.0
5870572109,2026-09-04T07:46:29Z,"Job Description Job Description Titre du poste: Analyste en Planification Description du poste L'analyste en planification est chargé de surveiller les portefeuilles de projets, d'évaluer les risques et de s'assurer que les projets restent sur la bonne voie, de la planification à la livraison. Cette personne analysera la progression des projets, identifiera les risques en amont et travaillera en étroite collaboration avec les chefs de projet et les principales parties prenantes pour soutenir un…",45.544959,0,https://www.adzuna.ca/details/5870572109?utm_medium=api&utm_source=e90db681,eyJhbGciOiJIUzI1NiJ9.eyJpIjoiNTg3MDU3MjEwOSIsInMiOiJJT0t2a21DbzhSRzFmY01qYXhCXy13In0._XNSTa9laJMM6QTqZN0pcdr6TvRTYYACgqlCAvWT1So,Analyste En Planification | Planning Analyst,-73.588138,Adzuna::API::Response::Job,"['Canada', 'Québec', 'Montréal']",Adzuna::API::Response::Location,"Montréal, Québec",it-jobs,Adzuna::API::Response::Category,IT Jobs,Adzuna::API::Response::Company,Aston Carter,contract,,,
5870567165,2026-09-04T07:44:10Z,"Job Description Job Description:\n\nIngénieur(e) en réparation\nDescription du poste\nCe poste soutient le groupe de maintenance, réparation et révision (MRO) en analysant des moteurs à gaz ou des composants défectueux, en évaluant leur écart par rapport aux exigences techniques et en précisant les limites d’inspection. L’ingénieur(e) en réparation collabore étroitement avec les équipes de conception, d’analyse de contraintes et d’essais pour proposer des solutions de réparation appropriées et …",45.44182,0,https://www.adzuna.ca/details/5870567165?utm_medium=api&utm_source=e90db681,eyJhbGciOiJIUzI1NiJ9.eyJpIjoiNTg3MDU2NzE2NSIsInMiOiJJT0t2a21DbzhSRzFmY01qYXhCXy13In0.bDEzvE32rCK7MKJnOFMDFTHdOGAUbh1oKrDr40F6tyA,Ingénieur En Réparation - Repair Engineer,-73.684756,Adzuna::API::Response::Job,"['Canada', 'Québec', 'Montréal', 'Lachine']",Adzuna::API::Response::Location,"Lachine, Montréal",it-jobs,Adzuna::API::Response::Category,IT Jobs,Adzuna::API::Response::Company,Actalent,contract,,,
5870557655,2026-09-04T07:41:04Z,"Job Description Job Description A bout Casey's Creative Kitchens At Casey's Creative Kitchens, we believe kitchens are the backdrop of life, where morning routines, family dinners, and lasting memories are made. For over 48 years, we've been designing and crafting custom cabinetry across Southwestern Ontario, guided by one simple principle: form follows function. From design and custom cabinetry to stone countertop fabrication, we offer a complete approach to transforming spaces. Now in our sec…",46.01561,0,https://www.adzuna.ca/details/5870557655?utm_medium=api&utm_source=e90db681,eyJhbGciOiJIUzI1NiJ9.eyJzIjoiSU9LdmttQ284UkcxZmNNamF4Ql8tdyIsImkiOiI1ODcwNTU3NjU1In0.cYDHpwb_NW6Af7e5ybYVTe8R3tZPG0elgtJiIjMmAuE,IT Support Technician,-73.34992,Adzuna::API::Response::Job,"['Canada', 'Québec', 'Lanaudière', 'Joliette', 'Saint-Thomas']",Adzuna::API::Response::Location,"Saint-Thomas, Joliette",it-jobs,Adzuna::API::Response::Category,IT Jobs,Adzuna::API::Response::Company,Casey's Creative Kitchens,,,,
5870555356,2026-09-04T07:40:12Z,"Job Description Job Description Titre du poste: Analyste en Planification Description du poste L'analyste en planification est chargé de surveiller les portefeuilles de projets, d'évaluer les risques et de s'assurer que les projets restent sur la bonne voie, de la planification à la livraison. Cette personne analysera la progression des projets, identifiera les risques en amont et travaillera en étroite collaboration avec les chefs de projet et les principales parties prenantes pour soutenir un…",45.544959,0,https://www.adzuna.ca/details/5870555356?utm_medium=api&utm_source=e90db681,eyJhbGciOiJIUzI1NiJ9.eyJpIjoiNTg3MDU1NTM1NiIsInMiOiJJT0t2a21DbzhSRzFmY01qYXhCXy13In0.QfR1dUi5lExfXVUOzFOKM5OzgHWaDlx9dRTKfjUQKyM,Analyste En Planification/ Planning Analyst,-73.588138,Adzuna::API::Response::Job,"['Canada', 'Québec', 'Montréal']",Adzuna::API::Response::Location,"Montréal, Québec",it-jobs,Adzuna::API::Response::Category,IT Jobs,Adzuna::API::Response::Company,Aston Carter,contract,,,
5870554719,2026-09-04T07:39:59Z,"Job Description Job Description About us: Apertera is building a dedicated Language Technology & Workflow Automation team to help accelerate and scale how our Professional Translation business operates. This team will improve productivity, quality, and scalability across intake, quoting, project setup, translation workflows, linguistic assets, QA, reporting, and system integrations. We are looking for a senior technical lead who can understand translation operations, drive automation initiative…",45.544959,0,https://www.adzuna.ca/details/5870554719?utm_medium=api&utm_source=e90db681,eyJhbGciOiJIUzI1NiJ9.eyJpIjoiNTg3MDU1NDcxOSIsInMiOiJJT0t2a21DbzhSRzFmY01qYXhCXy13In0.nrMus-ldu1homdU736V2rT3K_YfBYiAiwWbK-0VCOfE,"Localization Lead, Engineering & Automation",-73.588138,Adzuna::API::Response::Job,"['Canada', 'Québec', 'Montréal']",Adzuna::API::Response::Location,"Montréal, Québec",it-jobs,Adzuna::API::Response::Category,IT Jobs,Adzuna::API::Response::Company,Apertera,,,,
5870538049,2026-09-04T07:34:14Z,"Description de l'entreprise Notre organisation, située dans la région métropolitaine de Montréal propose des services professionnels en Ingénieire et en Sciences de la Vie par le biais de ses consultants. Nous couvrons des segments de marché tel que l'industrie Pharmaceutique, Agroalimentaire, Cosmétiques, des Dispositifs Médicaux et des Technologies de l'Information et des Communications (TIC). Sans toutefois être exhaustives, les compétences couvertes par nos consultants englobent les activit…",45.458603,0,https://www.adzuna.ca/details/5870538049?utm_medium=api&utm_source=e90db681,eyJhbGciOiJIUzI1NiJ9.eyJzIjoiSU9LdmttQ284UkcxZmNNamF4Ql8tdyIsImkiOiI1ODcwNTM4MDQ5In0.yfJKXoy_g0QPtnPBK8Dd9MsPTASOZODde1lzyJPR73w,Développeur de logiciel,-73.467023,Adzuna::API::Response::Job,"['Canada', 'Québec', 'Montérégie', 'Champlain', 'Brossard']",Adzuna::API::Response::Location,"Brossard, Champlain",it-jobs,Adzuna::API::Response::Category,IT Jobs,Adzuna::API::Response::Company,Fop Experts Conseils Inc.,permanent,85000.0,full_time,60000.0
5870538045,2026-09-04T07:34:14Z,"Description de l'entreprise Notre organisation, située dans la région métropolitaine de Montréal propose des services professionnels en Ingénieire et en Sciences de la Vie par le biais de ses consultants. Nous couvrons des segments de marché tel que l'industrie Pharmaceutique, Agroalimentaire, Cosmétiques, des Dispositifs Médicaux et des Technologies de l'Information et des Communications (TIC). Sans toutefois être exhaustives, les compétences couvertes par nos consultants englobent les activit…",45.458603,0,https://www.adzuna.ca/details/5870538045?utm_medium=api&utm_source=e90db681,eyJhbGciOiJIUzI1NiJ9.eyJzIjoiSU9LdmttQ284UkcxZmNNamF4Ql8tdyIsImkiOiI1ODcwNTM4MDQ1In0.N_80VZC1LWqbytqJ9HIqTxDetFgKR3MkKjNy1oBT-yI,Chargé de projet en technologie de l'information (ti),-73.467023,Adzuna::API::Response::Job,"['Canada', 'Québec', 'Montérégie', 'Champlain', 'Brossard']",Adzuna::API::Response::Location,"Brossard, Champlain",it-jobs,Adzuna::API::Response::Category,IT Jobs,Adzuna::API::Response::Company,Fop Experts Conseils Inc.,permanent,90000.0,full_time,70000.0
5870538047,2026-09-04T07:34:14Z,"Description de l'entreprise Notre organisation, située dans la région métropolitaine de Montréal propose des services professionnels en Ingénieire et en Sciences de la Vie par le biais de ses consultants. Nous couvrons des segments de marché tel que l'industrie Pharmaceutique, Agroalimentaire, Cosmétiques, des Dispositifs Médicaux et des Technologies de l'Information et des Communications (TIC). Sans toutefois être exhaustives, les compétences couvertes par nos consultants englobent les activit…",45.458603,0,https://www.adzuna.ca/details/5870538047?utm_medium=api&utm_source=e90db681,eyJhbGciOiJIUzI1NiJ9.eyJpIjoiNTg3MDUzODA0NyIsInMiOiJJT0t2a21DbzhSRzFmY01qYXhCXy13In0.PYB2XAmls8lO-GoJw8z71FFeSEaJMnV0TcxUgsilPYs,Support technique informatique,-73.467023,Adzuna::API::Response::Job,"['Canada', 'Québec', 'Montérégie', 'Champlain', 'Brossard']",Adzuna::API::Response::Location,"Brossard, Champlain",it-jobs,Adzuna::API::Response::Category,IT Jobs,Adzuna::API::Response::Company,Fop Experts Conseils Inc.,permanent,60000.0,full_time,45000.0
5870538044,2026-09-04T07:34:14Z,"Description de l'entreprise Notre organisation, située dans la région métropolitaine de Montréal propose des services professionnels en Ingénieire et en Sciences de la Vie par le biais de ses consultants. Nous couvrons des segments de marché tel que l'industrie Pharmaceutique, Agroalimentaire, Cosmétiques, des Dispositifs Médicaux et des Technologies de l'Information et des Communications (TIC). Sans toutefois être exhaustives, les compétences couvertes par nos consultants englobent les activit…",45.458603,0,https://www.adzuna.ca/details/5870538044?utm_medium=api&utm_source=e90db681,eyJhbGciOiJIUzI1NiJ9.eyJzIjoiSU9LdmttQ284UkcxZmNNamF4Ql8tdyIsImkiOiI1ODcwNTM4MDQ0In0.sQ1trTFI0ZiFSpqnq7AlZkZDnZ1TG___GoprJ_H1gvo,Spécialiste/analyste en cybersécurité (ménaces et vulnérabilités),-73.467023,Adzuna::API::Response::Job,"['Canada', 'Québec', 'Montérégie', 'Champlain', 'Brossard']",Adzuna::API::Response::Location,"Brossard, Champlain",it-jobs,Adzuna::API::Response::Category,IT Jobs,Adzuna::API::Response::Company,Fop Experts Conseils Inc.,permanent,85000.0,full_time,60000.0
5870538042,2026-09-04T07:34:14Z,"Description de l'entreprise Notre organisation, située dans la région métropolitaine de Montréal propose des services professionnels en Ingénieire et en Sciences de la Vie par le biais de ses consultants. Nous couvrons des segments de marché tel que l'industrie Pharmaceutique, Agroalimentaire, Cosmétiques, des Dispositifs Médicaux et des Technologies de l'Information et des Communications (TIC). Sans toutefois être exhaustives, les compétences couvertes par nos consultants englobent les activit…",45.458603,0,https://www.adzuna.ca/details/5870538042?utm_medium=api&utm_source=e90db681,eyJhbGciOiJIUzI1NiJ9.eyJpIjoiNTg3MDUzODA0MiIsInMiOiJJT0t2a21DbzhSRzFmY01qYXhCXy13In0.XyUZc0MVFKxIfSzqf2cAQgeLINpH2Ef1TbSFI_dPEUI,Conseiller en architecture technologique (architecte de solution),-73.467023,Adzuna::API::Response::Job,"['Canada', 'Québec', 'Montérégie', 'Champlain', 'Brossard']",Adzuna::API::Response::Location,"Brossard, Champlain",it-jobs,Adzuna::API::Response::Category,IT Jobs,Adzuna::API::Response::Company,Fop Experts Conseils Inc.,permanent,95000.0,full_time,80000.0
5870537978,2026-09-04T07:34:11Z,"Job Description Job Description Founded in 2012, H2O.ai is on a mission to democratize AI. As the world’s leading agentic AI company, H2O.ai converges Generative and Predictive AI to help enterprises and public sector agencies develop purpose-built GenAI applications on their private data. Its open-source technology is trusted by over 20,000 organizations worldwide - including more than half of the Fortune 500 - H2O.ai powers AI transformation for companies like AT&T, Commonwealth Bank of Austr…",45.544959,0,https://www.adzuna.ca/details/5870537978?utm_medium=api&utm_source=e90db681,eyJhbGciOiJIUzI1NiJ9.eyJpIjoiNTg3MDUzNzk3OCIsInMiOiJJT0t2a21DbzhSRzFmY01qYXhCXy13In0.HEDUgvzviGcujzWC-vhjiJHzje3IiCl-XNNHgQwhtN0,Customer Support Engineer,-73.588138,Adzuna::API::Response::Job,"['Canada', 'Québec', 'Montréal']",Adzuna::API::Response::Location,"Montréal, Québec",it-jobs,Adzuna::API::Response::Category,IT Jobs,Adzuna::API::Response::Company,h2o.ai,,,,
5870508784,2026-09-04T07:12:25Z,Job Description Job Description ???? This Isn't Just Another QA Role Join 20 industry veterans (300 delivered projects) building the FPS that's rewriting gaming's rules. We're creating tournament-grade multiplayer systems where players truly own their achievements - and we need someone who breaks things beautifully. Why This Role Hits Different ???? You'll be the guardian of quality for a revolutionary FPS that combines: Hardcore competitive gameplay that demands perfection True digital economi…,45.544959,0,https://www.adzuna.ca/details/5870508784?utm_medium=api&utm_source=e90db681,eyJhbGciOiJIUzI1NiJ9.eyJpIjoiNTg3MDUwODc4NCIsInMiOiJJT0t2a21DbzhSRzFmY01qYXhCXy13In0.NeCOyX30JYqfxSWSLUSQ27fCttksN2vRTYf0GiR3THQ,QA Tester | Multiplayer FPS,-73.588138,Adzuna::API::Response::Job,"['Canada', 'Québec', 'Montréal']",Adzuna::API::Response::Location,"Montréal, Québec",it-jobs,Adzuna::API::Response::Category,IT Jobs,Adzuna::API::Response::Company,Ironbelly Studios,,,,
5870508445,2026-09-04T07:11:58Z,"Our client is a major international player. They have specialized in the design of complex equipment for over 30 years. ROLE The Project Manager is responsible for coordinating, implementing, and monitoring the company's operational projects. This role acts as a central point of coordination between the various departments to ensure efficient, structured implementation aligned with the company's growth objectives. In a context of strong growth, the Project Manager also contributes to the implem…",45.581149,0,https://www.adzuna.ca/details/5870508445?utm_medium=api&utm_source=e90db681,eyJhbGciOiJIUzI1NiJ9.eyJpIjoiNTg3MDUwODQ0NSIsInMiOiJJT0t2a21DbzhSRzFmY01qYXhCXy13In0.m-0rgZuBA0MqO9TWj66medhuSbF_qZ1XH3bFY8RpQdg,Project Manager,-73.742893,Adzuna::API::Response::Job,"['Canada', 'Québec', 'Laval region', 'Laval']",Adzuna::API::Response::Location,"Laval, Laval region",it-jobs,Adzuna::API::Response::Category,IT Jobs,Adzuna::API::Response::Company,A & A Consultants,permanent,,,
5870506152,2026-09-04T07:09:45Z,"Adjoint juridique senior - Droit du travail Cabinet d'avocats, centre-ville de Montréal Notre client, un cabinet d'avocats bien connu, recherche pour son bureau de Montréal, un.e Adjoint.e juridique ayant de l'expérience en droit des autochtones. Vous désirez développer vos compétences et apprendre dans un environnement convivial avec des gens d'expérience, ce poste est pour vous. Formule hybride / Avantages sociaux recherchés / Salaire compétitif Vos responsabilités: Préparer des documents jur…",45.544959,0,https://www.adzuna.ca/details/5870506152?utm_medium=api&utm_source=e90db681,eyJhbGciOiJIUzI1NiJ9.eyJzIjoiSU9LdmttQ284UkcxZmNNamF4Ql8tdyIsImkiOiI1ODcwNTA2MTUyIn0.wJDCbwJHWsBYbGfnMlffGV37kAgo8v029Ju5tnKJhM0,Adjointe juridique senior - Droit du travail (SS - 15963),-73.588138,Adzuna::API::Response::Job,"['Canada', 'Québec', 'Montréal']",Adzuna::API::Response::Location,"Montréal, Québec",it-jobs,Adzuna::API::Response::Category,IT Jobs,Adzuna::API::Response::Company,TOTEM Recruteur de talent,permanent,,,
5870506157,2026-09-04T07:09:45Z,"Adjointe juridique en droit du travail (litige) 4 ans | Cabinet d'avocats, centre-ville de Montréal Notre client, un cabinet d'avocats bien connu, recherche pour son bureau de Montréal, un.e Adjoint.e juridique en droit du travail avec expérience en litige. Vous désirez développer vos compétences et apprendre dans un environnement convivial avec des gens d'expérience ? Ce poste est pour vous. * Département convivial * Flexibilité * Formule hybride / Avantages sociaux recherchés / Salaire compét…",45.544959,0,https://www.adzuna.ca/details/5870506157?utm_medium=api&utm_source=e90db681,eyJhbGciOiJIUzI1NiJ9.eyJpIjoiNTg3MDUwNjE1NyIsInMiOiJJT0t2a21DbzhSRzFmY01qYXhCXy13In0.6nYXa8obhoEB-BiV3LWHAkfieU9u8oCmj995pz6eWII,Adjointe en Droit du travail (litige) (SS - 15795),-73.588138,Adzuna::API::Response::Job,"['Canada', 'Québec', 'Montréal']",Adzuna::API::Response::Location,"Montréal, Québec",it-jobs,Adzuna::API::Response::Category,IT Jobs,Adzuna::API::Response::Company,TOTEM Recruteur de talent,permanent,,,
5870505047,2026-09-04T07:09:22Z,"Propulsez votre carrière chez Tetra Tech! En tant que leader mondial en génie-conseil, nous cultivons un environnement de travail humain, inclusif et stimulant, centré sur la proximité et l’épanouissement de nos équipes. Chez Tetra Tech , nos gens, c’est notre force : nous comptons plus de 25 000 employé(e)s partout dans le monde, dont plus de 4000 au Canada et 1 300 au Québec. Nos équipes le disent haut et fort – On choisit Tetra Tech pour : L’excellence, l’intégrité, la collaboration, la bien…",45.544959,0,https://www.adzuna.ca/details/5870505047?utm_medium=api&utm_source=e90db681,eyJhbGciOiJIUzI1NiJ9.eyJpIjoiNTg3MDUwNTA0NyIsInMiOiJJT0t2a21DbzhSRzFmY01qYXhCXy13In0.YoVsEgIX9wHnfN-RGS_Beya__sfpRBPAWJLcqAx6LWE,Estimateur(trice) en mécanique du bâtiment - intermédiaire (Bureau de projet ligne bleue),-73.588138,Adzuna::API::Response::Job,"['Canada', 'Québec', 'Montréal']",Adzuna::API::Response::Location,"Montréal, Québec",it-jobs,Adzuna::API::Response::Category,IT Jobs,Adzuna::API::Response::Company,Tetra Tech,,,,
5870446844,2026-09-04T06:39:18Z,"Job Description Job Description Staff Officer, Simulation Location: Canadian Army Simulation Centre (CASC), Kingston, Ontario Employment Type: Full-Time Work Location: On-Site Security Clearance: Level II (SECRET) Citizenship: Canadian citizenship required Language: English Travel: Valid passport required Position Overview We are seeking three Staff Officers, Simulation (Sim SOs) to support the Canadian Army Simulation Centre (CASC) in Kingston, Ontario. The Sim SOs will assist military Officer…",45.544959,0,https://www.adzuna.ca/land/ad/5870446844?se=IOKvkmCo8RG1fcMjaxB_-w&utm_medium=api&utm_source=e90db681&v=8C92D8FD48A81BED452F07401128A2EA51566493,eyJhbGciOiJIUzI1NiJ9.eyJpIjoiNTg3MDQ0Njg0NCIsInMiOiJJT0t2a21DbzhSRzFmY01qYXhCXy13In0.Y7NCZL_smdFRBBM63CNM44PD9lhLmFaDus7xJyIoi0o,"Staff Officer, Simulation",-73.588138,Adzuna::API::Response::Job,"['Canada', 'Québec', 'Montréal']",Adzuna::API::Response::Location,"Montréal, Québec",it-jobs,Adzuna::API::Response::Category,IT Jobs,Adzuna::API::Response::Company,Calian,,,,
5870431642,2026-09-04T06:34:31Z,"The Opportunity Over 1.7 billion people worldwide live with musculoskeletal pain — and Hinge Health is on a mission to help them move beyond it. Our TrueMotion computer vision technology turns everyday mobile devices into powerful motion-tracking tools, giving members real-time feedback and guidance as they work through personalized exercise therapy. The CV User Experience team is responsible for making that magic feel effortless: building deeply interactive, TrueMotion-driven features that mon…",45.544959,0,https://www.adzuna.ca/details/5870431642?utm_medium=api&utm_source=e90db681,eyJhbGciOiJIUzI1NiJ9.eyJzIjoiSU9LdmttQ284UkcxZmNNamF4Ql8tdyIsImkiOiI1ODcwNDMxNjQyIn0.GjWVNRTocfSK7rr6yD_j7ESe9oKfWBsCh97UoYcsDD8,"Staff Software Engineer, CV UX",-73.588138,Adzuna::API::Response::Job,"['Canada', 'Québec', 'Montréal']",Adzuna::API::Response::Location,"Montréal, Québec",it-jobs,Adzuna::API::Response::Category,IT Jobs,Adzuna::API::Response::Company,Hinge Health,,,,
5870430583,2026-09-04T06:34:09Z,"About Chainlink Chainlink is the industry-standard oracle platform bringing the capital markets onchain and powering the majority of decentralized finance (DeFi). The Chainlink stack provides the essential data, interoperability, compliance, and privacy standards needed to power advanced blockchain use cases for institutional tokenized assets, lending, payments, stablecoins, and more. Since inventing decentralized oracle networks, Chainlink has enabled tens of trillions in transaction value and…",45.544959,0,https://www.adzuna.ca/details/5870430583?utm_medium=api&utm_source=e90db681,eyJhbGciOiJIUzI1NiJ9.eyJpIjoiNTg3MDQzMDU4MyIsInMiOiJJT0t2a21DbzhSRzFmY01qYXhCXy13In0.t_ZS3_pbbfUybDqHK1T-OgHGdnwOQYEbtjk4T6vOFcI,"Engineering Manager, Data Feeds",-73.588138,Adzuna::API::Response::Job,"['Canada', 'Québec', 'Montréal']",Adzuna::API::Response::Location,"Montréal, Québec",it-jobs,Adzuna::API::Response::Category,IT Jobs,Adzuna::API::Response::Company,Chainlink Labs,,,,
5870279701,2026-09-04T04:51:31Z,"*L'ingénieur chargé de l'exploitation des satellites peut s'attendre à être joignable sur appel (généralement une semaine sur quatre). Ce poste est situé à l'Agence spatiale canadienne (ASC) à Saint-Hubert, QC.* Description du projet : MDA Geospatial Services Inc. est un fournisseur mondial de premier plan de solutions d'information géospatiale de pointe dérivées des satellites RADARSAT à haute résolution, des satellites optiques commerciaux et des systèmes aériens, à l'intention d'une clientèl…",45.53901,0,https://www.adzuna.ca/details/5870279701?utm_medium=api&utm_source=e90db681,eyJhbGciOiJIUzI1NiJ9.eyJzIjoiSU9LdmttQ284UkcxZmNNamF4Ql8tdyIsImkiOiI1ODcwMjc5NzAxIn0.aOGzlcPOoRAxNOlZUktsBo2ZWPnXHTifAx2_VNEvpmc,Spécialiste des opérations système / Operations Systems Specialist,-73.40198,Adzuna::API::Response::Job,"['Canada', 'Québec', 'Montérégie', 'Champlain', 'Saint-Hubert']",Adzuna::API::Response::Location,"Saint-Hubert, Champlain",it-jobs,Adzuna::API::Response::Category,IT Jobs,Adzuna::API::Response::Company,MDA Space Canada,,,full_time,
5870277555,2026-09-04T04:49:58Z,"Veuillez cliquer ici pour la version française We are Dulcedo At Dulcedo, talent management is not about volume - it’s about strategy, structure, and long-term vision. We are a full-service talent management agency specializing in the representation of creators, influencers, athletes, models, and entertainment talent across North America and internationally.Our mission is to build scalable, sustainable careers for our talent while delivering white-glove service to the brands and partners who co…",45.544959,0,https://www.adzuna.ca/details/5870277555?utm_medium=api&utm_source=e90db681,eyJhbGciOiJIUzI1NiJ9.eyJzIjoiSU9LdmttQ284UkcxZmNNamF4Ql8tdyIsImkiOiI1ODcwMjc3NTU1In0.CfZBjKKxl8vukcbvqOwkQn9TBnGVkAnjMJFJszo6HmE,"Senior Manager, Project & Transformation",-73.588138,Adzuna::API::Response::Job,"['Canada', 'Québec', 'Montréal']",Adzuna::API::Response::Location,"Montréal, Québec",it-jobs,Adzuna::API::Response::Category,IT Jobs,Adzuna::API::Response::Company,Dulcedo Management,,130000.0,full_time,120000.0
5870262549,2026-09-04T04:39:59Z,"Job Description We are seeking an ML Solutions Architect who brings broad software engineering expertise along with strong machine learning-adjacent experience. In this role, you will lead the high-level design of systems that integrate ML models into our broader product suite. You will act as a technical consultant, evaluating customer requirements and determining whether they can be addressed with off-the-shelf solutions or should be escalated as specialized research initiatives for our Deep …",45.544959,0,https://www.adzuna.ca/details/5870262549?utm_medium=api&utm_source=e90db681,eyJhbGciOiJIUzI1NiJ9.eyJpIjoiNTg3MDI2MjU0OSIsInMiOiJJT0t2a21DbzhSRzFmY01qYXhCXy13In0.RXKCC-gn9qgtoAF0x84wEJua0k1J7P8h-3550T4bJxE,ML Solutions Architect - Architecte de solutions ML,-73.588138,Adzuna::API::Response::Job,"['Canada', 'Québec', 'Montréal']",Adzuna::API::Response::Location,"Montréal, Québec",it-jobs,Adzuna::API::Response::Category,IT Jobs,Adzuna::API::Response::Company,NBCUniversal,,,,
5870260223,2026-09-04T04:36:47Z,"Building the space between proven and possible, MDA Space (TSX:MDA) is a trusted mission partner to the global space industry. A robotics, satellite systems and geointelligence pioneer with a 55-year story of world firsts and more than 450 missions, MDA Space is a global leader in communications satellites, Earth and space observation, and space exploration and infrastructure. The MDA Space team of more than 5,500 space experts in Canada, the US and the UK has the knowledge and know-how to turn…",45.42729,0,https://www.adzuna.ca/details/5870260223?utm_medium=api&utm_source=e90db681,eyJhbGciOiJIUzI1NiJ9.eyJzIjoiSU9LdmttQ284UkcxZmNNamF4Ql8tdyIsImkiOiI1ODcwMjYwMjIzIn0.YFNg3JFDir84-dEwBbbvsmJM39DqmXCGeQUe2AanKQI,Gestionnaire de l'AIT EGSE Logiciel,-73.9318,Adzuna::API::Response::Job,"['Canada', 'Québec', 'Montréal', ""Baie-d'Urfé""]",Adzuna::API::Response::Location,"Baie-d'Urfé, Montréal",it-jobs,Adzuna::API::Response::Category,IT Jobs,Adzuna::API::Response::Company,MDA Space Canada,,,full_time,
5870258298,2026-09-04T04:34:25Z,"Chez Mirego, tu feras partie intégrante d’une équipe dédiée au développement de produits numériques innovants. En collaboration avec une équipe de développement expérimentée ainsi que des spécialistes en gestion de produits, design, assurance qualité et agilité, tu participeras à la création d’applications qui ont un réel impact, que ce soit à petite ou grande échelle. Nous croyons que chaque membre de l’équipe a un rôle clé à jouer. Ton stage chez Mirego te permettra de relever des défis stimu…",45.544959,0,https://www.adzuna.ca/details/5870258298?utm_medium=api&utm_source=e90db681,eyJhbGciOiJIUzI1NiJ9.eyJzIjoiSU9LdmttQ284UkcxZmNNamF4Ql8tdyIsImkiOiI1ODcwMjU4Mjk4In0.WpepCQKUiLVPaQtzN9AxaYJfusG_p19PxBC9UOByJG4,Stagiaire en développement logiciel - Équipe d’intelligence artificielle générative - janvier 2027,-73.588138,Adzuna::API::Response::Job,"['Canada', 'Québec', 'Montréal']",Adzuna::API::Response::Location,"Montréal, Québec",it-jobs,Adzuna::API::Response::Category,IT Jobs,Adzuna::API::Response::Company,Mirego,contract,,full_time,
5870258032,2026-09-04T04:33:59Z,"Infosys is seeking SAP Security Lead – S/4HANA Migration. The SAP Security Lead will be responsible for designing, implementing, and governing security strategies for SAP S/4HANA migration projects. This includes managing roles and authorizations, ensuring compliance with SoD policies, and integrating SAP GRC solutions. The role requires alignment with SAP Activate methodology, oversight of security during cutover, and adherence to regulatory standards such as SOX and GDPR. Experience in workin…",45.544959,0,https://www.adzuna.ca/details/5870258032?utm_medium=api&utm_source=e90db681,eyJhbGciOiJIUzI1NiJ9.eyJzIjoiSU9LdmttQ284UkcxZmNNamF4Ql8tdyIsImkiOiI1ODcwMjU4MDMyIn0.vCNyqiJCCzYlaEgoKNXo1rV-XHoqRwracZ1XMoGdL9k,SAP Security – S/4HANA Migration,-73.588138,Adzuna::API::Response::Job,"['Canada', 'Québec', 'Montréal']",Adzuna::API::Response::Location,"Montréal, Québec",it-jobs,Adzuna::API::Response::Category,IT Jobs,Adzuna::API::Response::Company,Infosys,,,,
5870257165,2026-09-04T04:32:51Z,"Alteo is looking for a DBA for a permanent position based in Montreal.  Hybrid Work  You will play a key role in the architecture, management, and evolution of the organization’s databases. You will be responsible for optimizing their performance, strengthening their security, and ensuring their seamless integration with existing systems. Through your expertise, you will help maintain a reliable, high-performance, and highly available data environment, which is essential to the smooth operation…",45.544959,0,https://www.adzuna.ca/details/5870257165?utm_medium=api&utm_source=e90db681,eyJhbGciOiJIUzI1NiJ9.eyJpIjoiNTg3MDI1NzE2NSIsInMiOiJJT0t2a21DbzhSRzFmY01qYXhCXy13In0.roO0A29ozsAm41YdE5X_8zNTbGuTbJX5UpbJ_D35BW8,Dba [4971],-73.588138,Adzuna::API::Response::Job,"['Canada', 'Québec', 'Montréal']",Adzuna::API::Response::Location,"Montréal, Québec",it-jobs,Adzuna::API::Response::Category,IT Jobs,Adzuna::API::Response::Company,Alteo,permanent,,,
5870256788,2026-09-04T04:32:20Z,"Chez Mirego, tu feras partie intégrante d’une équipe dédiée au développement de produits numériques innovants. En collaboration avec des développeur·euses expérimenté·es ainsi que des spécialistes en gestion de produits, assurance qualité, design, gestion de projets et agilité. Tu contribueras directement à la création d’applications qui ont un réel impact, à petite comme à grande échelle. Tu auras des défis stimulants qui te pousseront à demeurer à l'affût des dernières nouveautés en matière d…",45.544959,0,https://www.adzuna.ca/details/5870256788?utm_medium=api&utm_source=e90db681,eyJhbGciOiJIUzI1NiJ9.eyJzIjoiSU9LdmttQ284UkcxZmNNamF4Ql8tdyIsImkiOiI1ODcwMjU2Nzg4In0.u6P7tNdBllyHu7fRAWiggMg3UcWY8QUNELM-VxGe0-U,Stagiaire en développement logiciel - janvier 2027,-73.588138,Adzuna::API::Response::Job,"['Canada', 'Québec', 'Montréal']",Adzuna::API::Response::Location,"Montréal, Québec",it-jobs,Adzuna::API::Response::Category,IT Jobs,Adzuna::API::Response::Company,Mirego,contract,,full_time,
5870256334,2026-09-04T04:31:49Z,"English follows L’ Analyste senior, Gouvernance des données soutient la mise en œuvre et l’opérationnalisation du cadre de gouvernance des données à l’échelle de Groupe Touchette. Sous l’orientation de la direction, la personne titulaire du poste pilote de façon autonome des initiatives de gouvernance auprès des équipes d’affaires et techniques, avec un accent particulier sur la responsabilisation, la qualité des données, les métadonnées, le lignage, les définitions d’affaires et la fiabilité d…",45.52626,0,https://www.adzuna.ca/details/5870256334?utm_medium=api&utm_source=e90db681,eyJhbGciOiJIUzI1NiJ9.eyJpIjoiNTg3MDI1NjMzNCIsInMiOiJJT0t2a21DbzhSRzFmY01qYXhCXy13In0.fKdK1H8Hp6yTXXuUIBu1H2ENRsRSy3l7rZ5YgO44vb8,"Analyste Senior, Gouvernance des données - Senior Analyst, Master Data Governance",-73.66909,Adzuna::API::Response::Job,"['Canada', 'Québec', 'Montréal', 'Mont-Royal']",Adzuna::API::Response::Location,"Mont-Royal, Montréal",it-jobs,Adzuna::API::Response::Category,IT Jobs,Adzuna::API::Response::Company,Groupe Touchette,,,full_time,
5870255979,2026-09-04T04:31:26Z,"Join Montrium as a Cloud & DevOps Specialist and help operate, automate, and continuously improve the cloud capabilities that support our established Connect platform. In this role, you will work across Microsoft Azure administration, Infrastructure as Code, CI/CD pipelines, monitoring, security, and operational governance to help deliver reliable, scalable, and compliant cloud services for life sciences customers. Company Overview Founded in 2005, Montrium is a cloud-based solutions provider s…",45.50468,0,https://www.adzuna.ca/details/5870255979?utm_medium=api&utm_source=e90db681,eyJhbGciOiJIUzI1NiJ9.eyJzIjoiSU9LdmttQ284UkcxZmNNamF4Ql8tdyIsImkiOiI1ODcwMjU1OTc5In0.YI0LF7s-1Fio8qc0Uy3ufB7282czK7lXGOrtPo82-Ao,Cloud & DevOps Specialist,-73.55734,Adzuna::API::Response::Job,"['Canada', 'Québec', 'Montréal', 'Westmount']",Adzuna::API::Response::Location,"Westmount, Montréal",it-jobs,Adzuna::API::Response::Category,IT Jobs,Adzuna::API::Response::Company,Montrium Inc,,,full_time,
5870255774,2026-09-04T04:30:58Z,"Rejoignez la division Financial Services de Lightspeed, en forte croissance, en tant qu’ Analytics Engineer talentueux(se) et passionné(e) au sein de notre équipe FS Data. Dans ce rôle clé, vous jouerez un rôle essentiel dans la prise en charge de tous les besoins en analyse et en reporting, contribuant directement au succès de l’ensemble des domaines des Financial Services. Si vous avez travaillé sur des pipelines de données, possédez d’excellentes compétences en communication, êtes à l’aise a…",45.544959,0,https://www.adzuna.ca/details/5870255774?utm_medium=api&utm_source=e90db681,eyJhbGciOiJIUzI1NiJ9.eyJzIjoiSU9LdmttQ284UkcxZmNNamF4Ql8tdyIsImkiOiI1ODcwMjU1Nzc0In0.e5m0Gwf2JMnivxHgiG0asHq29oSonJgjbKvqG28_pTw,Engénieur(e) Analytics,-73.588138,Adzuna::API::Response::Job,"['Canada', 'Québec', 'Montréal']",Adzuna::API::Response::Location,"Montréal, Québec",it-jobs,Adzuna::API::Response::Category,IT Jobs,Adzuna::API::Response::Company,Lightspeed Commerce,,60000.0,full_time,60000.0
5870255717,2026-09-04T04:30:48Z,"Purpose of the job The specialist is responsible for the exploitation of information related to web and omnichannel operations. He.she has a deep understanding of the functionalities impacting web operations and customer experience within the various systems (ERP, OMS, WMS, PLM, CMS, Power BI) as well as an ability to rigorously evaluate the logistics process related to last mile delivery by carriers. Main responsabilities Control the costs invoiced by the various carriers, report anomalies and…",45.544959,0,https://www.adzuna.ca/details/5870255717?utm_medium=api&utm_source=e90db681,eyJhbGciOiJIUzI1NiJ9.eyJzIjoiSU9LdmttQ284UkcxZmNNamF4Ql8tdyIsImkiOiI1ODcwMjU1NzE3In0.Z5U5RIByu7WJ92mNI2HwfKHPd4jGBXdRMfYZ4Vxdx0o,E-COMMERCE OPERATIONS SPECIALIST,-73.588138,Adzuna::API::Response::Job,"['Canada', 'Québec', 'Montréal']",Adzuna::API::Response::Location,"Montréal, Québec",it-jobs,Adzuna::API::Response::Category,IT Jobs,Adzuna::API::Response::Company,la Vie en Rose,permanent,,full_time,
5870255522,2026-09-04T04:30:15Z,"Join our team and take your career to the next level. Job Summary: ExPretio Technologies Inc., leader mondial dans les logiciels spécialisés en Revenue Management pour le transport de passagers, recherche actuellement un Développeur QA pour participer à la validation d’un point de vue utilisateur (manuel) et à l’automatisation des tests (Java/TypeScript) des nouvelles fonctionnalités de son principal logiciel. Job Description: Au sein d’une équipe de développement Agile (Scrum), le Développeur …",45.544959,0,https://www.adzuna.ca/details/5870255522?utm_medium=api&utm_source=e90db681,eyJhbGciOiJIUzI1NiJ9.eyJzIjoiSU9LdmttQ284UkcxZmNNamF4Ql8tdyIsImkiOiI1ODcwMjU1NTIyIn0.KT2IQt-u8lMNgAJGsCfSJtUKAHuDoiJYYndY9KfP72g,QA Developer - Intern,-73.588138,Adzuna::API::Response::Job,"['Canada', 'Québec', 'Montréal']",Adzuna::API::Response::Location,"Montréal, Québec",it-jobs,Adzuna::API::Response::Category,IT Jobs,Adzuna::API::Response::Company,Expretio,contract,,full_time,
5870254257,2026-09-04T04:29:00Z,"An English version follows À propos de FoodHero Basée à Montréal, FoodHero est une entreprise technologique axée sur l’impact qui contribue à façonner l’avenir du commerce alimentaire. Nous opérons la plus grande application de réduction du gaspillage alimentaire au Canada et avons pour mission d’éliminer le gaspillage alimentaire en mettant en relation les épiciers et les commerçants avec des consommateurs à la recherche d’aliments de qualité à prix réduit. En 2025, nous avons détourné plus de…",45.51724,0,https://www.adzuna.ca/details/5870254257?utm_medium=api&utm_source=e90db681,eyJhbGciOiJIUzI1NiJ9.eyJpIjoiNTg3MDI1NDI1NyIsInMiOiJJT0t2a21DbzhSRzFmY01qYXhCXy13In0.6qaXJ8d3BMIuTrEVLqtjiQ-vZS9DOHKkwUNZhChDWI0,Chief of Staff,-73.58997,Adzuna::API::Response::Job,"['Canada', 'Québec', 'Montréal', 'Outremont']",Adzuna::API::Response::Location,"Outremont, Montréal",it-jobs,Adzuna::API::Response::Category,IT Jobs,Adzuna::API::Response::Company,FoodHero,,,full_time,
5870254128,2026-09-04T04:28:52Z,"Building the space between proven and possible, MDA Space (TSX:MDA) is a trusted mission partner to the global space industry. A robotics, satellite systems and geointelligence pioneer with a 55-year story of world firsts and more than 450 missions, MDA Space is a global leader in communications satellites, Earth and space observation, and space exploration and infrastructure. The MDA Space team of more than 4,000 space experts in Canada, the US and the UK has the knowledge and know-how to turn…",45.42729,0,https://www.adzuna.ca/details/5870254128?utm_medium=api&utm_source=e90db681,eyJhbGciOiJIUzI1NiJ9.eyJpIjoiNTg3MDI1NDEyOCIsInMiOiJJT0t2a21DbzhSRzFmY01qYXhCXy13In0.6bF6M7czXNzXzpXkoH7_0ps85hEZd5iFbETEG2gAT6c,Junior Program Control Analyst,-73.9318,Adzuna::API::Response::Job,"['Canada', 'Québec', 'Montréal', ""Baie-d'Urfé""]",Adzuna::API::Response::Location,"Baie-d'Urfé, Montréal",it-jobs,Adzuna::API::Response::Category,IT Jobs,Adzuna::API::Response::Company,MDA Space Canada,,,full_time,
5870253803,2026-09-04T04:28:13Z,"Join Montrium as a Software Developer, SharePoint Backend and help evolve the backend capabilities that power our established Connect platform. In this role, you will work at the intersection of software development, SharePoint platform configuration, APIs, SDKs, data models, and regulated content workflows—building reliable product capabilities for life sciences customers. Company Overview Founded in 2005, Montrium is a cloud-based solutions provider serving the life sciences industry. We comb…",45.50468,0,https://www.adzuna.ca/details/5870253803?utm_medium=api&utm_source=e90db681,eyJhbGciOiJIUzI1NiJ9.eyJzIjoiSU9LdmttQ284UkcxZmNNamF4Ql8tdyIsImkiOiI1ODcwMjUzODAzIn0.JODUA79c-lq-BeXtU_LNfXQG23NKfydtMzxe8JYULRM,"Software Developer, SharePoint Backend (Montreal QC)",-73.55734,Adzuna::API::Response::Job,"['Canada', 'Québec', 'Montréal', 'Westmount']",Adzuna::API::Response::Location,"Westmount, Montréal",it-jobs,Adzuna::API::Response::Category,IT Jobs,Adzuna::API::Response::Company,Montrium Inc,,,full_time,
5870252843,2026-09-04T04:26:58Z,"MDA est un partenaire de mission de confiance de l’industrie spatiale mondiale qui crée l’espace entre ce qui est prouvé et ce qui est possible. À titre de pionnier de la robotique, des systèmes satellitaires et du renseignement géospatial, avec une histoire de 55â¯ans de premières mondiales et de plus de 450â¯missions, MDA est un chef de file mondial dans les domaines des satellites de communication, de l’observation de la Terre et de l’espace, ainsi que de l’infrastructure et l’exploration …",45.42729,0,https://www.adzuna.ca/details/5870252843?utm_medium=api&utm_source=e90db681,eyJhbGciOiJIUzI1NiJ9.eyJpIjoiNTg3MDI1Mjg0MyIsInMiOiJJT0t2a21DbzhSRzFmY01qYXhCXy13In0.zDaJoXKs4tilPK9g8UvgKVthelSLS5oW_JzIRaQRM_M,Embedded Software Developer – Architect,-73.9318,Adzuna::API::Response::Job,"['Canada', 'Québec', 'Montréal', ""Baie-d'Urfé""]",Adzuna::API::Response::Location,"Baie-d'Urfé, Montréal",it-jobs,Adzuna::API::Response::Category,IT Jobs,Adzuna::API::Response::Company,MDA Space Canada,,,full_time,
5870252638,2026-09-04T04:26:28Z,"Hi there! Thanks for stopping by  Are you actively looking for a new opportunity? Or just checking the market? Well… you might just be in the right place! Join Lightspeed's fast-growing Financial Services division as a talented and passionate Analytics Engineer on our FS Data team. In this key role, you'll be instrumental in overseeing all analytic and reporting needs, contributing directly to the success of every domain within Financial Services. If you have worked on data pipelines, have grea…",45.544959,0,https://www.adzuna.ca/details/5870252638?utm_medium=api&utm_source=e90db681,eyJhbGciOiJIUzI1NiJ9.eyJpIjoiNTg3MDI1MjYzOCIsInMiOiJJT0t2a21DbzhSRzFmY01qYXhCXy13In0.k6kNytapKvj_g6wMddZrZVssa9rJqn6Dq1SjU7rS0h0,Analytics Engineer,-73.588138,Adzuna::API::Response::Job,"['Canada', 'Québec', 'Montréal']",Adzuna::API::Response::Location,"Montréal, Québec",it-jobs,Adzuna::API::Response::Category,IT Jobs,Adzuna::API::Response::Company,Lightspeed Commerce,,60000.0,full_time,60000.0
5870252074,2026-09-04T04:25:26Z,"info_outline X This posting is for an existing vacancy. Google utilizes AI tools to assist in assessing candidates in our hiring processes. Minimum qualifications: Bachelor's degree in Computer Science, Machine Learning, Mathematics, Statistics, or equivalent practical experience. 2 years of experience in machine learning, algorithm design, data structures, or distributed software systems. 2 years of experience programming in Python or C++. 1 year of experience taking technical projects or mach…",45.544959,0,https://www.adzuna.ca/details/5870252074?utm_medium=api&utm_source=e90db681,eyJhbGciOiJIUzI1NiJ9.eyJpIjoiNTg3MDI1MjA3NCIsInMiOiJJT0t2a21DbzhSRzFmY01qYXhCXy13In0.u90ZqQtxAWw8oqdkz2QER3HW0fnjyN18Ug7CiTc3ROc,"Research Developer, Frontier AI Incubation, DeepMind",-73.588138,Adzuna::API::Response::Job,"['Canada', 'Québec', 'Montréal']",Adzuna::API::Response::Location,"Montréal, Québec",it-jobs,Adzuna::API::Response::Category,IT Jobs,Adzuna::API::Response::Company,Google,,190000.0,full_time,185000.0
5870251765,2026-09-04T04:24:50Z,"Building the space between proven and possible, MDA Space is a trusted mission partner to the global space industry. A robotics, satellite systems and geointelligence pioneer with a 55-year story of world firsts and more than 450 missions, MDA Space is a global leader in communications satellites, Earth and space observation, and space exploration and infrastructure. The global MDA Space team of more than 4,000 space experts has the knowledge and know-how to turn an audacious customer vision in…",45.42729,0,https://www.adzuna.ca/details/5870251765?utm_medium=api&utm_source=e90db681,eyJhbGciOiJIUzI1NiJ9.eyJpIjoiNTg3MDI1MTc2NSIsInMiOiJJT0t2a21DbzhSRzFmY01qYXhCXy13In0.eGYOL1PVY-_RQa1BL8L_j7jf6DXj4lfyqZfcZEkoIDI,Satellite Flight Software (FSW) Systems Engineer,-73.9318,Adzuna::API::Response::Job,"['Canada', 'Québec', 'Montréal', ""Baie-d'Urfé""]",Adzuna::API::Response::Location,"Baie-d'Urfé, Montréal",it-jobs,Adzuna::API::Response::Category,IT Jobs,Adzuna::API::Response::Company,MDA Space Canada,,,full_time,
5870251536,2026-09-04T04:24:08Z,"Building the space between proven and possible, MDA Space (TSX:MDA) is a trusted mission partner to the global space industry. A robotics, satellite systems and Geointelligence pioneer with a 55-year story of world firsts and more than 450 missions, MDA Space is a global leader in communications satellites, Earth and space observation, and space exploration and infrastructure. The MDA Space team of more than 3,000 space experts in Canada, the US and the UK has the knowledge and know-how to turn…",45.53901,0,https://www.adzuna.ca/details/5870251536?utm_medium=api&utm_source=e90db681,eyJhbGciOiJIUzI1NiJ9.eyJpIjoiNTg3MDI1MTUzNiIsInMiOiJJT0t2a21DbzhSRzFmY01qYXhCXy13In0.PpYEodbhNyjTc2UqA2g-J0KLvKDexH4jUfQ7Stb_ZW4,Intermediate DevOps Specialist,-73.40198,Adzuna::API::Response::Job,"['Canada', 'Québec', 'Montérégie', 'Champlain', 'Saint-Hubert']",Adzuna::API::Response::Location,"Saint-Hubert, Champlain",it-jobs,Adzuna::API::Response::Category,IT Jobs,Adzuna::API::Response::Company,MDA Space Canada,,,full_time,
5870250630,2026-09-04T04:22:02Z,"Don’t miss this opportunity! Submit your application by September 15, 2026 to be considered for this exciting opportunity. JOB TITLE : Business Analyst, Finance Integration POSITION STATUS: Temporary DEPARTMENT: Finance LOCATION : Montréal We are seeking a Business Analyst - Finance Integration to support the design and implementation of a new reservation system. This role will act as the key liaison between Finance, Operations, IT, and project stakeholders to ensure seamless integration betwee…",45.544959,0,https://www.adzuna.ca/details/5870250630?utm_medium=api&utm_source=e90db681,eyJhbGciOiJIUzI1NiJ9.eyJzIjoiSU9LdmttQ284UkcxZmNNamF4Ql8tdyIsImkiOiI1ODcwMjUwNjMwIn0.Ix0c3u58E1r180fl47HYecCVq1lFQCWnS3s3r2BusOQ,"Business Analyst, Finance Integration",-73.588138,Adzuna::API::Response::Job,"['Canada', 'Québec', 'Montréal']",Adzuna::API::Response::Location,"Montréal, Québec",it-jobs,Adzuna::API::Response::Category,IT Jobs,Adzuna::API::Response::Company,Air Canada Vacations,,,,
5870247815,2026-09-04T04:20:36Z,"Company Description Wepoint is the architect of major transformations for businesses and public sector organizations. We support our clients from strategy through technological implementation, always striving to think beyond the obvious and to act within the framework of Economic, Social, Environmental, and Technological Responsibility (RESET). Our goal is to create new ways of working, new economic models, and smarter environments. In nearly 20 years, we have become one of the key players in d…",45.544959,0,https://www.adzuna.ca/details/5870247815?utm_medium=api&utm_source=e90db681,eyJhbGciOiJIUzI1NiJ9.eyJzIjoia0lpdmxXQ284UkdVUHVhVWlPbThVQSIsImkiOiI1ODcwMjQ3ODE1In0.G2xyeqmF-Al9jseqILGVKD5DKZSrDJph2K67GtrtWcA,Conseiller(ère) SAP HCM,-73.588138,Adzuna::API::Response::Job,"['Canada', 'Québec', 'Montréal']",Adzuna::API::Response::Location,"Montréal, Québec",it-jobs,Adzuna::API::Response::Category,IT Jobs,Adzuna::API::Response::Company,Onepoint,,,full_time,
5869957083,2026-09-03T23:55:38Z,"Enterprise propose une carrière stimulante pour un(e) mécanicien(ne) véhicules lourds désireux de s'impliquer dans l'entretien, la réparation et encore plus de notre flottes de véhicules tout en accord avec les politiques et procédures strictes de la société. Ce poste exige un bon jugement et un esprit d'initiative, offrant au mécanicien la chance de mettre en pratique ses compétences. Notre centre de service est un lieu dynamique et enrichissant pour tout mécanicien souhaitant perfectionner se…",45.63492,0,https://www.adzuna.ca/details/5869957083?utm_medium=api&utm_source=e90db681,eyJhbGciOiJIUzI1NiJ9.eyJpIjoiNTg2OTk1NzA4MyIsInMiOiJrSWl2bFdDbzhSR1VQdWFVaU9tOFVBIn0.knNRqYVfybXGXsyJD3c8UATeJZaKIg6g7IgW3Nm0dMU,Mécaniciens Vehicules Lourds,-73.8244,Adzuna::API::Response::Job,"['Canada', 'Québec', 'Laurentides', 'Thérèse-De Blainville', 'Sainte-Thérèse']",Adzuna::API::Response::Location,"Sainte-Thérèse, Thérèse-De Blainville",it-jobs,Adzuna::API::Response::Category,IT Jobs,Adzuna::API::Response::Company,Enterprise Rent-A-Car,,,full_time,
5869800150,2026-09-03T21:30:23Z,"Moi c'est Cassylie, je suis une petite fille souriante, une canaille dynamique qui a envahie l'appartement de mes parents de les jouets et de mes clats de rire ! Je n'ai pas encore de place en Garderie mais ma maman a retrouv un super travail trop cool dans lequel elle voudrait pouvoir commencer bientt. C'est pour a qu'il faudrait qu'une gentille personne accepte de venir s'occuper de moi pendant la semaine pour qu'elle puisse travailler, a serait jusqu' ce qu'on puisse dcrocher une place en ga…",45.544959,0,https://www.adzuna.ca/land/ad/5869800150?se=kIivlWCo8RGUPuaUiOm8UA&utm_medium=api&utm_source=e90db681&v=56955D7D1E7A4A0C99E429620B3DE4A5FE3585C0,eyJhbGciOiJIUzI1NiJ9.eyJzIjoia0lpdmxXQ284UkdVUHVhVWlPbThVQSIsImkiOiI1ODY5ODAwMTUwIn0.6qSwh3ccUfL3yetaa8FjkheMNdKDH_E1i5I6747UdxM,Babysitter wanted for childcare in Montreal,-73.588138,Adzuna::API::Response::Job,"['Canada', 'Québec', 'Montréal']",Adzuna::API::Response::Location,"Montréal, Québec",it-jobs,Adzuna::API::Response::Category,IT Jobs,Adzuna::API::Response::Company,Sitly,,37440.0,part_time,37440.0
5869670427,2026-09-03T19:56:01Z,Nous sommes présentement à la recherche d’un Analyste / Développeur BI pour un contrat d’une durée de 6 mois avec possibilité de renouvellement. MANDAT • Contribuer à la migration de l'entrepôt de données vers Snowflake • Concevoir des tableaux de bord et rapports dans Power BI • Guider techniquement une équipe d'environ 3-4 personnes • Collaborer avec les parties prenantes pour bien cerner les besoins d'affaires • Émettre des recommandations d'optimisation basées sur l'Intelligence d'Affaires …,45.5099,0,https://www.adzuna.ca/details/5869670427?utm_medium=api&utm_source=e90db681,eyJhbGciOiJIUzI1NiJ9.eyJpIjoiNTg2OTY3MDQyNyIsInMiOiJrSWl2bFdDbzhSR1VQdWFVaU9tOFVBIn0.rdc2P2C94WxoBGsVFWn24z8AOEsx6sztctqSXdzQuTo,Analyste / Développeur BI (contrat 6 mois),-73.55332,Adzuna::API::Response::Job,"['Canada', 'Québec', 'Montréal', 'Westmount']",Adzuna::API::Response::Location,"Westmount, Montréal",it-jobs,Adzuna::API::Response::Category,IT Jobs,Adzuna::API::Response::Company,DELAN,contract,,,
5869670399,2026-09-03T19:56:00Z,Nous sommes présentement à la recherche d’un Chef Technique QA pour un contrat d’une durée de 6 mois avec possibilité de renouvellement. MANDAT • Encadrer et mentorer une équipe d'environ 4 analystes QA • Réaliser des tests manuels approfondis sur les systèmes backend • Définir les standards du cycle de vie des tests QA • Valider l'intégrité et la qualité des données • Rédiger des scénarios de tests SQL pour assurer la fiabilité des systèmes • Œuvrer dans un environnement basé sur SQL et outils…,45.5099,0,https://www.adzuna.ca/details/5869670399?utm_medium=api&utm_source=e90db681,eyJhbGciOiJIUzI1NiJ9.eyJzIjoia0lpdmxXQ284UkdVUHVhVWlPbThVQSIsImkiOiI1ODY5NjcwMzk5In0.AHlqTCccMTSMIxp8Nhb9rCU73dE2IhyUbUL7FQGzO_s,Chef Technique QA (contrat 6 mois),-73.55332,Adzuna::API::Response::Job,"['Canada', 'Québec', 'Montréal', 'Westmount']",Adzuna::API::Response::Location,"Westmount, Montréal",it-jobs,Adzuna::API::Response::Category,IT Jobs,Adzuna::API::Response::Company,DELAN,contract,,,
5869646572,2026-09-03T19:37:20Z,"Chez WSP , notre raison d'Ãªtre est de faÃ§onner nos communautÃ©s pour faire progresser l'humanitÃ©. C'est pourquoi nous rassemblons des personnes animÃ©es par la rÃ©solution de dÃ©fis complexes - des ingÃ©nieur•e•s, des scientifiques, des conseiller•Ã¨re•s et des expert•e•s techniques guidÃ©•e•s par une passion commune : redÃ©finir ce qui est possible et imaginer ce qui vient ensuite. Nous sommes des Visionniers et VisionniÃ¨res. En tant que l'une des plus importantes firmes de services profes…",45.544959,0,https://www.adzuna.ca/details/5869646572?utm_medium=api&utm_source=e90db681,eyJhbGciOiJIUzI1NiJ9.eyJpIjoiNTg2OTY0NjU3MiIsInMiOiJrSWl2bFdDbzhSR1VQdWFVaU9tOFVBIn0.z8xKuyoIwJ_AFgu88zpG1CWjzGmQr0d9M1aPUOfjpeI,Technicien(ne) sÃ©nior en environnement,-73.588138,Adzuna::API::Response::Job,"['Canada', 'Québec', 'Montréal']",Adzuna::API::Response::Location,"Montréal, Québec",it-jobs,Adzuna::API::Response::Category,IT Jobs,Adzuna::API::Response::Company,WSP Canada,,,,
5869646237,2026-09-03T19:37:03Z,"Conseiller technique en implantation gtechna, une division de Harris Computer Ville Saint-Laurent, MontrÃ©al PossibilitÃ©s de tÃ©lÃ©-travail gtechna est Ã la recherche d'un conseiller technique en implantation qui sera responsable des tÃ¢ches techniques pendant les projets d'implantation et fournira des services d'installation technique et de soutien Ã l'implantation pour les clients, nouveaux et existants. Le candidat idÃ©al est un professionnel enthousiaste, axÃ© sur le travail d'Ã©quipe, qui…",45.544959,0,https://www.adzuna.ca/details/5869646237?utm_medium=api&utm_source=e90db681,eyJhbGciOiJIUzI1NiJ9.eyJpIjoiNTg2OTY0NjIzNyIsInMiOiJrSWl2bFdDbzhSR1VQdWFVaU9tOFVBIn0.q9T9757s1PVLe0FwuSQ3_AZXNAbfywAN2eYJOadwbRo,SpÃ©cialiste de l'ImplÃ©mentation et de l'IntÃ©gration - Configuration Logicielle,-73.588138,Adzuna::API::Response::Job,"['Canada', 'Québec', 'Montréal']",Adzuna::API::Response::Location,"Montréal, Québec",it-jobs,Adzuna::API::Response::Category,IT Jobs,Adzuna::API::Response::Company,Equest,,,,
5869646173,2026-09-03T19:37:00Z,"Et si vous pouviez redÃ©finir ce qui est possible? Avec nous, c'est possible. Vous cherchez du sens. De la croissance. Des occasions. Des gens qui comprennent. Nous sommes la maison des personnes ambitieuses, passionnÃ©es et innovantes qui faÃ§onnent le monde. GrÃ¢ce Ã une expertise inÃ©galÃ©e en ingÃ©nierie, en services-conseils et en sciences, nos esprits globaux s'unissent pour alimenter des solutions locales. Nous sommes des Ã©claireurs et des crÃ©ateurs d'impact. Nous sommes des Visionnier…",45.544959,0,https://www.adzuna.ca/details/5869646173?utm_medium=api&utm_source=e90db681,eyJhbGciOiJIUzI1NiJ9.eyJzIjoia0lpdmxXQ284UkdVUHVhVWlPbThVQSIsImkiOiI1ODY5NjQ2MTczIn0._ORMyYdzIowS2GR07VssI9uSDAFQFhGNuxZv9k87gug,Analyste en efficacitÃ© Ã©nergÃ©tique,-73.588138,Adzuna::API::Response::Job,"['Canada', 'Québec', 'Montréal']",Adzuna::API::Response::Location,"Montréal, Québec",it-jobs,Adzuna::API::Response::Category,IT Jobs,Adzuna::API::Response::Company,WSP Canada,,,,
5869644840,2026-09-03T19:36:03Z,"We help the world run better At SAP, we keep it simple: you bring your best to us, and we'll bring out the best in you. We're builders touching over 20 industries and 80% of global commerce, and we need your unique talents to help shape what's next. The work is challenging - but it matters. You'll find a place where you can be yourself, prioritize your wellbeing, and truly belong. What's in it for you? Constant learning, skill growth, great benefits, and a team that wants you to grow and succee…",45.544959,0,https://www.adzuna.ca/details/5869644840?utm_medium=api&utm_source=e90db681,eyJhbGciOiJIUzI1NiJ9.eyJzIjoia0lpdmxXQ284UkdVUHVhVWlPbThVQSIsImkiOiI1ODY5NjQ0ODQwIn0.MirioEG8VL0tT-sSvR_Jlm1zPZk_ZJYm6BIpJi1hzBQ,"SAP iXp Intern - CX Cloud Operation, Platform Developer (AIOps)",-73.588138,Adzuna::API::Response::Job,"['Canada', 'Québec', 'Montréal']",Adzuna::API::Response::Location,"Montréal, Québec",it-jobs,Adzuna::API::Response::Category,IT Jobs,Adzuna::API::Response::Company,SAP,,,,
5869633375,2026-09-03T19:16:44Z,"Founded in 2012, H2O.ai is on a mission to democratize AI. As the world’s leading agentic AI company, H2O.ai converges Generative and Predictive AI to help enterprises and public sector agencies develop purpose-built GenAI applications on their private data. Its open-source technology is trusted by over 20,000 organizations worldwide - including more than half of the Fortune 500 - H2O.ai powers AI transformation for companies like AT&T, Commonwealth Bank of Australia, Singtel, Chipotle, Workday…",45.544959,0,https://www.adzuna.ca/details/5869633375?utm_medium=api&utm_source=e90db681,eyJhbGciOiJIUzI1NiJ9.eyJpIjoiNTg2OTYzMzM3NSIsInMiOiJrSWl2bFdDbzhSR1VQdWFVaU9tOFVBIn0.iECVQe8TIRtkXf2s04_CPFvwjB1og5APjfsLld75l7o,Customer Support Engineer,-73.588138,Adzuna::API::Response::Job,"['Canada', 'Québec', 'Montréal']",Adzuna::API::Response::Location,"Montréal, Québec",it-jobs,Adzuna::API::Response::Category,IT Jobs,Adzuna::API::Response::Company,h2o.ai,,,,
5869544471,2026-09-03T16:34:22Z,"Job Description As a Continuous Improvement Specialist, you will be part of the Continuous Improvement team, reporting to CI Manager, within the Finance Department. You will play a pivotal role in leading the business transformation mandate of CI, by optimizing multifaceted cross-functional processes, offering recommendations to Finance and other leadership that are instrumental in shaping and advancing the overall business strategy. What you're responsible for : Analyze current-state processes…",45.544959,0,https://www.adzuna.ca/details/5869544471?utm_medium=api&utm_source=e90db681,eyJhbGciOiJIUzI1NiJ9.eyJpIjoiNTg2OTU0NDQ3MSIsInMiOiJrSWl2bFdDbzhSR1VQdWFVaU9tOFVBIn0.dFjxQm1D0aj_FfsQkzlo7QSdJFWfszntpfTU8gllOtU,Continuous Improvement Specialist,-73.588138,Adzuna::API::Response::Job,"['Canada', 'Québec', 'Montréal']",Adzuna::API::Response::Location,"Montréal, Québec",it-jobs,Adzuna::API::Response::Category,IT Jobs,Adzuna::API::Response::Company,American Iron and Metal,,,,
5869523365,2026-09-03T15:56:55Z,"À propos de Robert Bosch GmbH Basée en Allemagne, Robert Bosch GmbH est un fournisseur mondial de premier plan avec quatre principaux secteurs d’activité : technologies automobiles, technologies industrielles, biens de consommation et technologies de l’énergie et du bâtiment. Plus de 400 000 collaborateurs génèrent un chiffre d’affaires de plus de 90 milliards d’euros. Bosch améliore la qualité de vie dans le monde grâce à des produits et services innovants qui suscitent l’enthousiasme. En résu…",45.544959,0,https://www.adzuna.ca/details/5869523365?utm_medium=api&utm_source=e90db681,eyJhbGciOiJIUzI1NiJ9.eyJpIjoiNTg2OTUyMzM2NSIsInMiOiJrSWl2bFdDbzhSR1VQdWFVaU9tOFVBIn0.sm95DA8qHbTjSdvgIxsgsPB76KpX8n7D_UFL-ewWZSU,Technicien principal – Systèmes de sécurité I Senior Technician - Security,-73.588138,Adzuna::API::Response::Job,"['Canada', 'Québec', 'Montréal']",Adzuna::API::Response::Location,"Montréal, Québec",it-jobs,Adzuna::API::Response::Category,IT Jobs,Adzuna::API::Response::Company,Bosch Building Technologies,,,,
5869479505,2026-09-03T14:08:54Z,"Job Overview: Requirement/Must Have: Strong Application Development or System Programmer background. Proven installation and migration experience on IBM z/OS and USS. Solid problem determination and troubleshooting ability related to Git/DBB/IDD/Wazi. Proficiency in YAML and Groovy Scripts. Proficiency in GIT experience and Repos. Proficiency in Pipeline debugging for failed builds. Proficiency in Branching, DBB, and IDD/Wazi Deployment. Ability to conduct DBB/Git/IDD/Wazi training sessions. Ex…",45.50687,0,https://www.adzuna.ca/details/5869479505?utm_medium=api&utm_source=e90db681,eyJhbGciOiJIUzI1NiJ9.eyJzIjoia0lpdmxXQ284UkdVUHVhVWlPbThVQSIsImkiOiI1ODY5NDc5NTA1In0._1TNNJXxmkI2HDMp5AQbfvVHC81MaZ2jIagoqA02Fh4,Mainframe DevOps Migration Consultant,-73.56065,Adzuna::API::Response::Job,"['Canada', 'Québec', 'Montréal', 'Westmount']",Adzuna::API::Response::Location,"Westmount, Montréal",it-jobs,Adzuna::API::Response::Category,IT Jobs,Adzuna::API::Response::Company,CYNET SYSTEMS,,114400.0,,114400.0
5869479507,2026-09-03T14:08:54Z,"Job Overview: Requirement/Must Have: Strong experience in real-time, low-latency multi-threaded server-side application development. Well-versed in Core Java (1.8 and above preferable, with knowledge of new features like Executor framework, Generics, etc.). Experience in collections, HashMap, concurrency packages and ArrayList, sorting algorithm. Proficiency in Database Management Systems (SQL Server/Sybase/Oracle) and designing/querying. Fair knowledge of J2EE, web frameworks - Spring and web …",45.50687,0,https://www.adzuna.ca/details/5869479507?utm_medium=api&utm_source=e90db681,eyJhbGciOiJIUzI1NiJ9.eyJzIjoia0lpdmxXQ284UkdVUHVhVWlPbThVQSIsImkiOiI1ODY5NDc5NTA3In0.AzYf_PhflibGpwFRGVKrJmKIWny-S-wZ7HY1KyU3wKg,Core Java Developer,-73.56065,Adzuna::API::Response::Job,"['Canada', 'Québec', 'Montréal', 'Westmount']",Adzuna::API::Response::Location,"Westmount, Montréal",it-jobs,Adzuna::API::Response::Category,IT Jobs,Adzuna::API::Response::Company,CYNET SYSTEMS,,114400.0,,114400.0
5869479442,2026-09-03T14:08:48Z,"BI Analyst/Developer Location: Montreal, Quebec (Hybrid) Note: Knowledge of French and English is required. Responsibilities : Act as a subject matter expert on the firm's compensation management system, analytics tools, and compensation reporting capabilities. Support the maintenance of existing reports and respond to user queries related to compensation analytics. Design and deliver new compensation analytics dashboards within the system, based on user requirements and analysis of offline too…",45.54658,0,https://www.adzuna.ca/details/5869479442?utm_medium=api&utm_source=e90db681,eyJhbGciOiJIUzI1NiJ9.eyJpIjoiNTg2OTQ3OTQ0MiIsInMiOiJrSWl2bFdDbzhSR1VQdWFVaU9tOFVBIn0.2LesakqLY1wl_kskUkSoIDB5ntZNMhvqHsg1I_dtVO0,BI Analyst/Developer - Canada,-73.6453,Adzuna::API::Response::Job,"['Canada', 'Québec', 'Montréal', 'Mont-Royal']",Adzuna::API::Response::Location,"Mont-Royal, Montréal",it-jobs,Adzuna::API::Response::Category,IT Jobs,Adzuna::API::Response::Company,Acunor Inc,,156000.0,,135200.0
5869424557,2026-09-03T12:55:28Z,"About us: Apertera is building a dedicated Language Technology & Workflow Automation team to help accelerate and scale how our Professional Translation business operates. This team will improve productivity, quality, and scalability across intake, quoting, project setup, translation workflows, linguistic assets, QA, reporting, and system integrations. We are looking for a senior technical lead who can understand translation operations, drive automation initiatives, and help establish and manage…",45.544959,0,https://www.adzuna.ca/details/5869424557?utm_medium=api&utm_source=e90db681,eyJhbGciOiJIUzI1NiJ9.eyJpIjoiNTg2OTQyNDU1NyIsInMiOiJrSWl2bFdDbzhSR1VQdWFVaU9tOFVBIn0.da-klT5n0ay51F2s55MD2ShYH0H9M6Wp2bqVWYaEXLw,"Localization Lead, Engineering & Automation",-73.588138,Adzuna::API::Response::Job,"['Canada', 'Québec', 'Montréal']",Adzuna::API::Response::Location,"Montréal, Québec",it-jobs,Adzuna::API::Response::Category,IT Jobs,Adzuna::API::Response::Company,Apertera,,,,
5869423517,2026-09-03T12:54:55Z,"About Us: At AssistIQ we are dedicated to creating a more efficient and transparent healthcare supply chain by fixing one of the core problems - providers lack accurate data and insights on their supply and implant usage. Our AI-driven software solution provides highly accurate, seamless capture of supply and implant usage in real-time, and generates actionable insights to healthcare systems, enabling better revenue capture and reduced waste, ultimately leading to better value of care and bette…",45.544959,0,https://www.adzuna.ca/details/5869423517?utm_medium=api&utm_source=e90db681,eyJhbGciOiJIUzI1NiJ9.eyJzIjoia0lpdmxXQ284UkdVUHVhVWlPbThVQSIsImkiOiI1ODY5NDIzNTE3In0.Kdkec3EmXx2gyYo_bnLmIscaVi69AehG-PwFbL40xUs,Tier 1 Technical Support Analyst,-73.588138,Adzuna::API::Response::Job,"['Canada', 'Québec', 'Montréal']",Adzuna::API::Response::Location,"Montréal, Québec",it-jobs,Adzuna::API::Response::Category,IT Jobs,Adzuna::API::Response::Company,AssistIQ,,,full_time,
5869423467,2026-09-03T12:54:54Z,"Key Skills: Project management, governance, digital transformation, cross-functional leadership, KPI tracking, dashboards, stakeholder management, resource planning, engineering/manufacturing, productivity improvement, Jira, CATIA/CAD, and PMP Job Description: Lead governance and digital transformation initiatives within the organization. Follow ongoing projects and identify key stakeholders involved across departments. Track and report KPIs continuously through weekly presentations and status …",45.531116,0,https://www.adzuna.ca/details/5869423467?utm_medium=api&utm_source=e90db681,eyJhbGciOiJIUzI1NiJ9.eyJpIjoiNTg2OTQyMzQ2NyIsInMiOiJrSWl2bFdDbzhSR1VQdWFVaU9tOFVBIn0.HRJGI0C8Ayd6ktA46_hQcUrNItiqccOHKfTDsatj1w0,Project Manager,-73.480282,Adzuna::API::Response::Job,"['Canada', 'Québec', 'Montérégie', 'Champlain', 'Longueuil']",Adzuna::API::Response::Location,"Longueuil, Champlain",it-jobs,Adzuna::API::Response::Category,IT Jobs,Adzuna::API::Response::Company,Sapsol Technologies Inc,,,,
5869312252,2026-09-03T12:23:36Z,Amazon Web Services (AWS) est en forte croissance et est à la recherche d'un technicien de centre de données pour rejoindre son équipe d'exploitation des infrastructures en pleine expansion. Amazon Web Services (AWS) est une entreprise de technologie très dynamique et leader mondial dans le domaine des centres de données. Le poste permettra d'assurer la disponibilité et la fiabilité globales pour atteindre ou dépasser les niveaux de service définis pour les opérations du centre de données. Ce p…,45.544959,0,https://www.adzuna.ca/details/5869312252?utm_medium=api&utm_source=e90db681,eyJhbGciOiJIUzI1NiJ9.eyJpIjoiNTg2OTMxMjI1MiIsInMiOiJrSWl2bFdDbzhSR1VQdWFVaU9tOFVBIn0.etjQ1knqNv4RKQ_EGqHwNREzHYfMKL6lCMNRiGSe_FU,"Technicien de Centre de Données / Data Center Technician, Data Center Operations, Data Center Operations, Data Center Operations",-73.588138,Adzuna::API::Response::Job,"['Canada', 'Québec', 'Montréal']",Adzuna::API::Response::Location,"Montréal, Québec",it-jobs,Adzuna::API::Response::Category,IT Jobs,Adzuna::API::Response::Company,"Amazon Data Services Canada, Inc.",,,,
5869310500,2026-09-03T12:23:25Z,Amazon Web Services (AWS) est en forte croissance et est à la recherche d’un technicien de centre de données pour rejoindre son équipe d’exploitation des infrastructures en pleine expansion. Amazon Web Services (AWS) est une entreprise de technologie très dynamique et leader mondial dans le domaine des centres de données. Le poste permettra d’assurer la disponibilité et la fiabilité globales pour atteindre ou dépasser les niveaux de service définis pour les opérations du centre de données. Ce p…,45.544959,0,https://www.adzuna.ca/details/5869310500?utm_medium=api&utm_source=e90db681,eyJhbGciOiJIUzI1NiJ9.eyJpIjoiNTg2OTMxMDUwMCIsInMiOiJrSWl2bFdDbzhSR1VQdWFVaU9tOFVBIn0.C5ci_PJFw3rjWFbVB-38k_VdXsr_tC7-f98IMqmffmw,"Technicien de Centre de Données / Data Center Technician, Data Center Operations, Data Center Operations, Data Center Operations",-73.588138,Adzuna::API::Response::Job,"['Canada', 'Québec', 'Montréal']",Adzuna::API::Response::Location,"Montréal, Québec",it-jobs,Adzuna::API::Response::Category,IT Jobs,Adzuna::API::Response::Company,"Amazon Data Services Canada, Inc.",,,full_time,
5869299564,2026-09-03T12:22:20Z,Amazon Web Services (AWS) est en forte croissance et est à la recherche d’un technicien de centre de données pour rejoindre son équipe d’exploitation des infrastructures en pleine expansion. Amazon Web Services (AWS) est une entreprise de technologie très dynamique et leader mondial dans le domaine des centres de données. Le poste permettra d’assurer la disponibilité et la fiabilité globales pour atteindre ou dépasser les niveaux de service définis pour les opérations du centre de données. Ce p…,45.544959,0,https://www.adzuna.ca/details/5869299564?utm_medium=api&utm_source=e90db681,eyJhbGciOiJIUzI1NiJ9.eyJzIjoia0lpdmxXQ284UkdVUHVhVWlPbThVQSIsImkiOiI1ODY5Mjk5NTY0In0.yORBIkYUP5obgfuF-vq-6vJ03AbIT4hKu6vluLvvJaE,"Technicien de Centre de Données / Data Center Technician, Data Center Operations, Data Center Operations, Data Center Operations",-73.588138,Adzuna::API::Response::Job,"['Canada', 'Québec', 'Montréal']",Adzuna::API::Response::Location,"Montréal, Québec",it-jobs,Adzuna::API::Response::Category,IT Jobs,Adzuna::API::Response::Company,"Amazon Data Services Canada, Inc.",,,full_time,
5868869915,2026-09-03T08:02:15Z,"Job Description Job Description Join Montrium as a Software Developer, SharePoint Backend and help evolve the backend capabilities that power our established Connect platform. In this role, you will work at the intersection of software development, SharePoint platform configuration, APIs, SDKs, data models, and regulated content workflows—building reliable product capabilities for life sciences customers. Company Overview Founded in 2005, Montrium is a cloud-based solutions provider serving the…",45.544959,0,https://www.adzuna.ca/details/5868869915?utm_medium=api&utm_source=e90db681,eyJhbGciOiJIUzI1NiJ9.eyJzIjoia0lpdmxXQ284UkdVUHVhVWlPbThVQSIsImkiOiI1ODY4ODY5OTE1In0._c5i9DR8T7DgNWrw_AalMi-q7enDNOp3GAUKMYVzYVU,"Software Developer, SharePoint Backend (Montreal QC)",-73.588138,Adzuna::API::Response::Job,"['Canada', 'Québec', 'Montréal']",Adzuna::API::Response::Location,"Montréal, Québec",it-jobs,Adzuna::API::Response::Category,IT Jobs,Adzuna::API::Response::Company,Montrium Inc,,,,
5868869801,2026-09-03T08:01:56Z,"Job Description Job Description Role: Work is generally supervised and performed in accordance with established objectives and guidelines. Technical guidance is provided by the Team Lead or Manager. The Service Desk Agent takes some independent actions regarding assigned work. Decisions are typically made within established guidelines. You will act as liaison with field service (external and internal) personnel to identify and resolve system hardware and software problems, and escalate or make …",45.41155,0,https://www.adzuna.ca/details/5868869801?utm_medium=api&utm_source=e90db681,eyJhbGciOiJIUzI1NiJ9.eyJpIjoiNTg2ODg2OTgwMSIsInMiOiJrSWl2bFdDbzhSR1VQdWFVaU9tOFVBIn0.j8bLD3MFvPePpWyI9A1MuSHA9QsNGhneL3f55V_0K_w,Desktop Technician,-73.945634,Adzuna::API::Response::Job,"['Canada', 'Québec', 'Montréal', 'Sainte-Anne-de-Bellevue']",Adzuna::API::Response::Location,"Sainte-Anne-de-Bellevue, Montréal",it-jobs,Adzuna::API::Response::Category,IT Jobs,Adzuna::API::Response::Company,TEEMA Group,,70720.0,,62400.0
5868869670,2026-09-03T08:01:24Z,"Job Description Job Description Tech Talent International (SI) supplies technical talent to a variety of clients ranging from Fortune 100/500/1000 companies to small and mid-sized organizations in Canada/US and Europe. We currently have a role as a Network Security Engineer with our large consulting client on a long term project with a major financial services client in the downtown Montreal area. Role: Network Security Engineer Type: Permanent Location: Hybrid - Downtown Montreal, QC -(roles s…",45.544959,0,https://www.adzuna.ca/details/5868869670?utm_medium=api&utm_source=e90db681,eyJhbGciOiJIUzI1NiJ9.eyJzIjoia0lpdmxXQ284UkdVUHVhVWlPbThVQSIsImkiOiI1ODY4ODY5NjcwIn0.5qkpneCx-uTBmSe2lNIND4xFusLXBWpMeuvxU-q9EHU,Network Security Engineer,-73.588138,Adzuna::API::Response::Job,"['Canada', 'Québec', 'Montréal']",Adzuna::API::Response::Location,"Montréal, Québec",it-jobs,Adzuna::API::Response::Category,IT Jobs,Adzuna::API::Response::Company,Tech Talent International,permanent,,,
5868869301,2026-09-03T08:00:28Z,"Job Description Job Description Description de l'entreprise Vidéotron, l’une des principales entreprises de télécommunication au Canada, entretient un lien unique et privilégié avec la population et est d’ailleurs tenue en haute estime par ces client·es étant l’entreprise de télécommunication la plus admirée des Québécois·es. Travailler chez Vidéotron c’est se joindre à une entreprise à la fine pointe de la technologie en croissance constante. C’est aussi se joindre à des équipes chevronnées, m…",45.544959,0,https://www.adzuna.ca/details/5868869301?utm_medium=api&utm_source=e90db681,eyJhbGciOiJIUzI1NiJ9.eyJzIjoia0lpdmxXQ284UkdVUHVhVWlPbThVQSIsImkiOiI1ODY4ODY5MzAxIn0._TVyeWKsqbzrqFJRavFrV7Vo72WpD7T2wc2DKCYa4tc,Analyste de données,-73.588138,Adzuna::API::Response::Job,"['Canada', 'Québec', 'Montréal']",Adzuna::API::Response::Location,"Montréal, Québec",it-jobs,Adzuna::API::Response::Category,IT Jobs,Adzuna::API::Response::Company,Videotron,,,,
5868869194,2026-09-03T08:00:18Z,"Job Description Job Description:\n\nTitre du poste: Ingénieur(e) en facteurs humains\nDescription du poste\nL’ingénieur(e) en facteurs humains participe aux activités de conception centrée sur l’utilisateur pour les postes de pilotage et les systèmes d’interface homme-machine (IHM), afin de s’assurer que les aménagements de cockpit et les interfaces soient intuitifs, sécuritaires et alignés sur les philosophies de poste de pilotage établies. Ce rôle combine l’ergonomie physique et cognitive, l’…",45.544959,0,https://www.adzuna.ca/details/5868869194?utm_medium=api&utm_source=e90db681,eyJhbGciOiJIUzI1NiJ9.eyJzIjoia0lpdmxXQ284UkdVUHVhVWlPbThVQSIsImkiOiI1ODY4ODY5MTk0In0.8V4NGRef3Gn-6gzyS3JmIqc6Q_07PjsSK4HcUGP6d0k,Ingénieur Mecanique - Facteurs Humains,-73.588138,Adzuna::API::Response::Job,"['Canada', 'Québec', 'Montréal']",Adzuna::API::Response::Location,"Montréal, Québec",it-jobs,Adzuna::API::Response::Category,IT Jobs,Adzuna::API::Response::Company,Actalent,contract,,,
5868868326,2026-09-03T07:59:20Z,"Job Description Job Description Architecte de déploiement Microsoft Modern Workplace & Azure Qui nous sommes : Quadbridge est un fournisseur nord-américain de solutions TI en pleine croissance, qui aide les entreprises à relever des défis complexes au quotidien grâce à des partenariats solides avec des fournisseurs technologiques de premier plan et à une collaboration étroite avec nos équipes et nos clients. Avec des bureaux à Kitchener, Montréal et Vancouver, nous nous efforçons de créer un mi…",45.544959,0,https://www.adzuna.ca/details/5868868326?utm_medium=api&utm_source=e90db681,eyJhbGciOiJIUzI1NiJ9.eyJzIjoia0lpdmxXQ284UkdVUHVhVWlPbThVQSIsImkiOiI1ODY4ODY4MzI2In0.m6G2nAbVtdP6XyHMxwABA1i78bYhaCVYByT85UkObcQ,Architecte de déploiement Microsoft Modern Workplace & Azure,-73.588138,Adzuna::API::Response::Job,"['Canada', 'Québec', 'Montréal']",Adzuna::API::Response::Location,"Montréal, Québec",it-jobs,Adzuna::API::Response::Category,IT Jobs,Adzuna::API::Response::Company,Quadbridge,permanent,,,
5868866383,2026-09-03T07:57:52Z,"Job Description Job Description:\n\nÀ propos de Genetec :\nGenetec est à la pointe des technologies de sécurité et d’exploitation, et stimule l’innovation pour renforcer la sécurité et l’efficacité à l’échelle mondiale. Au sein de notre Digital Information Office (DIO), nous développons et exploitons des solutions numériques qui soutiennent les fonctions métier essentielles dans les domaines de la finance, du juridique, des opérations, des ventes, du marketing et auprès d’autres parties prenant…",45.544959,0,https://www.adzuna.ca/details/5868866383?utm_medium=api&utm_source=e90db681,eyJhbGciOiJIUzI1NiJ9.eyJzIjoia0lpdmxXQ284UkdVUHVhVWlPbThVQSIsImkiOiI1ODY4ODY2MzgzIn0.aXUcx3ElNhTd3SZtVv2FICM9OnBL14jGvUzZGaFFC0Q,Directeur(trice) / Director - Digital Platforms & Delivery Excellence,-73.588138,Adzuna::API::Response::Job,"['Canada', 'Québec', 'Montréal']",Adzuna::API::Response::Location,"Montréal, Québec",it-jobs,Adzuna::API::Response::Category,IT Jobs,Adzuna::API::Response::Company,Genetec,,,,
5868864484,2026-09-03T07:57:14Z,"Job Description Job Description La dynamique de votre équipe : L’équipe QA Domains de Security Center est responsable de l’assurance de la qualité et de la fiabilité de la plateforme phare de sécurité physique de Genetec. Nous testons et validons les trois piliers de Security Center : la vidéosurveillance, le contrôle d’accès et la reconnaissance de plaques d’immatriculation, dans des environnements sur site, infonuagiques et hybrides. Nous sommes à la recherche d’un(e) développeur(euse) logici…",45.544959,0,https://www.adzuna.ca/details/5868864484?utm_medium=api&utm_source=e90db681,eyJhbGciOiJIUzI1NiJ9.eyJzIjoia0lpdmxXQ284UkdVUHVhVWlPbThVQSIsImkiOiI1ODY4ODY0NDg0In0.eaG69ReDq0OfUwAK7qmlQOtEE9MGVgCfB-xAue7h7KQ,Développeur(euse) logiciel en test / Software Developer - SC Video Systems,-73.588138,Adzuna::API::Response::Job,"['Canada', 'Québec', 'Montréal']",Adzuna::API::Response::Location,"Montréal, Québec",it-jobs,Adzuna::API::Response::Category,IT Jobs,Adzuna::API::Response::Company,Genetec,,,,
5868858420,2026-09-03T07:54:27Z,"Job Description Job Description Location: Montreal Job Type: Full-Time About the Role: We are seeking a data-driven, business-savvy Data Scientist to support our publishing businesses. Reporting directly to the Portfolio Manager, you will analyze audience behavior, content performance, advertising revenue, and market trends to drive data-informed decisions. Your insights will optimize content strategies, audience engagement, ad monetization, and business growth in competitive digital publishing…",45.544959,0,https://www.adzuna.ca/details/5868858420?utm_medium=api&utm_source=e90db681,eyJhbGciOiJIUzI1NiJ9.eyJzIjoia0lpdmxXQ284UkdVUHVhVWlPbThVQSIsImkiOiI1ODY4ODU4NDIwIn0.hNIsAUvn8kVRq_RxU2lmw4SRFASjiFggXcBq8WmYsIY,Valnet | Data Scientist,-73.588138,Adzuna::API::Response::Job,"['Canada', 'Québec', 'Montréal']",Adzuna::API::Response::Location,"Montréal, Québec",it-jobs,Adzuna::API::Response::Category,IT Jobs,Adzuna::API::Response::Company,Valnet Inc.,,,full_time,
5868849259,2026-09-03T07:51:51Z,"Job Description Job Description Alteo is looking for a DBA for a permanent position based in Montreal.  Hybrid Work  You will play a key role in the architecture, management, and evolution of the organization’s databases. You will be responsible for optimizing their performance, strengthening their security, and ensuring their seamless integration with existing systems. Through your expertise, you will help maintain a reliable, high-performance, and highly available data environment, which is e…",45.544959,0,https://www.adzuna.ca/details/5868849259?utm_medium=api&utm_source=e90db681,eyJhbGciOiJIUzI1NiJ9.eyJpIjoiNTg2ODg0OTI1OSIsInMiOiJrSWl2bFdDbzhSR1VQdWFVaU9tOFVBIn0.qKxO6b9WxwkLWQAxAoItr3gDTzY5f1Ib5mUUgSxgy8o,DBA [4971],-73.588138,Adzuna::API::Response::Job,"['Canada', 'Québec', 'Montréal']",Adzuna::API::Response::Location,"Montréal, Québec",it-jobs,Adzuna::API::Response::Category,IT Jobs,Adzuna::API::Response::Company,Alteo,permanent,,,
5868849095,2026-09-03T07:51:47Z,"Job Description Job Description Microsoft Modern Workplace & Azure Deployment Architect Who We Are: Quadbridge is a fast-growing North American IT solutions provider, empowering businesses to navigate complex challenges daily, through strong partnerships with leading technology providers and close collaboration with our team and customers. With locations in Kitchener, Montreal and Vancouver, we strive to create an energetic, fun workplace where ambitious, like-minded teammates collaborate, inno…",45.544959,0,https://www.adzuna.ca/details/5868849095?utm_medium=api&utm_source=e90db681,eyJhbGciOiJIUzI1NiJ9.eyJzIjoia0lpdmxXQ284UkdVUHVhVWlPbThVQSIsImkiOiI1ODY4ODQ5MDk1In0.-tUkY0zl7N1oNYYz18zBpbzOLNEiXPvCOvX5SI7v0zw,Microsoft Modern Workplace & Azure Deployment Architect,-73.588138,Adzuna::API::Response::Job,"['Canada', 'Québec', 'Montréal']",Adzuna::API::Response::Location,"Montréal, Québec",it-jobs,Adzuna::API::Response::Category,IT Jobs,Adzuna::API::Response::Company,Quadbridge,permanent,,full_time,
5868846858,2026-09-03T07:51:00Z,"Job Description Job Description Description de l'entreprise Vidéotron, l’une des principales entreprises de télécommunication au Canada, entretient un lien unique et privilégié avec la population et est d’ailleurs tenue en haute estime par ces client·es étant l’entreprise de télécommunication la plus admirée des Québécois·es. Travailler chez Vidéotron c’est se joindre à une entreprise à la fine pointe de la technologie en croissance constante. C’est aussi se joindre à des équipes chevronnées, m…",45.544959,0,https://www.adzuna.ca/details/5868846858?utm_medium=api&utm_source=e90db681,eyJhbGciOiJIUzI1NiJ9.eyJpIjoiNTg2ODg0Njg1OCIsInMiOiJrSWl2bFdDbzhSR1VQdWFVaU9tOFVBIn0.f7r3PPcv1L763QIyOvKP0iVx3qeJPzl3yrqg0ydvYi0,Analyste de système principal · e,-73.588138,Adzuna::API::Response::Job,"['Canada', 'Québec', 'Montréal']",Adzuna::API::Response::Location,"Montréal, Québec",it-jobs,Adzuna::API::Response::Category,IT Jobs,Adzuna::API::Response::Company,Videotron,,,,
5868840487,2026-09-03T07:48:50Z,"Job Description Job Description Join Montrium as a Cloud & DevOps Specialist and help operate, automate, and continuously improve the cloud capabilities that support our established Connect platform. In this role, you will work across Microsoft Azure administration, Infrastructure as Code, CI/CD pipelines, monitoring, security, and operational governance to help deliver reliable, scalable, and compliant cloud services for life sciences customers. Company Overview Founded in 2005, Montrium is a …",45.544959,0,https://www.adzuna.ca/details/5868840487?utm_medium=api&utm_source=e90db681,eyJhbGciOiJIUzI1NiJ9.eyJpIjoiNTg2ODg0MDQ4NyIsInMiOiJrSWl2bFdDbzhSR1VQdWFVaU9tOFVBIn0.J6jZpMLMnTLb9JqxA4eHPQ9YZZXoyli4kgN82BRRCeo,Cloud & DevOps Specialist,-73.588138,Adzuna::API::Response::Job,"['Canada', 'Québec', 'Montréal']",Adzuna::API::Response::Location,"Montréal, Québec",it-jobs,Adzuna::API::Response::Category,IT Jobs,Adzuna::API::Response::Company,Montrium Inc,,,,
5868835871,2026-09-03T07:47:52Z,"Job Description Job Description:\n\nApplication deadline: September 11, 2026 12:00PM ET\nJoin the EDC Team!\nAt EDC, we support Canadian businesses to succeed globally. We provide the financial tools and expertise they need to explore new markets, reduce risks, all towards the goal of making Canada and the world better through trade. \nPosition: AI Machine Learning Engineer, Level 17 or 18\nEmployment Type: Permanent\n Compensation Details:\n\n Machine Learning Engineer 17: Salaries typically r…",45.544959,0,https://www.adzuna.ca/details/5868835871?utm_medium=api&utm_source=e90db681,eyJhbGciOiJIUzI1NiJ9.eyJzIjoia0lpdmxXQ284UkdVUHVhVWlPbThVQSIsImkiOiI1ODY4ODM1ODcxIn0.RwpS2bqUI3vigBLmgO9F4W5iGmsTehbtcA-RvsR-m-Y,"AI & Machine Learning Engineer, Level 17 or 18 - 803 EN",-73.588138,Adzuna::API::Response::Job,"['Canada', 'Québec', 'Montréal']",Adzuna::API::Response::Location,"Montréal, Québec",it-jobs,Adzuna::API::Response::Category,IT Jobs,Adzuna::API::Response::Company,Export Development Canada | Exportation et développement Canada,permanent,,,
5868831049,2026-09-03T07:46:29Z,"Job Description Job Description Description Reporting to: CTO Working closely with: Engineering and Product Seniority: Senior/Lead TL/DR: We are looking to add a highly skilled and experienced React Native developer to our team. You will help build and launch our new mobile app on Android and iOS platforms. You will work alongside both experienced and intermediate developers, and will be asked to collaborate with others as well as lead projects yourself. The nitty-gritty: Leading by example, wh…",45.544959,0,https://www.adzuna.ca/details/5868831049?utm_medium=api&utm_source=e90db681,eyJhbGciOiJIUzI1NiJ9.eyJzIjoia0lpdmxXQ284UkdVUHVhVWlPbThVQSIsImkiOiI1ODY4ODMxMDQ5In0.WiEBdr0lYuYHFCAO61hQLTvV6IinoBBYyvP0dlEKJdA,Senior React Native Developer (Remote),-73.588138,Adzuna::API::Response::Job,"['Canada', 'Québec', 'Montréal']",Adzuna::API::Response::Location,"Montréal, Québec",it-jobs,Adzuna::API::Response::Category,IT Jobs,Adzuna::API::Response::Company,Rivalry,,,,
5868827173,2026-09-03T07:44:49Z,"Job Description Job Description Repousse les limites de Coveo, une solution à la fois Comment transformer des cas d'usage ambitieux en solutions concrètes qui démontrent rapidement leur valeur? En tant qu'ingénieur de déploiement, tu conçois des prototypes et donnes vie à des idées en traduisant des besoins complexes en solutions fonctionnelles et mesurables. Tu évolueras à la frontière des capacités de Coveo, en collaboration avec des clients et des équipes internes pour valider de nouveaux ca…",45.544959,0,https://www.adzuna.ca/details/5868827173?utm_medium=api&utm_source=e90db681,eyJhbGciOiJIUzI1NiJ9.eyJzIjoia0lpdmxXQ284UkdVUHVhVWlPbThVQSIsImkiOiI1ODY4ODI3MTczIn0.TLeBiOBkjipGRFfE-c5KdpnHZ3C-NnSCFF7pHOwXpwI,Ingénieur de déploiement (FDE),-73.588138,Adzuna::API::Response::Job,"['Canada', 'Québec', 'Montréal']",Adzuna::API::Response::Location,"Montréal, Québec",it-jobs,Adzuna::API::Response::Category,IT Jobs,Adzuna::API::Response::Company,Coveo Solutions,,,,
5868818802,2026-09-03T07:41:02Z,"Job Description Job Description Lead the Next Chapter of a Market-Leading Business At Aspire Software, we acquire and build mission-critical software businesses for the long term. We are seeking a Managing Director to lead one of our flagship vertical market software businesses—a company with a strong market position, loyal customer base, and a long track record of success within the Aspire portfolio. This business is a cornerstone asset with meaningful scale and reputation in its market. It no…",45.544959,0,https://www.adzuna.ca/details/5868818802?utm_medium=api&utm_source=e90db681,eyJhbGciOiJIUzI1NiJ9.eyJzIjoia0lpdmxXQ284UkdVUHVhVWlPbThVQSIsImkiOiI1ODY4ODE4ODAyIn0.Xmy_Qps1S5uxhY0AiV0C_NVnv5GCZ0K53hq2ggDFB0Q,Managing Director - Flagship Vertical Market Software Business,-73.588138,Adzuna::API::Response::Job,"['Canada', 'Québec', 'Montréal']",Adzuna::API::Response::Location,"Montréal, Québec",it-jobs,Adzuna::API::Response::Category,IT Jobs,Adzuna::API::Response::Company,Valsoft Corporation,,,,
5868818486,2026-09-03T07:40:46Z,"Job Description Job Description:\n\nEnglish Description to follow\n\nLANDR est une société audio à croissance rapide composée de créatif.ve.s, de technologues, de professionnel.le.s de la musique ainsi que de toutes les combinaisons possibles de ces domaines. Ensemble, nous révolutionnons le processus des créateur.trice.s de musique pour les aider à créer, maîtriser, distribuer et promouvoir leur musique.\nNous aimons la musique. Nous aimons les musiciens. Notre mission est de donner aux créate…",45.544959,0,https://www.adzuna.ca/details/5868818486?utm_medium=api&utm_source=e90db681,eyJhbGciOiJIUzI1NiJ9.eyJpIjoiNTg2ODgxODQ4NiIsInMiOiJrSWl2bFdDbzhSR1VQdWFVaU9tOFVBIn0.FvZrzBjTfN5tn4cekNoVkAEemvVImxwYOnEfgdzDU8c,Développeur Backend Sr / Sr Backend Developer,-73.588138,Adzuna::API::Response::Job,"['Canada', 'Québec', 'Montréal']",Adzuna::API::Response::Location,"Montréal, Québec",it-jobs,Adzuna::API::Response::Category,IT Jobs,Adzuna::API::Response::Company,LANDR,,,,
5868817224,2026-09-03T07:40:11Z,"Job Description Job Description Company Description Acumatica is a company on a mission. We are a leading innovator in cloud ERP (Enterprise Resource Planning) solutions with growing businesses worldwide. But don’t take our word for it—read what analysts like G2, IDC, Nucleus Research, and Info-Tech have to say about us. Acumatica is different by design and purposely built to help small and midsized companies thrive in today’s digital economy. Our industry-specific business management solution …",45.544959,0,https://www.adzuna.ca/details/5868817224?utm_medium=api&utm_source=e90db681,eyJhbGciOiJIUzI1NiJ9.eyJzIjoia0lpdmxXQ284UkdVUHVhVWlPbThVQSIsImkiOiI1ODY4ODE3MjI0In0.q748IlOaIcYk71ybOG7vRtNzK74XiAVHfcr-i_0V3Ms,"Manager, ERP Application Support (Distribution)",-73.588138,Adzuna::API::Response::Job,"['Canada', 'Québec', 'Montréal']",Adzuna::API::Response::Location,"Montréal, Québec",it-jobs,Adzuna::API::Response::Category,IT Jobs,Adzuna::API::Response::Company,Acumatica,,,,
5868816701,2026-09-03T07:39:45Z,"Job Description Job Description La dynamique de votre équipe : Le groupe « Unified Platform » est chargé de fournir les composants essentiels qui équipent les produits vedettes de Genetec sur les plateformes Web et mobiles. Nous mettons l’accent sur la sécurité logicielle, la haute disponibilité des systèmes à grande échelle, la prévention des pertes de données et la compatibilité ascendante et descendante. Nous formons des équipes pluridisciplinaires organisées selon la méthodologie agile Kanb…",45.544959,0,https://www.adzuna.ca/details/5868816701?utm_medium=api&utm_source=e90db681,eyJhbGciOiJIUzI1NiJ9.eyJzIjoia0lpdmxXQ284UkdVUHVhVWlPbThVQSIsImkiOiI1ODY4ODE2NzAxIn0.WOF3oTuSmCLArx2Ft61HZpKGCmmf5mr-z8VhZFczW3Y,Spécialiste en tests logiciels / Software Test Specialist - Mobile & Web Apps,-73.588138,Adzuna::API::Response::Job,"['Canada', 'Québec', 'Montréal']",Adzuna::API::Response::Location,"Montréal, Québec",it-jobs,Adzuna::API::Response::Category,IT Jobs,Adzuna::API::Response::Company,Genetec,,,,
5868780696,2026-09-03T07:14:23Z,"Job Description Job Description Ce que nous recherchons : Le ou la stratège en expérience numérique joue un rôle clé dans la conception et la livraison d’expériences numériques de haute qualité, centrées sur l’utilisateur, sur les plateformes web et mobiles des bannières Communauté et Québec. Cette personne pilote la stratégie et l’exécution de bout en bout des initiatives de campagne et des demandes d’affaires, en transformant les objectifs organisationnels en expériences numériques cohérentes…",45.544959,0,https://www.adzuna.ca/details/5868780696?utm_medium=api&utm_source=e90db681,eyJhbGciOiJIUzI1NiJ9.eyJzIjoia0lpdmxXQ284UkdVUHVhVWlPbThVQSIsImkiOiI1ODY4NzgwNjk2In0.zbwCahHyQv5GgToDd1LqecrOW90b7aF45lnWj-M7QjE,Stratège en expérience marketing numérique,-73.588138,Adzuna::API::Response::Job,"['Canada', 'Québec', 'Montréal']",Adzuna::API::Response::Location,"Montréal, Québec",it-jobs,Adzuna::API::Response::Category,IT Jobs,Adzuna::API::Response::Company,Tink Profitabilité Numérique,contract,90000.0,full_time,80000.0
5868780338,2026-09-03T07:14:14Z,"Job Description Job Description Customer Success Specialist Who We Are: Quadbridge is a fast-growing North American IT solutions provider, empowering businesses to navigate complex challenges daily, through strong partnerships with leading technology providers and close collaboration with our team and customers. With locations in Kitchener, Montreal and Vancouver, we strive to create an energetic, fun workplace where ambitious, like-minded teammates collaborate, innovate, and thrive as we conti…",45.544959,0,https://www.adzuna.ca/details/5868780338?utm_medium=api&utm_source=e90db681,eyJhbGciOiJIUzI1NiJ9.eyJzIjoia0lpdmxXQ284UkdVUHVhVWlPbThVQSIsImkiOiI1ODY4NzgwMzM4In0.g0G9D5qPMORlshpN3fS4_lJxjLgW4XCB0wMkY2mreBY,Customer Success Specialist,-73.588138,Adzuna::API::Response::Job,"['Canada', 'Québec', 'Montréal']",Adzuna::API::Response::Location,"Montréal, Québec",it-jobs,Adzuna::API::Response::Category,IT Jobs,Adzuna::API::Response::Company,Quadbridge,permanent,,full_time,
5868780355,2026-09-03T07:14:14Z,"Job Description Job Description JOB SUMMARY: The Technical Writer II produces, translates, updates and manages primarily game-related documents and text content, and may occasionally review and translate documents for the Human Resources, Technology and Marketing departments, in accordance with established procedures and standards. Interacting with various departments in offices across North America, he or she is comfortable writing and translating for a wide range of audiences and purposes, de…",45.544959,0,https://www.adzuna.ca/details/5868780355?utm_medium=api&utm_source=e90db681,eyJhbGciOiJIUzI1NiJ9.eyJpIjoiNTg2ODc4MDM1NSIsInMiOiJrSWl2bFdDbzhSR1VQdWFVaU9tOFVBIn0.fXhEMuWq52-Fdg6pmJtZhYIL74GLo34ZzwcFKuLC__w,Technical Writer II/Rédacteur technique II,-73.588138,Adzuna::API::Response::Job,"['Canada', 'Québec', 'Montréal']",Adzuna::API::Response::Location,"Montréal, Québec",it-jobs,Adzuna::API::Response::Category,IT Jobs,Adzuna::API::Response::Company,Bluberi Gaming Canada Inc,,,,
5868779986,2026-09-03T07:13:55Z,"Job Description Job Description Alteo is looking for an IT Manager for a permanent position based in Montreal.  Hybrid work  Working closely with the CIO, the IT Manager will be responsible for overseeing the organization’s technology infrastructure and ensuring the effective implementation and management of IT services. This role requires a strategic leader who can align IT goals with business objectives, enhance operational efficiency, and support innovation through technology. Responsibiliti…",45.544959,0,https://www.adzuna.ca/details/5868779986?utm_medium=api&utm_source=e90db681,eyJhbGciOiJIUzI1NiJ9.eyJzIjoia0lpdmxXQ284UkdVUHVhVWlPbThVQSIsImkiOiI1ODY4Nzc5OTg2In0.RQQN2wa59CaYLnN8EXtbwG2Y_HsafHE9lJA-8jy8-w0,IT Manager [4950],-73.588138,Adzuna::API::Response::Job,"['Canada', 'Québec', 'Montréal']",Adzuna::API::Response::Location,"Montréal, Québec",it-jobs,Adzuna::API::Response::Category,IT Jobs,Adzuna::API::Response::Company,Alteo,permanent,,,
5868772395,2026-09-03T07:07:07Z,"Description de l'entreprise ZAYAT AROMA, entreprise familiale depuis 1985, s’engage à offrir l'excellence en aromathérapie intégrale. Nous sommes spécialisés dans la distillation et la distribution d'huiles essentielleset autres produits aromatiques authentiques 100% pures & naturels. Zayat signifie littéralement “Celui qui Fait l’Huile"". Huiles essentielles et autres produits biologiques certifiés par Ecocert Canada. Trouvez la carrière de vos rêves Nous sommes bien plus qu’un espace de travai…",45.300151,0,https://www.adzuna.ca/details/5868772395?utm_medium=api&utm_source=e90db681,eyJhbGciOiJIUzI1NiJ9.eyJpIjoiNTg2ODc3MjM5NSIsInMiOiJrSWl2bFdDbzhSR1VQdWFVaU9tOFVBIn0.PruW8My7IYhH9Mvxozjbv5N7V4cNRJMA6rp6WWpqVKc,Webmestre d'entreprise,-72.6747,Adzuna::API::Response::Job,"['Canada', 'Québec', 'Montérégie', 'La Haute-Yamaska', 'Bromont']",Adzuna::API::Response::Location,"Bromont, La Haute-Yamaska",it-jobs,Adzuna::API::Response::Category,IT Jobs,Adzuna::API::Response::Company,Zayat Aroma,permanent,,full_time,45760.0
5868772294,2026-09-03T07:07:06Z,"FUNCTION & DUTIES: Under the supervision of the Data Systems Coordinator, the Specialized Information Techonology Analyst is responsible for analyzing, designing, developing and managing all aspects of development and programming to meet the business needs of the school board, as well as supervising the analysis. The incumbent will act as an expert in their field of specialaztion, botable in information systems management, business processes and, quality and complicane. IN GENERAL, THIS POSITIO…",45.544959,0,https://www.adzuna.ca/details/5868772294?utm_medium=api&utm_source=e90db681,eyJhbGciOiJIUzI1NiJ9.eyJpIjoiNTg2ODc3MjI5NCIsInMiOiJrSWl2bFdDbzhSR1VQdWFVaU9tOFVBIn0.IDkdOmdD5UG7YYlP6NVfnKe9-jKLdZx9kx6dMOnR2H0,Specialized Information Technology Analyst (Software Development),-73.588138,Adzuna::API::Response::Job,"['Canada', 'Québec', 'Montréal']",Adzuna::API::Response::Location,"Montréal, Québec",it-jobs,Adzuna::API::Response::Category,IT Jobs,Adzuna::API::Response::Company,Kativik Ilisarniliriniq ,,105469.0,full_time,54492.0
5868772313,2026-09-03T07:07:06Z,"FUNCTION & DUTIES: Reporting to the IT Manager, the incumbent is responsible for analyzing, designing, developing and managing all aspects of development and programming to meet the business needs of the school board. He is also called upon to assist the teams in place and to participate in the maintenance of operational systems. Carry out cost-benefit analyses for IT solutions under consideration and set deadlines for the implementation of approved projects Develop and support the school board…",45.544959,0,https://www.adzuna.ca/details/5868772313?utm_medium=api&utm_source=e90db681,eyJhbGciOiJIUzI1NiJ9.eyJpIjoiNTg2ODc3MjMxMyIsInMiOiJrSWl2bFdDbzhSR1VQdWFVaU9tOFVBIn0.L50xL7Bs1mdZA2lxXas8dXsJwobJWNoWntRYtWyQ1NU,IT Analyst – Developer,-73.588138,Adzuna::API::Response::Job,"['Canada', 'Québec', 'Montréal']",Adzuna::API::Response::Location,"Montréal, Québec",it-jobs,Adzuna::API::Response::Category,IT Jobs,Adzuna::API::Response::Company,Kativik Ilisarniliriniq ,,95643.0,full_time,55812.0
5868772305,2026-09-03T07:07:06Z,"FONCTION ET TÂCHES : Sous la supervision du coordonnateur – systèmes informatiques, l’analyste spécialisé en informatique est responsable de l’analyse, de la conception, de la programmation et de la gestion de tous les aspects du développement et de la programmation pour répondre aux besoins opérationnels de la commission scolaire ainsi que de la supervision de l’analyse. Le titulaire du poste agira à titre d’expert dans son domaine de spécialisation, notamment en gestion des systèmes informati…",45.544959,0,https://www.adzuna.ca/details/5868772305?utm_medium=api&utm_source=e90db681,eyJhbGciOiJIUzI1NiJ9.eyJpIjoiNTg2ODc3MjMwNSIsInMiOiJrSWl2bFdDbzhSR1VQdWFVaU9tOFVBIn0.64lbusC-hR_0tMRv6yEGJXRpLBMVGhqK3Drzzh5WBNk,Analyste spécialisé(e) en informatique (développement de logiciels),-73.588138,Adzuna::API::Response::Job,"['Canada', 'Québec', 'Montréal']",Adzuna::API::Response::Location,"Montréal, Québec",it-jobs,Adzuna::API::Response::Category,IT Jobs,Adzuna::API::Response::Company,Kativik Ilisarniliriniq ,,105469.0,full_time,54492.0
5868772324,2026-09-03T07:07:06Z,"FONCTION & TÂCHES : Relevant du gestionnaire des TI, le titulaire du poste est chargé d’analyser, de concevoir, d’élaborer et de gérer tous les aspects relevant du développement et de la programmation pour répondre aux besoins d’affaire de la commission scolaire. Il est appelé également à assister les équipes en place et de participer au maintien des systèmes opérationnels. Réaliser des analyses de coûts-bénéfices pour les solutions informatiques envisagées et définir des échéanciers de réalisa…",45.544959,0,https://www.adzuna.ca/details/5868772324?utm_medium=api&utm_source=e90db681,eyJhbGciOiJIUzI1NiJ9.eyJzIjoia0lpdmxXQ284UkdVUHVhVWlPbThVQSIsImkiOiI1ODY4NzcyMzI0In0.J0uibcvNhSU3JlJxcnr39Pa1qTS5OkZOmBy9vQvAdWA,Analyste TI – Developpeur(euse),-73.588138,Adzuna::API::Response::Job,"['Canada', 'Québec', 'Montréal']",Adzuna::API::Response::Location,"Montréal, Québec",it-jobs,Adzuna::API::Response::Category,IT Jobs,Adzuna::API::Response::Company,Kativik Ilisarniliriniq ,,95643.0,full_time,55812.0
