redirect_url,longitude,adref,id,description,created,salary_is_predicted,title,latitude,__CLASS__,category.label,category.tag,category.__CLASS__,company.display_name,company.__CLASS__,location.__CLASS__,location.display_name,location.area,contract_time,contract_type,salary_min,salary_max
https://www.adzuna.ca/details/5835553010?utm_medium=api&utm_source=e90db681,-73.588138,eyJhbGciOiJIUzI1NiJ9.eyJzIjoiNkxTZ2RMdVU4UkdsRHVPbmdDY2xGdyIsImkiOiI1ODM1NTUzMDEwIn0.qjs9L_VQAUglmpQiHvWY1sYE82WF29VEEi0GGUqWW-w,5835553010,"Description and Requirements Lenovo is seeking a Delivery Consultant to support North America Hybrid Cloud & AI delivery operations. This role focuses on standardized deployment execution, remote-first delivery methodologies, infrastructure modernization, and operational excellence. The consultant will work closely with North America Technical Consultants, Program Management coordinators, and delivery teams to help deliver scalable, efficient, and high-quality customer outcomes. The ideal candi…",2026-08-10T07:56:45Z,0,Technical Consultant,45.544959,Adzuna::API::Response::Job,IT Jobs,it-jobs,Adzuna::API::Response::Category,Lenovo,Adzuna::API::Response::Company,Adzuna::API::Response::Location,"Montréal, Québec","['Canada', 'Québec', 'Montréal']",,,,
https://www.adzuna.ca/details/5835514591?utm_medium=api&utm_source=e90db681,-73.588138,eyJhbGciOiJIUzI1NiJ9.eyJzIjoiNkxTZ2RMdVU4UkdsRHVPbmdDY2xGdyIsImkiOiI1ODM1NTE0NTkxIn0.eB7WZ2EEZaseEyV8AqMD-r_jKdYhgq1VaahXddkMihE,5835514591,"Job Description Job Description GHGSat offre des services de détection, de mesure et de surveillance des gaz à effet de serre à des clients industriels et gouvernementaux partout dans le monde. Grâce à nos propres satellites et capteurs aéroportés, combinés à des données provenant de tiers, nous aidons les émetteurs industriels à mieux comprendre, contrôler et réduire leurs émissions. La capacité de GHGSat est unique : nous fournissons des mesures locales à haute résolution des concentrations a…",2026-08-10T06:50:52Z,0,"Développeur(euse) logiciel backend (""Payload Planner"")",45.544959,Adzuna::API::Response::Job,IT Jobs,it-jobs,Adzuna::API::Response::Category,Ghgsat,Adzuna::API::Response::Company,Adzuna::API::Response::Location,"Montréal, Québec","['Canada', 'Québec', 'Montréal']",,,,
https://www.adzuna.ca/details/5835508652?utm_medium=api&utm_source=e90db681,-73.588138,eyJhbGciOiJIUzI1NiJ9.eyJpIjoiNTgzNTUwODY1MiIsInMiOiI2TFNnZEx1VThSR2xEdU9uZ0NjbEZ3In0.WBhs9ESFHtqA8vl2ewCbnhYLdTXKOIuxU8JiHeDJJsI,5835508652,"Job Description Job Description Contrat de 12 mois · Temps plein (35 h/semaine) · Montréal ou Québec · Hybride (4 jours télétravail) Le mandat Solutions SFT est à la recherche d'un(e) chargé(e) de projet sénior pour notre client, une grande organisation publique du réseau de la santé au Québec, dans le cadre de l'évolution et de la pérennisation de son Système d'information en gestion de projet et de portefeuille (SIGPP), bâti sur Microsoft Dynamics 365 Project Operations . Vous agirez comme re…",2026-08-10T06:40:54Z,0,Chargé(e) de projet sénior - (Dynamics 365 Project Operations),45.544959,Adzuna::API::Response::Job,IT Jobs,it-jobs,Adzuna::API::Response::Category,Solution SFT,Adzuna::API::Response::Company,Adzuna::API::Response::Location,"Montréal, Québec","['Canada', 'Québec', 'Montréal']",,,,
https://www.adzuna.ca/land/ad/5835311791?se=6LSgdLuU8RGlDuOngCclFw&utm_medium=api&utm_source=e90db681&v=7CCE643F21BF393D41633A5E580929A0745B2C13,-72.802242,eyJhbGciOiJIUzI1NiJ9.eyJpIjoiNTgzNTMxMTc5MSIsInMiOiI2TFNnZEx1VThSR2xEdU9uZ0NjbEZ3In0.born0j9LcGVXgBMov_FwzbBnWKaUxUqOFEcGqDdJttk,5835311791,"Début d'affichage : 10 août 2026 Fin d'affichage : 23 août 2026 Exigences techniques attendues La personne de cette classe d’emploi fait preuve de très bonnes connaissances au niveau : Des environnements infonuagique (Office 365, Azure, Cirrus, etc.) De VMware, Hyper-V, SAN/NAS et des systèmes de copies de sécurité ; De la réseautique et administration d’équipements réseau (Fortinet, Aruba, commutateur, pare-feu, Vlans, etc.) Des systèmes d'exploitation Windows (Server et poste de travail); Des…",2026-08-10T01:26:58Z,0,"Technicien(ne) en informatique, classe principale",45.671171,Adzuna::API::Response::Job,IT Jobs,it-jobs,Adzuna::API::Response::Category,Cégep de Saint-Hyacinthe,Adzuna::API::Response::Company,Adzuna::API::Response::Location,"Saint-Liboire, Les Maskoutains","['Canada', 'Québec', 'Montérégie', 'Les Maskoutains', 'Saint-Liboire']",full_time,,,
https://www.adzuna.ca/land/ad/5835311792?se=6LSgdLuU8RGlDuOngCclFw&utm_medium=api&utm_source=e90db681&v=CA3385BAC5A489F059DE4937A77B868A5D22EF92,-72.802242,eyJhbGciOiJIUzI1NiJ9.eyJzIjoiNkxTZ2RMdVU4UkdsRHVPbmdDY2xGdyIsImkiOiI1ODM1MzExNzkyIn0.zObgjE7mTuW263Kp1U4Y-uTeGlAcaIro7vOxZrrWnzg,5835311792,"Début d'affichage : August 10, 2026 Fin d'affichage : August 23, 2026 Exigences techniques attendues La personne de cette classe d’emploi fait preuve de très bonnes connaissances au niveau : Des environnements infonuagique (Office 365, Azure, Cirrus, etc.) De VMware, Hyper-V, SAN/NAS et des systèmes de copies de sécurité ; De la réseautique et administration d’équipements réseau (Fortinet, Aruba, commutateur, pare-feu, Vlans, etc.) Des systèmes d'exploitation Windows (Server et poste de travail…",2026-08-10T01:26:58Z,0,"Technicien(ne) en informatique, classe principale",45.671171,Adzuna::API::Response::Job,IT Jobs,it-jobs,Adzuna::API::Response::Category,Cégep de Saint-Hyacinthe,Adzuna::API::Response::Company,Adzuna::API::Response::Location,"Saint-Liboire, Les Maskoutains","['Canada', 'Québec', 'Montérégie', 'Les Maskoutains', 'Saint-Liboire']",full_time,,,
https://www.adzuna.ca/details/5835039691?utm_medium=api&utm_source=e90db681,-73.290405,eyJhbGciOiJIUzI1NiJ9.eyJzIjoiNkxTZ2RMdVU4UkdsRHVPbmdDY2xGdyIsImkiOiI1ODM1MDM5NjkxIn0.CCT8AK3BFCBHtaZbI3YLQQ8ml37atwq4x_ohZ1mrE9c,5835039691,"Nous cherchons des auxiliaires parentales (nounou, garde d'enfant à domicile) pouvant se déplacer sur Saint-Basile-Le-Grand. Après partage de votre profil via notre site internet, vous pourrez être mis en contact avec les familles cherchant une garde d’enfant. Merci !",2026-08-09T19:14:07Z,0,"Cherchons nounou, garde d'enfant ou auxiliaire parentale à Saint-Basile-Le-Grand J3N",45.525082,Adzuna::API::Response::Job,IT Jobs,it-jobs,Adzuna::API::Response::Category,topnanny.net,Adzuna::API::Response::Company,Adzuna::API::Response::Location,"Saint-Basile-le-Grand, La Vallée-du-Richelieu","['Canada', 'Québec', 'Montérégie', 'La Vallée-du-Richelieu', 'Saint-Basile-le-Grand']",,,,
https://www.adzuna.ca/details/5835039617?utm_medium=api&utm_source=e90db681,-73.573172,eyJhbGciOiJIUzI1NiJ9.eyJzIjoiNkxTZ2RMdVU4UkdsRHVPbmdDY2xGdyIsImkiOiI1ODM1MDM5NjE3In0.hbtjnWeIPbrTIqPisOL4veyw7god8LF52mLOWTWZBE0,5835039617,"Nous cherchons des auxiliaires parentales (nounou, garde d'enfant à domicile) pouvant se déplacer sur Plateau Mont-Royal North. Après partage de votre profil via notre site internet, vous pourrez être mis en contact avec les familles cherchant une garde d’enfant. Merci !",2026-08-09T19:14:05Z,0,"Cherchons nounou, garde d'enfant ou auxiliaire parentale à Plateau Mont-Royal North H2H",45.536397,Adzuna::API::Response::Job,IT Jobs,it-jobs,Adzuna::API::Response::Category,topnanny.net,Adzuna::API::Response::Company,Adzuna::API::Response::Location,"Outremont, Montréal","['Canada', 'Québec', 'Montréal', 'Outremont']",,,,
https://www.adzuna.ca/details/5834784823?utm_medium=api&utm_source=e90db681,-73.467023,eyJhbGciOiJIUzI1NiJ9.eyJpIjoiNTgzNDc4NDgyMyIsInMiOiI2TFNnZEx1VThSR2xEdU9uZ0NjbEZ3In0.BHLrUq5Uum-x-08DyRUFihztIFFcSdbjqRi7AYuQp_E,5834784823,"Collaborate with users to understand their processes and identify relevant information within consumption tax processes. Participate in design and development workshops for financial, sales, and procurement processes. Assimilate the financial data model developed by the current project team. Coordinate and execute activities related to the validation, mapping, cleansing, conversion, and migration of financial data. Collaborate with users to identify and implement solutions to improve financial …",2026-08-09T11:32:54Z,0,SAP & Finance Systems Business Partner,45.458603,Adzuna::API::Response::Job,IT Jobs,it-jobs,Adzuna::API::Response::Category,BRP,Adzuna::API::Response::Company,Adzuna::API::Response::Location,"Brossard, Champlain","['Canada', 'Québec', 'Montérégie', 'Champlain', 'Brossard']",,,,
https://www.adzuna.ca/details/5834784195?utm_medium=api&utm_source=e90db681,-73.588138,eyJhbGciOiJIUzI1NiJ9.eyJzIjoiNkxTZ2RMdVU4UkdsRHVPbmdDY2xGdyIsImkiOiI1ODM0Nzg0MTk1In0.1TNTCsqFgrZap8dARU3OblpkdhFgLcyYiwyN7EihGus,5834784195,"Become a pivotal team member as an Application Software Architect with Transport Canada, focusing on marine safety applications. This remote-friendly contract position enhances Agile practices in software innovation. As a Level 3 architect, your expertise will shape digital product solutions essential for marine safety. You will be responsible for designing software, utilizing technologies like Azure Data Factory and SQL Server, while adhering to security and compliance frameworks. This role em…",2026-08-09T11:32:50Z,0,Transport Canada Application Software Developer,45.544959,Adzuna::API::Response::Job,IT Jobs,it-jobs,Adzuna::API::Response::Category,Orangutech,Adzuna::API::Response::Company,Adzuna::API::Response::Location,"Montréal, Québec","['Canada', 'Québec', 'Montréal']",,contract,,
https://www.adzuna.ca/details/5834755722?utm_medium=api&utm_source=e90db681,-73.588138,eyJhbGciOiJIUzI1NiJ9.eyJpIjoiNTgzNDc1NTcyMiIsInMiOiI2TFNnZEx1VThSR2xEdU9uZ0NjbEZ3In0.vevjVD7eUqAm1ymWBNmbKmmYSXR0jWb_3ggiG0eOC2g,5834755722,"About Behavox Behavox is a cloud-native AI company providing an integrated controls platform for global banks, asset managers, hedge funds, private equity firms, insurance businesses, and commodity firms. The platform unifies communications and trade surveillance, compliant archiving, policy management as well as front-office analytics on a single, AI-native technology stack, delivered as a globally scalable SaaS-based cloud service. At Behavox, our engineering culture is built around speed, ex…",2026-08-09T11:20:26Z,0,Senior FP&A Analyst,45.544959,Adzuna::API::Response::Job,IT Jobs,it-jobs,Adzuna::API::Response::Category,Behavox,Adzuna::API::Response::Company,Adzuna::API::Response::Location,"Montréal, Québec","['Canada', 'Québec', 'Montréal']",,,,
https://www.adzuna.ca/details/5834753967?utm_medium=api&utm_source=e90db681,-73.588138,eyJhbGciOiJIUzI1NiJ9.eyJzIjoiNkxTZ2RMdVU4UkdsRHVPbmdDY2xGdyIsImkiOiI1ODM0NzUzOTY3In0.1G1-uWcNq9_f2qFbszzNwzb-e8xC_UhgtAyZbBQqsMM,5834753967,"English version below Doit être local à Montréal Vous souhaitez travailler dans le domaine de la technologie au sein d'une banque d'investissement? Nous recherchons une personne souhaitant rejoindre une équipe dynamique en tant que Développeur Go pour l’un de nos clients. Ce poste est idéal pour un ingénieur backend qui apprécie de travailler à la fois sur le développement logiciel et les opérations. Vous jouerez un rôle clé dans le développement de services backend évolutifs, la conception et …",2026-08-09T11:18:55Z,0,Développeur Golang / Golang Developer,45.544959,Adzuna::API::Response::Job,IT Jobs,it-jobs,Adzuna::API::Response::Category,mthree,Adzuna::API::Response::Company,Adzuna::API::Response::Location,"Montréal, Québec","['Canada', 'Québec', 'Montréal']",full_time,,,
https://www.adzuna.ca/details/5834751716?utm_medium=api&utm_source=e90db681,-73.588138,eyJhbGciOiJIUzI1NiJ9.eyJzIjoiNkxTZ2RMdVU4UkdsRHVPbmdDY2xGdyIsImkiOiI1ODM0NzUxNzE2In0.CPcqBJNWx9rWhESHt7bp_DKiOR3BE6XwPo4N21ei1kk,5834751716,"Position Description: CGI est à la recherche d'un(e) Analyste qualité (QA) pour se joindre à une équipe Agile responsable du développement et de l'évolution d'une application d'affaires stratégique dans le domaine de la gestion de l'électricité. Vous participerez à un important projet de modernisation d'une plateforme critique, dans un environnement collaboratif où la qualité des livrables, l'amélioration continue et le travail d'équipe sont au cœur des priorités. À titre d'analyste qualité, vo…",2026-08-09T11:17:54Z,0,Analyste QA,45.544959,Adzuna::API::Response::Job,IT Jobs,it-jobs,Adzuna::API::Response::Category,CGI,Adzuna::API::Response::Company,Adzuna::API::Response::Location,"Montréal, Québec","['Canada', 'Québec', 'Montréal']",full_time,,60000.0,100000.0
https://www.adzuna.ca/details/5834750642?utm_medium=api&utm_source=e90db681,-73.588138,eyJhbGciOiJIUzI1NiJ9.eyJpIjoiNTgzNDc1MDY0MiIsInMiOiI2TFNnZEx1VThSR2xEdU9uZ0NjbEZ3In0.gLJOhBK-fdMfFfJU4QMuNqBVbGs3lfUsnUBdsLNY6uM,5834750642,"MaintainX is the world's leading AI-powered maintenance and asset management platform, serving 14,000 customers including Duracell, Shell, Cintas, and Brenntag. We raised $150M in Series D funding led by Bessemer Venture Partners and Bain Capital Ventures, bringing our total funding to $254M. We were named to the Forbes 2025 Cloud 100 , the definitive ranking of the top 100 private cloud companies in the world. We're growing fast and hiring the talent to match. MaintainX est la plateforme la pl…",2026-08-09T11:17:14Z,0,"Directeur·trice du développement logiciel, plateforme",45.544959,Adzuna::API::Response::Job,IT Jobs,it-jobs,Adzuna::API::Response::Category,MaintainX,Adzuna::API::Response::Company,Adzuna::API::Response::Location,"Montréal, Québec","['Canada', 'Québec', 'Montréal']",full_time,,,
https://www.adzuna.ca/details/5834750120?utm_medium=api&utm_source=e90db681,-73.588138,eyJhbGciOiJIUzI1NiJ9.eyJzIjoiNkxTZ2RMdVU4UkdsRHVPbmdDY2xGdyIsImkiOiI1ODM0NzUwMTIwIn0.9zTwbQCJLTK95sgmJiUaQ8yMVzMVfSj1rxoQre71jIk,5834750120,"MaintainX is the world's leading AI-powered maintenance and asset management platform, serving 14,000 customers including Duracell, Shell, Cintas, and Brenntag. We raised $150M in Series D funding led by Bessemer Venture Partners and Bain Capital Ventures, bringing our total funding to $254M. We were named to the Forbes 2025 Cloud 100 , the definitive ranking of the top 100 private cloud companies in the world. We're growing fast and hiring the talent to match. MaintainX is the world's leading …",2026-08-09T11:16:56Z,0,Senior or Lead Full-Stack Developer,45.544959,Adzuna::API::Response::Job,IT Jobs,it-jobs,Adzuna::API::Response::Category,MaintainX,Adzuna::API::Response::Company,Adzuna::API::Response::Location,"Montréal, Québec","['Canada', 'Québec', 'Montréal']",full_time,,,
https://www.adzuna.ca/details/5834750011?utm_medium=api&utm_source=e90db681,-73.588138,eyJhbGciOiJIUzI1NiJ9.eyJzIjoiNkxTZ2RMdVU4UkdsRHVPbmdDY2xGdyIsImkiOiI1ODM0NzUwMDExIn0.Jk2phjEmyXf2nWXp03A00l2RrD4Tmiv3UYg3yxTiyWY,5834750011,"Lattice Overview There is energy here…energy you can feel crackling at any of our international locations. It’s an energy generated by enthusiasm for our work, for our teams, for our results, and for our customers. Lattice is a worldwide community of engineers, designers, and manufacturing operations specialists in partnership with world-class sales, marketing, and support teams, who are developing programmable logic solutions that are changing the industry. Our focus is on R&D, product innovat…",2026-08-09T11:16:53Z,0,AI Toolchain Software Developer,45.544959,Adzuna::API::Response::Job,IT Jobs,it-jobs,Adzuna::API::Response::Category,Lattice Canada,Adzuna::API::Response::Company,Adzuna::API::Response::Location,"Montréal, Québec","['Canada', 'Québec', 'Montréal']",full_time,,,
https://www.adzuna.ca/details/5834749884?utm_medium=api&utm_source=e90db681,-73.7535,eyJhbGciOiJIUzI1NiJ9.eyJzIjoiNkxTZ2RMdVU4UkdsRHVPbmdDY2xGdyIsImkiOiI1ODM0NzQ5ODg0In0.MOLceMN8O6HdJnDoGy_HZdKPjm28rRMLcg663GaoXgk,5834749884,"Ready to take the next step in your career? Join a global company shaping the future with technology that drives lasting impact. Hypertec is seeking a Solutions Architect to join our Sales team in Montreal. If you are motivated, collaborative, and aligned with our values, we would love to hear from you. We believe that how we work is just as important as what we build. Our values reflect the mindset we bring to everything we do: Innovation Trust Entrepreneurship Customer Focus What You’ll Be Co…",2026-08-09T11:16:48Z,0,Solutions Architect,45.49881,Adzuna::API::Response::Job,IT Jobs,it-jobs,Adzuna::API::Response::Category,Hypertec,Adzuna::API::Response::Company,Adzuna::API::Response::Location,"Dorval, Montréal","['Canada', 'Québec', 'Montréal', 'Dorval']",full_time,,,
https://www.adzuna.ca/details/5834749851?utm_medium=api&utm_source=e90db681,-73.588138,eyJhbGciOiJIUzI1NiJ9.eyJzIjoiNkxTZ2RMdVU4UkdsRHVPbmdDY2xGdyIsImkiOiI1ODM0NzQ5ODUxIn0.bgQIZluwEoiofI993YOMYFIFpTcfcM6MlFHELOcLyAk,5834749851,"Lieu : Montréal (mode hybride – 2 jours en présentiel) Type de poste : Permanent À propos de RENAPS RENAPS est un fournisseur de solutions et de services TI présent au Canada, aux États-Unis et à l’international. Nous accompagnons nos clients à travers un large éventail de services : Services TI gérés ou à la demande Transformation numérique Infrastructure et Cloud Développement applicatif Audit et gestion de licences Recrutement et dotation TI Nous offrons un environnement de travail stimulant…",2026-08-09T11:16:46Z,0,Technology Sales Representative/Représentant des ventes technologiques (Hybride),45.544959,Adzuna::API::Response::Job,IT Jobs,it-jobs,Adzuna::API::Response::Category,Renaps,Adzuna::API::Response::Company,Adzuna::API::Response::Location,"Montréal, Québec","['Canada', 'Québec', 'Montréal']",,permanent,,
https://www.adzuna.ca/details/5834747311?utm_medium=api&utm_source=e90db681,-73.588138,eyJhbGciOiJIUzI1NiJ9.eyJzIjoiNkxTZ2RMdVU4UkdsRHVPbmdDY2xGdyIsImkiOiI1ODM0NzQ3MzExIn0.l20_Cyq2uGQtlkkMWwDWnDhknTnIch7k0S0NBBJ1c8c,5834747311,"Position Description: À propos du poste Joignez-vous à une équipe dynamique où la technologie est au cœur de la transformation des marchés financiers. Vous évoluerez dans un environnement Agile exploitant les meilleures pratiques en ingénierie de plateforme, automatisation et fiabilité des systèmes afin de soutenir les activités de négociation (Equity Trading). Vous intégrerez le département Global Markets IT (GMI), responsable des systèmes d'information supportant l'ensemble des activités des …",2026-08-09T11:15:29Z,0,Spécialiste principal en fiabilité des plateformes (SRE),45.544959,Adzuna::API::Response::Job,IT Jobs,it-jobs,Adzuna::API::Response::Category,CGI,Adzuna::API::Response::Company,Adzuna::API::Response::Location,"Montréal, Québec","['Canada', 'Québec', 'Montréal']",full_time,,0.0,115000.0
https://www.adzuna.ca/details/5834745395?utm_medium=api&utm_source=e90db681,-73.588138,eyJhbGciOiJIUzI1NiJ9.eyJzIjoiNkxTZ2RMdVU4UkdsRHVPbmdDY2xGdyIsImkiOiI1ODM0NzQ1Mzk1In0.yONETRSGStithixPjIR4PfgrgkN2cRPJ0nCapZqVdso,5834745395,"MaintainX is the world's leading AI-powered maintenance and asset management platform, serving 14,000 customers including Duracell, Shell, Cintas, and Brenntag. We raised $150M in Series D funding led by Bessemer Venture Partners and Bain Capital Ventures, bringing our total funding to $254M. We were named to the Forbes 2025 Cloud 100 , the definitive ranking of the top 100 private cloud companies in the world. We're growing fast and hiring the talent to match. MaintainX est la plateforme la pl…",2026-08-09T11:13:22Z,0,Développeur(se) mobile logiciel,45.544959,Adzuna::API::Response::Job,IT Jobs,it-jobs,Adzuna::API::Response::Category,MaintainX,Adzuna::API::Response::Company,Adzuna::API::Response::Location,"Montréal, Québec","['Canada', 'Québec', 'Montréal']",full_time,,,
https://www.adzuna.ca/details/5834745002?utm_medium=api&utm_source=e90db681,-73.588138,eyJhbGciOiJIUzI1NiJ9.eyJzIjoiNkxTZ2RMdVU4UkdsRHVPbmdDY2xGdyIsImkiOiI1ODM0NzQ1MDAyIn0.Me45KT9dPo_rBdMSEerRY2-d88JQHrBpP_0057kYlhA,5834745002,"MaintainX is the world's leading AI-powered maintenance and asset management platform, serving 14,000 customers including Duracell, Shell, Cintas, and Brenntag. We raised $150M in Series D funding led by Bessemer Venture Partners and Bain Capital Ventures, bringing our total funding to $254M. We were named to the Forbes 2025 Cloud 100 , the definitive ranking of the top 100 private cloud companies in the world. We're growing fast and hiring the talent to match. Le marché que nous servons ne ral…",2026-08-09T11:12:39Z,0,Administrateur Salesforce,45.544959,Adzuna::API::Response::Job,IT Jobs,it-jobs,Adzuna::API::Response::Category,MaintainX,Adzuna::API::Response::Company,Adzuna::API::Response::Location,"Montréal, Québec","['Canada', 'Québec', 'Montréal']",full_time,,,
https://www.adzuna.ca/details/5834744697?utm_medium=api&utm_source=e90db681,-73.588138,eyJhbGciOiJIUzI1NiJ9.eyJzIjoiNkxTZ2RMdVU4UkdsRHVPbmdDY2xGdyIsImkiOiI1ODM0NzQ0Njk3In0.Gdjc3wJgriGVhELCkaYuqdIEQmWqcaTxKy_i2Is-hEo,5834744697,"MaintainX is the world's leading AI-powered maintenance and asset management platform, serving 14,000 customers including Duracell, Shell, Cintas, and Brenntag. We raised $150M in Series D funding led by Bessemer Venture Partners and Bain Capital Ventures, bringing our total funding to $254M. We were named to the Forbes 2025 Cloud 100 , the definitive ranking of the top 100 private cloud companies in the world. We're growing fast and hiring the talent to match. MaintainX est la plateforme la pl…",2026-08-09T11:12:11Z,0,Responsable de la formation des clients,45.544959,Adzuna::API::Response::Job,IT Jobs,it-jobs,Adzuna::API::Response::Category,MaintainX,Adzuna::API::Response::Company,Adzuna::API::Response::Location,"Montréal, Québec","['Canada', 'Québec', 'Montréal']",full_time,,,
https://www.adzuna.ca/details/5834744604?utm_medium=api&utm_source=e90db681,-73.588138,eyJhbGciOiJIUzI1NiJ9.eyJpIjoiNTgzNDc0NDYwNCIsInMiOiI2TFNnZEx1VThSR2xEdU9uZ0NjbEZ3In0.UAmK1329OvLc9C3C-EZmWFjAYu0MKmYVjhs3c5RUKL8,5834744604,"MaintainX is the world's leading AI-powered maintenance and asset management platform, serving 14,000 customers including Duracell, Shell, Cintas, and Brenntag. We raised $150M in Series D funding led by Bessemer Venture Partners and Bain Capital Ventures, bringing our total funding to $254M. We were named to the Forbes 2025 Cloud 100 , the definitive ranking of the top 100 private cloud companies in the world. We're growing fast and hiring the talent to match. MaintainX est la première platefo…",2026-08-09T11:12:01Z,0,Développeur(se) Full-Stack sénior ou en chef,45.544959,Adzuna::API::Response::Job,IT Jobs,it-jobs,Adzuna::API::Response::Category,MaintainX,Adzuna::API::Response::Company,Adzuna::API::Response::Location,"Montréal, Québec","['Canada', 'Québec', 'Montréal']",full_time,,,
https://www.adzuna.ca/details/5834742497?utm_medium=api&utm_source=e90db681,-73.588138,eyJhbGciOiJIUzI1NiJ9.eyJzIjoiNkxTZ2RMdVU4UkdsRHVPbmdDY2xGdyIsImkiOiI1ODM0NzQyNDk3In0.4vCTLm6jdTxR8svdqgYkLZhsPxB0qmlJKEqvrz5YsZ4,5834742497,"WHAT MAKES US EPIC? At the core of Epic’s success are talented, passionate people. Epic prides itself on creating a collaborative, welcoming, and creative environment. Whether it’s building award-winning games or crafting engine technology that enables others to make visually stunning interactive experiences, we’re always innovating. Being Epic means being a part of a team that continually strives to do right by our community and users. We’re constantly innovating to raise the bar of engine and…",2026-08-09T11:08:58Z,0,Machine Learning Intern,45.544959,Adzuna::API::Response::Job,IT Jobs,it-jobs,Adzuna::API::Response::Category,Epic Games,Adzuna::API::Response::Company,Adzuna::API::Response::Location,"Montréal, Québec","['Canada', 'Québec', 'Montréal']",part_time,contract,,
https://www.adzuna.ca/details/5834741237?utm_medium=api&utm_source=e90db681,-73.588138,eyJhbGciOiJIUzI1NiJ9.eyJzIjoiNkxTZ2RMdVU4UkdsRHVPbmdDY2xGdyIsImkiOiI1ODM0NzQxMjM3In0.LPvmUoxaT8OFDvNnRJIBe5JcP3gH9KIDWE9F6QUBKJs,5834741237,"Purpose of the Role Within the Information Technology department, the AI Team Lead plays a key role in the practical implementation, evolution, and support of artificial intelligence initiatives at La Vie en Rose. Reporting to the Director, IT Applications and Development, this person actively contributes to delivering useful, secure, and business-relevant AI solutions. The role combines team leadership with direct involvement in execution, including needs analysis, solution implementation, use…",2026-08-09T11:07:46Z,0,ARTIFICIAL INTELLIGENCE TEAM LEAD,45.544959,Adzuna::API::Response::Job,IT Jobs,it-jobs,Adzuna::API::Response::Category,la Vie en Rose,Adzuna::API::Response::Company,Adzuna::API::Response::Location,"Montréal, Québec","['Canada', 'Québec', 'Montréal']",full_time,permanent,,
https://www.adzuna.ca/details/5834740104?utm_medium=api&utm_source=e90db681,-73.588138,eyJhbGciOiJIUzI1NiJ9.eyJpIjoiNTgzNDc0MDEwNCIsInMiOiI2TFNnZEx1VThSR2xEdU9uZ0NjbEZ3In0.RuYOeI858T91-uky_q8ycc1HFfH3QLdsP1uuYiuuE-Q,5834740104,"Support the operational excellence of Novisto's ESG platform by structuring, validating, and maintaining complex ESG data and framework configurations. Apply deep platform expertise to ensure data quality, resolve complex configuration challenges, and collaborate with Customer Success, Product, and Engineering to deliver a scalable, accurate, and secure customer experience. Your Responsibilities Will Include: Process, structure, and validate ESG and platform data to support framework implementa…",2026-08-09T11:06:36Z,0,Platform Operations Specialist,45.544959,Adzuna::API::Response::Job,IT Jobs,it-jobs,Adzuna::API::Response::Category,Novisto,Adzuna::API::Response::Company,Adzuna::API::Response::Location,"Montréal, Québec","['Canada', 'Québec', 'Montréal']",,,,
https://www.adzuna.ca/details/5834739244?utm_medium=api&utm_source=e90db681,-73.588138,eyJhbGciOiJIUzI1NiJ9.eyJzIjoiNkxTZ2RMdVU4UkdsRHVPbmdDY2xGdyIsImkiOiI1ODM0NzM5MjQ0In0.RDpv6hoTwJMSJcG1PJmSUe6i2PD97W6eiAq9sFGgq10,5834739244,"Position Description: Mode de travail : Hybride – 1 jour par semaine en présentiel Sommaire du rôle Nous recherchons un(e) Développeur(se) .NET / Full Stack possédant une solide expérience en développement applicatif et souhaitant contribuer à la conception, au développement, à l’intégration et à l’évolution de solutions technologiques modernes. La personne recherchée travaillera en étroite collaboration avec les équipes de développement, d’architecture, d’analyse d’affaires et de gestion de pr…",2026-08-09T11:05:37Z,0,Développeur.NET / Full Stack – Azure,45.544959,Adzuna::API::Response::Job,IT Jobs,it-jobs,Adzuna::API::Response::Category,CGI,Adzuna::API::Response::Company,Adzuna::API::Response::Location,"Montréal, Québec","['Canada', 'Québec', 'Montréal']",full_time,,,
https://www.adzuna.ca/details/5834738982?utm_medium=api&utm_source=e90db681,-73.588138,eyJhbGciOiJIUzI1NiJ9.eyJzIjoiNkxTZ2RMdVU4UkdsRHVPbmdDY2xGdyIsImkiOiI1ODM0NzM4OTgyIn0.oM23uhLclVetCyVuMJe8FjH2IBtQPhNNOjNbABsMluc,5834738982,"Senior Product Designer Location: Montreal or Quebec Schedule: 9:00am - 6:00pm PST About Numa Numa is building the platform to power AI-native dealerships, rearchitecting automotive service and sales with advanced AI agents that automate customer interactions, streamline operations, and reimagine how dealerships work. Numa integrates AI into every aspect of dealership functions—from rescuing customer calls and voicemails that generate more revenue, to reducing customer resolution times that dri…",2026-08-09T11:05:18Z,0,Sr. Product Designer,45.544959,Adzuna::API::Response::Job,IT Jobs,it-jobs,Adzuna::API::Response::Category,Numa,Adzuna::API::Response::Company,Adzuna::API::Response::Location,"Montréal, Québec","['Canada', 'Québec', 'Montréal']",,,90000.0,130000.0
https://www.adzuna.ca/details/5834738790?utm_medium=api&utm_source=e90db681,-73.588138,eyJhbGciOiJIUzI1NiJ9.eyJpIjoiNTgzNDczODc5MCIsInMiOiI2TFNnZEx1VThSR2xEdU9uZ0NjbEZ3In0.-BwZhRwJV9zxKSl1O9ZQ9Kfn2slXMvQ8tc9QTjdD70Y,5834738790,"Purpose of the Role Reporting to the Director, IT Infrastructure, Support and Cybersecurity, the incumbent will lead a team of Application & Integration Specialists to ensure effective support of the various business applications used across the organization. Key Responsibilities Supervise, coach and mentor the team to ensure integrations are proactively monitored and incidents are addressed within reasonable timelines and resolved at the source. Develop a strong understanding of the business p…",2026-08-09T11:05:05Z,0,"IT APPLICATION SUPPORT, TEAM LEAD",45.544959,Adzuna::API::Response::Job,IT Jobs,it-jobs,Adzuna::API::Response::Category,la Vie en Rose,Adzuna::API::Response::Company,Adzuna::API::Response::Location,"Montréal, Québec","['Canada', 'Québec', 'Montréal']",full_time,permanent,,
https://www.adzuna.ca/details/5834737696?utm_medium=api&utm_source=e90db681,-73.487904,eyJhbGciOiJIUzI1NiJ9.eyJzIjoiNkxTZ2RMdVU4UkdsRHVPbmdDY2xGdyIsImkiOiI1ODM0NzM3Njk2In0.DfJkenpOSUPL3CAhfilLHvy1DIicpdxbCO-3N5PAgHM,5834737696,"Job Description Summary En tant que Responsable des offres techniques, vous serez l’expert clé du processus de soumission pour nos solutions haute tension, notamment les Live Tank Circuit-Switchers, circuit-breakers et systèmes CABA (Compact Air Insulated Switchgear). Relevant du Directeur de produit, vous agirez comme le pivot central entre notre usine de La Prairie, notre centre de compétence R&D en France, nos équipes commerciales et les besoins stratégiques de nos clients nord-américains. L…",2026-08-09T11:03:39Z,0,Responsable Senior Appel d'Offres Techniques,45.410927,Adzuna::API::Response::Job,IT Jobs,it-jobs,Adzuna::API::Response::Category,GE Vernova,Adzuna::API::Response::Company,Adzuna::API::Response::Location,"La Prairie, Roussillon","['Canada', 'Québec', 'Montérégie', 'Roussillon', 'La Prairie']",full_time,,,
https://www.adzuna.ca/details/5834736504?utm_medium=api&utm_source=e90db681,-73.588138,eyJhbGciOiJIUzI1NiJ9.eyJpIjoiNTgzNDczNjUwNCIsInMiOiI2TFNnZEx1VThSR2xEdU9uZ0NjbEZ3In0.H-wR2UHZTte0U20OmgJ-thLbgrvEPqnUkT-FFLg-ZwU,5834736504,"Pourquoi Fresche ? Nous ne nous contentons pas de maintenir les systèmes patrimoniaux (legacy) en état de marche — nous les transformons. Depuis plus de 11 ans, Fresche Solutions est le partenaire de confiance des entreprises pour la modernisation de l'IBM i. Vous travaillerez d'où vous le souhaitez en Amérique du Nord, avec une véritable flexibilité et au sein d'une culture où nos valeurs façonnent concrètement les décisions techniques que nous prenons au quotidien. Votre impact Ce poste va bi…",2026-08-09T11:01:39Z,0,Programmeur(euse)/Analyste RPG Senior (Extol) - Télétravail - FS451,45.544959,Adzuna::API::Response::Job,IT Jobs,it-jobs,Adzuna::API::Response::Category,Fresche Solutions,Adzuna::API::Response::Company,Adzuna::API::Response::Location,"Montréal, Québec","['Canada', 'Québec', 'Montréal']",full_time,,,
https://www.adzuna.ca/details/5834735136?utm_medium=api&utm_source=e90db681,-73.588138,eyJhbGciOiJIUzI1NiJ9.eyJpIjoiNTgzNDczNTEzNiIsInMiOiI2TFNnZEx1VThSR2xEdU9uZ0NjbEZ3In0.DkdNS-Lz0C7LfuLaMnb6Xgqrqv5ZBWg2KB3xHcx_6Xc,5834735136,"Why Fresche? We don’t just keep legacy systems running — we transform them. For over a decade, Fresche Solutions has been the partner organizations trust for IBM i modernization. You’ll work from anywhere in North America, with genuine flexibility and a culture where our values actually shape the technical decisions we make every day. The Impact You'll Make This is more than a programming role. As a Senior RPG Programmer/Analyst , you will lead the analysis, design, development, and support of …",2026-08-09T10:59:34Z,0,Senior RPG Programmer/Analyst (Extol) - Remote - FS451,45.544959,Adzuna::API::Response::Job,IT Jobs,it-jobs,Adzuna::API::Response::Category,Fresche Solutions,Adzuna::API::Response::Company,Adzuna::API::Response::Location,"Montréal, Québec","['Canada', 'Québec', 'Montréal']",full_time,,,
https://www.adzuna.ca/details/5834734439?utm_medium=api&utm_source=e90db681,-73.588138,eyJhbGciOiJIUzI1NiJ9.eyJzIjoiNkxTZ2RMdVU4UkdsRHVPbmdDY2xGdyIsImkiOiI1ODM0NzM0NDM5In0.XaAEx1ohBD7F2rJohV42nt1Pi6_f-jPNaZBqZSlcGg4,5834734439,"We are a diversified trading firm with over 3 decades of experience bringing sophisticated technology and exceptional people together to operate in markets around the world. We value autonomy and the ability to quickly pivot to capture opportunities, so we operate using our own capital and trading at our own risk. We operate with respect, curiosity and open minds. The people who thrive here share our belief that it’s not just what we do that matters–it's how we do it. We are not a place of high…",2026-08-09T10:58:17Z,0,Software Engineer - Research,45.544959,Adzuna::API::Response::Job,IT Jobs,it-jobs,Adzuna::API::Response::Category,hireVouch,Adzuna::API::Response::Company,Adzuna::API::Response::Location,"Montréal, Québec","['Canada', 'Québec', 'Montréal']",,,,
https://www.adzuna.ca/details/5834734387?utm_medium=api&utm_source=e90db681,-73.56065,eyJhbGciOiJIUzI1NiJ9.eyJpIjoiNTgzNDczNDM4NyIsInMiOiI2TFNnZEx1VThSR2xEdU9uZ0NjbEZ3In0.Rdjy--lqeDjk-cNqenyCGN1a0Qu_t5547nWXi25Ux6c,5834734387,"Description This job posting is available in French only due to the location of publication. Votre rôle, votre impact En tant qu’analyste en gestion de projets TI senior (PCO), vous jouerez un rôle clé dans la gouvernance, la planification, le suivi et le contrôle d’initiatives technologiques stratégiques visant à soutenir la transformation numérique du secteur de la santé. En collaboration avec les chargés de projet, les gestionnaires et les instances de gouvernance, vous assurerez la qualité …",2026-08-09T10:58:14Z,0,Senior IT Analyst (PCO),45.50687,Adzuna::API::Response::Job,IT Jobs,it-jobs,Adzuna::API::Response::Category,Alithya,Adzuna::API::Response::Company,Adzuna::API::Response::Location,"Westmount, Montréal","['Canada', 'Québec', 'Montréal', 'Westmount']",full_time,,,
https://www.adzuna.ca/details/5834734332?utm_medium=api&utm_source=e90db681,-73.588138,eyJhbGciOiJIUzI1NiJ9.eyJzIjoiNkxTZ2RMdVU4UkdsRHVPbmdDY2xGdyIsImkiOiI1ODM0NzM0MzMyIn0.MOBptpHQaIf0Nelalql5xAcND7JW5N2zbypnnk9Tpgo,5834734332,"MaintainX is the world's leading AI-powered maintenance and asset management platform, serving 14,000 customers including Duracell, Shell, Cintas, and Brenntag. We raised $150M in Series D funding led by Bessemer Venture Partners and Bain Capital Ventures, bringing our total funding to $254M. We were named to the Forbes 2025 Cloud 100 , the definitive ranking of the top 100 private cloud companies in the world. We're growing fast and hiring the talent to match. MaintainX est la principale plate…",2026-08-09T10:58:10Z,0,Gestionnaire du succès client – Entreprises,45.544959,Adzuna::API::Response::Job,IT Jobs,it-jobs,Adzuna::API::Response::Category,MaintainX,Adzuna::API::Response::Company,Adzuna::API::Response::Location,"Montréal, Québec","['Canada', 'Québec', 'Montréal']",full_time,,,
https://www.adzuna.ca/details/5834733946?utm_medium=api&utm_source=e90db681,-73.588138,eyJhbGciOiJIUzI1NiJ9.eyJpIjoiNTgzNDczMzk0NiIsInMiOiI2TFNnZEx1VThSR2xEdU9uZ0NjbEZ3In0.FD5I2ZCgUgFXaQh7GRD_gTvfuZwYZDt3J1FKG2puKtQ,5834733946,"MaintainX is the world's leading AI-powered maintenance and asset management platform, serving 14,000 customers including Duracell, Shell, Cintas, and Brenntag. We raised $150M in Series D funding led by Bessemer Venture Partners and Bain Capital Ventures, bringing our total funding to $254M. We were named to the Forbes 2025 Cloud 100 , the definitive ranking of the top 100 private cloud companies in the world. We're growing fast and hiring the talent to match. We are seeking a Senior Software …",2026-08-09T10:57:31Z,0,"Senior Software Developer, Compliance and Multi-Region",45.544959,Adzuna::API::Response::Job,IT Jobs,it-jobs,Adzuna::API::Response::Category,MaintainX,Adzuna::API::Response::Company,Adzuna::API::Response::Location,"Montréal, Québec","['Canada', 'Québec', 'Montréal']",full_time,,,
https://www.adzuna.ca/details/5834733892?utm_medium=api&utm_source=e90db681,-73.588138,eyJhbGciOiJIUzI1NiJ9.eyJzIjoiNkxTZ2RMdVU4UkdsRHVPbmdDY2xGdyIsImkiOiI1ODM0NzMzODkyIn0.vcuwdX7GZKCtgDE7SSaS5F7eZDvN8NjyC9t4LkqYLFw,5834733892,"Purpose of the role Reporting to the IT Projects and Continuous Improvement Director, the IT Project Management and Business Analysis Team Lead will be responsible for managing the project team for both small- and large-scale initiatives, ranging from simple to highly complex. The incumbent will oversee all aspects of management, development design, configuration, and implementation. In addition, they will be responsible for managing IT Project Managers and IT Business Analysts. Key Responsibil…",2026-08-09T10:57:28Z,0,IT PROJECT MANAGEMENT AND BUSINESS ANALYSIS TEAM LEAD,45.544959,Adzuna::API::Response::Job,IT Jobs,it-jobs,Adzuna::API::Response::Category,la Vie en Rose,Adzuna::API::Response::Company,Adzuna::API::Response::Location,"Montréal, Québec","['Canada', 'Québec', 'Montréal']",full_time,contract,,
https://www.adzuna.ca/details/5834733302?utm_medium=api&utm_source=e90db681,-73.588138,eyJhbGciOiJIUzI1NiJ9.eyJpIjoiNTgzNDczMzMwMiIsInMiOiI2TFNnZEx1VThSR2xEdU9uZ0NjbEZ3In0.pSifFC9Jom-XGKhWvNvuvyQ58KM4TWkiJEorGxOSpuY,5834733302,"MaintainX is the world's leading AI-powered maintenance and asset management platform, serving 14,000 customers including Duracell, Shell, Cintas, and Brenntag. We raised $150M in Series D funding led by Bessemer Venture Partners and Bain Capital Ventures, bringing our total funding to $254M. We were named to the Forbes 2025 Cloud 100 , the definitive ranking of the top 100 private cloud companies in the world. We're growing fast and hiring the talent to match. MaintainX est la plus importante …",2026-08-09T10:56:35Z,0,Développeur(se) en fiabilité de site,45.544959,Adzuna::API::Response::Job,IT Jobs,it-jobs,Adzuna::API::Response::Category,MaintainX,Adzuna::API::Response::Company,Adzuna::API::Response::Location,"Montréal, Québec","['Canada', 'Québec', 'Montréal']",full_time,,,
https://www.adzuna.ca/details/5834588708?utm_medium=api&utm_source=e90db681,-73.588138,eyJhbGciOiJIUzI1NiJ9.eyJzIjoiNkxTZ2RMdVU4UkdsRHVPbmdDY2xGdyIsImkiOiI1ODM0NTg4NzA4In0.poagOM9Yn_HCTJnlMQK347LwR8m78UFPDfjf9tYuCLg,5834588708,"Job Description Job Description We are looking for an experienced Product Manager for our client. This is a permanent position that is remote! Our client is a global enterprise company with a product that you've likely used. Reporting to the Head of Product, this role will focus on driving integration within their network stack and focus on building sustainable architecture. The role will focus on large-scale network integration, not just at a national level but on a global scale. You Have: 3 y…",2026-08-09T06:54:01Z,0,Product Manager,45.544959,Adzuna::API::Response::Job,IT Jobs,it-jobs,Adzuna::API::Response::Category,Targeted Talent,Adzuna::API::Response::Company,Adzuna::API::Response::Location,"Montréal, Québec","['Canada', 'Québec', 'Montréal']",,permanent,,
https://www.adzuna.ca/details/5834588156?utm_medium=api&utm_source=e90db681,-73.588138,eyJhbGciOiJIUzI1NiJ9.eyJpIjoiNTgzNDU4ODE1NiIsInMiOiI2TFNnZEx1VThSR2xEdU9uZ0NjbEZ3In0.u3sF2XsBn4vy1oLPkYpyotqENVIb3hOqPti1LtiXOh0,5834588156,"Job Description Job Description Aperçu du poste : Nous recherchons un développeur logiciel pour rejoindre l’équipe Platform Engineering – Genetec Login, qui maintient et exploite le système d’authentification unique (SSO) utilisé par tous les produits et clients de Genetec. Nous traitons plus de 75 millions de requêtes par mois et pouvons déployer une modification en production en seulement 15 minutes grâce à l’intégration continue (CI) et au déploiement continu (CD). Nous utilisons les dernièr…",2026-08-09T06:53:21Z,0,Développeur(euse) logiciel / Software Dev - Platform Engineering Genetec Login,45.544959,Adzuna::API::Response::Job,IT Jobs,it-jobs,Adzuna::API::Response::Category,Genetec,Adzuna::API::Response::Company,Adzuna::API::Response::Location,"Montréal, Québec","['Canada', 'Québec', 'Montréal']",,,,
https://www.adzuna.ca/details/5834587693?utm_medium=api&utm_source=e90db681,-73.588138,eyJhbGciOiJIUzI1NiJ9.eyJzIjoiNkxTZ2RMdVU4UkdsRHVPbmdDY2xGdyIsImkiOiI1ODM0NTg3NjkzIn0.X0NL35ORdriIvV1EGEGgo5QmaTBf0wr6rJRAw-tzr7Y,5834587693,"Job Description Job Description Functional Analyst Who We Are Valnet Inc. is the world’s premier digital media investment company, owning and operating over 27 highly authoritative brands across entertainment, sports, technology, automotive, gaming, travel, and more. We specialize in acquiring, operating, and growing mission-critical digital properties, reaching millions of users worldwide through innovative products and content experiences. The Opportunity Valnet is seeking a highly analytical…",2026-08-09T06:52:57Z,0,Functionnal analyst,45.544959,Adzuna::API::Response::Job,IT Jobs,it-jobs,Adzuna::API::Response::Category,Valnet Inc.,Adzuna::API::Response::Company,Adzuna::API::Response::Location,"Montréal, Québec","['Canada', 'Québec', 'Montréal']",,,,
https://www.adzuna.ca/details/5834587042?utm_medium=api&utm_source=e90db681,-73.588138,eyJhbGciOiJIUzI1NiJ9.eyJpIjoiNTgzNDU4NzA0MiIsInMiOiI2TFNnZEx1VThSR2xEdU9uZ0NjbEZ3In0.D4ePOd1lpajVlkT1eY28dNHcsmB051sGcpJhAqjiJII,5834587042,"Job Description Job Description La dynamique de votre équipe : Clearance, c'est une équipe de développeurs et de testeurs enthousiastes, animés par la curiosité et l’envie de repousser les limites de la technologie. Nous valorisons l'innovation, l'entraide et la créativité pour relever des défis ambitieux et transformer des idées en solutions concrètes afin d’améliorer le quotidien de différents verticaux du secteur publique. Concrètement, nous travaillons sur un portail Web en libre-service qu…",2026-08-09T06:52:01Z,0,Développeur(euse) logiciel / Software Developer - Clearance,45.544959,Adzuna::API::Response::Job,IT Jobs,it-jobs,Adzuna::API::Response::Category,Genetec,Adzuna::API::Response::Company,Adzuna::API::Response::Location,"Montréal, Québec","['Canada', 'Québec', 'Montréal']",,,,
https://www.adzuna.ca/details/5834585860?utm_medium=api&utm_source=e90db681,-73.588138,eyJhbGciOiJIUzI1NiJ9.eyJpIjoiNTgzNDU4NTg2MCIsInMiOiI2TFNnZEx1VThSR2xEdU9uZ0NjbEZ3In0.wgwrmOff8Xcyt3ZyEMPLJstm7O4XBoVd2wd2-GXZJhY,5834585860,"Job Description Job Description We are seeking a driven and organized individual to join our team as a bilingual Senior Consultant . As a NetSuite Consultant, you will be responsible for implementing and optimizing NetSuite solutions for our clients. Successful candidates for this role should possess a strong knowledge of NetSuite's capabilities in the product vertical (Retail, Wholesale, Manufacturing). You will be advising the clients with a white-gloved approach to understand business needs,…",2026-08-09T06:50:35Z,0,Bilingual NetSuite Senior Consultant,45.544959,Adzuna::API::Response::Job,IT Jobs,it-jobs,Adzuna::API::Response::Category,StellarGrade,Adzuna::API::Response::Company,Adzuna::API::Response::Location,"Montréal, Québec","['Canada', 'Québec', 'Montréal']",,,,
https://www.adzuna.ca/details/5834585735?utm_medium=api&utm_source=e90db681,-73.588138,eyJhbGciOiJIUzI1NiJ9.eyJzIjoiNkxTZ2RMdVU4UkdsRHVPbmdDY2xGdyIsImkiOiI1ODM0NTg1NzM1In0.s2bBOdVUbb4ajoZHE7ytXRb4tdmBIxZBnbmQJn6v4wE,5834585735,"Job Description Job Description La dynamique de votre équipe : Clearance, c'est une équipe de développeurs et de testeurs enthousiastes, animés par la curiosité et l’envie de repousser les limites de la technologie. Nous valorisons l'innovation, l'entraide et la créativité pour relever des défis ambitieux et transformer des idées en solutions concrètes afin d’améliorer le quotidien de différents verticaux du secteur publique. Concrètement, nous travaillons sur un portail Web en libre-service qu…",2026-08-09T06:50:25Z,0,Développeur(euse) logiciel Senior/ Senior Software Developer - Clearance,45.544959,Adzuna::API::Response::Job,IT Jobs,it-jobs,Adzuna::API::Response::Category,Genetec,Adzuna::API::Response::Company,Adzuna::API::Response::Location,"Montréal, Québec","['Canada', 'Québec', 'Montréal']",,,,
https://www.adzuna.ca/details/5834585025?utm_medium=api&utm_source=e90db681,-73.588138,eyJhbGciOiJIUzI1NiJ9.eyJzIjoiNkxTZ2RMdVU4UkdsRHVPbmdDY2xGdyIsImkiOiI1ODM0NTg1MDI1In0.ysK0aBwWsJohzFpsQJMZo1I2tuk6T1cZ6EmoVHxEmPw,5834585025,"Job Description Job Description:\n\nWe're currently hiring for an HR & Systems Coordinator to join the Edelweiss Software Group! About Us: Edelweiss Software Group is an operating group of Valsoft Corporation that acquires and grows mission-critical vertical market software companies. With a long-term, buy-and-hold approach, Edelweiss provides its businesses with the strategic guidance, investment, and operational resources they need to thrive—while preserving the unique brands, cultures, and c…",2026-08-09T06:49:17Z,0,HR & Systems Administrator,45.544959,Adzuna::API::Response::Job,IT Jobs,it-jobs,Adzuna::API::Response::Category,Valsoft Corporation,Adzuna::API::Response::Company,Adzuna::API::Response::Location,"Montréal, Québec","['Canada', 'Québec', 'Montréal']",,,,
https://www.adzuna.ca/details/5834584971?utm_medium=api&utm_source=e90db681,-73.588138,eyJhbGciOiJIUzI1NiJ9.eyJpIjoiNTgzNDU4NDk3MSIsInMiOiI2TFNnZEx1VThSR2xEdU9uZ0NjbEZ3In0.b2bDkEYXGf15a5UEGheZ5qC2nEJm4cDgVHzPNqr85Yw,5834584971,"Job Description Job Description Salary: (English will follow) Rejoignez une entreprise base Montral qui aide les organisations du monde entier crer un parcours personnalis d'impact et d'panouissement pour leurs employs. Explorance offre des solutions innovantes d'analyse des retours d'exprience, car nous croyons que chaque exprience compte. Chez Explorance, nous avons pour mission de crer des logiciels de pointe qui ont un impact sur des millions dutilisateurs travers le monde. Nous prosprons g…",2026-08-09T06:49:13Z,0,Dveloppeur(se) Full-Stack / Full-Stack Developer,45.544959,Adzuna::API::Response::Job,IT Jobs,it-jobs,Adzuna::API::Response::Category,Explorance,Adzuna::API::Response::Company,Adzuna::API::Response::Location,"Montréal, Québec","['Canada', 'Québec', 'Montréal']",,,,
https://www.adzuna.ca/details/5834584910?utm_medium=api&utm_source=e90db681,-73.866041,eyJhbGciOiJIUzI1NiJ9.eyJpIjoiNTgzNDU4NDkxMCIsInMiOiI2TFNnZEx1VThSR2xEdU9uZ0NjbEZ3In0.sXo1n-99IHFo7SK95H3jTo-rEoS7WybgY9UW84yv_v8,5834584910,"Job Description Job Description AI Skill Builder sénior Le rôle Broccolini met en place une AI Skill Factory interne afin de transformer la façon dont le travail est exécuté à travers l’organisation. À mesure que de nouveaux départements adoptent des flux de travail alimentés par l’IA, la demande pour des outils AI pratiques et réutilisables continue d’augmenter. Le AI Skill Builder sénior contribuera à accélérer le déploiement de ces solutions en développant, testant et améliorant des AI skill…",2026-08-09T06:49:05Z,0,Senior AI Skill builder,45.451188,Adzuna::API::Response::Job,IT Jobs,it-jobs,Adzuna::API::Response::Category,Broccolini Construction Inc.,Adzuna::API::Response::Company,Adzuna::API::Response::Location,"Kirkland, Montréal","['Canada', 'Québec', 'Montréal', 'Kirkland']",,,,
https://www.adzuna.ca/details/5834584652?utm_medium=api&utm_source=e90db681,-73.588138,eyJhbGciOiJIUzI1NiJ9.eyJpIjoiNTgzNDU4NDY1MiIsInMiOiI2TFNnZEx1VThSR2xEdU9uZ0NjbEZ3In0.StKXMmHt50H87Qh0C84p03YCt0I2AaUIE9xL8XxmI8w,5834584652,"Job Description Job Description This is a remote position. Why this role, why now INNOOVA is a Montreal-based boutique consulting firm, founded in 2019, and a certified Workday partner headquartered in Canada. We also work across Dayforce, UKG, and SuccessFactors partnering with clients across sectors including healthcare, public sector, finance, and technology. At INNOOVA, you get the rigor of a recognized firm without the weight of large corporate structures. We're growing our Workday practic…",2026-08-09T06:48:39Z,0,Senior Workday Consultant Multi-Module,45.544959,Adzuna::API::Response::Job,IT Jobs,it-jobs,Adzuna::API::Response::Category,INNOOVA,Adzuna::API::Response::Company,Adzuna::API::Response::Location,"Montréal, Québec","['Canada', 'Québec', 'Montréal']",,permanent,100.0,140.0
https://www.adzuna.ca/details/5834582454?utm_medium=api&utm_source=e90db681,-73.588138,eyJhbGciOiJIUzI1NiJ9.eyJzIjoiNkxTZ2RMdVU4UkdsRHVPbmdDY2xGdyIsImkiOiI1ODM0NTgyNDU0In0.YnxhI578QkY37_PoRYYbxyUuT5Va3Qc50BO8ITARM5E,5834582454,"Job Description Job Description Sr. System Analyst Longbow Advantage is an end-to-end warehousing strategy company that leverages real-time data to manage people, processes, and warehouses through The Rebus® Platform, and WMS consulting services purpose-built to expand and enhance warehouse technologies. We take a holistic approach to warehousing strategy, understanding that technology is only one piece in the solution process. Our warehouse experts work with customers to understand challenges …",2026-08-09T06:45:26Z,0,Senior System Analyst - Supply Chain,45.544959,Adzuna::API::Response::Job,IT Jobs,it-jobs,Adzuna::API::Response::Category,Longbow Advantage,Adzuna::API::Response::Company,Adzuna::API::Response::Location,"Montréal, Québec","['Canada', 'Québec', 'Montréal']",,,,
https://www.adzuna.ca/land/ad/5834233240?se=6LSgdLuU8RGlDuOngCclFw&utm_medium=api&utm_source=e90db681&v=E5DC286E6183DF8E5B5BC1A02BF00A8922CC1E55,-73.368706,eyJhbGciOiJIUzI1NiJ9.eyJpIjoiNTgzNDIzMzI0MCIsInMiOiI2TFNnZEx1VThSR2xEdU9uZ0NjbEZ3In0.eUwX8M_S1gWuJHNIdDT6UU4yELkRZyG348GzBABvznw,5834233240,"Job Description Summary En tant que Responsable des offres techniques, vous serez l’expert clé du processus de soumission pour nos solutions haute tension, notamment les Live Tank Circuit-Switchers, circuit-breakers et systèmes CABA (Compact Air Insulated Switchgear). Relevant du Directeur de produit, vous agirez comme le pivot central entre notre usine de La Prairie, notre centre de compétence R&D en France, nos équipes commerciales et les besoins stratégiques de nos clients nord-américains. L…",2026-08-08T22:22:15Z,0,Responsable Senior Appel d'Offres Techniques,45.462763,Adzuna::API::Response::Job,IT Jobs,it-jobs,Adzuna::API::Response::Category,GE Vernova,Adzuna::API::Response::Company,Adzuna::API::Response::Location,"Saint-Hubert, Champlain","['Canada', 'Québec', 'Montérégie', 'Champlain', 'Saint-Hubert']",,,,
https://www.adzuna.ca/details/5833788405?utm_medium=api&utm_source=e90db681,-73.56065,eyJhbGciOiJIUzI1NiJ9.eyJpIjoiNTgzMzc4ODQwNSIsInMiOiI2TFNnZEx1VThSR2xEdU9uZ0NjbEZ3In0.3CEGrjt5X0NTnpB6R1UFdfCXooNHcPqZFHu2DpRBr0Q,5833788405,"Job Overview: Pay Range: $50.00hr - $55.00hr Requirement/Must Have: 8 years of experience in data science or AI engineering. 2 years of dedicated experience in Generative AI. Deep expertise in PyTorch, TensorFlow, or JAX. Hands-on experience with Hugging Face, LangChain, LlamaIndex, and vLLM. Mastery of Python for performance tuning. Deep understanding of regression, clustering, decision trees, and ensemble methods. Strong grasp of Transformers, CNNs, RNNs, and reinforcement learning (RLHF). Ex…",2026-08-08T14:02:56Z,0,GEN AI Specialist,45.50687,Adzuna::API::Response::Job,IT Jobs,it-jobs,Adzuna::API::Response::Category,CYNET SYSTEMS,Adzuna::API::Response::Company,Adzuna::API::Response::Location,"Westmount, Montréal","['Canada', 'Québec', 'Montréal', 'Westmount']",,,104000.0,114400.0
https://www.adzuna.ca/details/5833788407?utm_medium=api&utm_source=e90db681,-73.588138,eyJhbGciOiJIUzI1NiJ9.eyJpIjoiNTgzMzc4ODQwNyIsInMiOiJSR2E4ZUx1VThSR1dQb0pxUVhGUG53In0.Ibw-ff0o2aSGyk7HyVmF7QVGo15tyBlCQ7qOLtccBOE,5833788407,"Job Overview: Pay Range: $50.00hr - $55.00hr Requirement/Must Have: Minimum of 8 years of experience in UX design with a strong portfolio showcasing your work. Strong problem-solving skills and attention to detail. Excellent communication and collaboration skills with the ability to work effectively in cross functional teams. Proficiency in design tools such as Sketch, Figma, Adobe XD, and GenAI features. Responsibilities: Conduct user research to understand user needs preferences and behaviors…",2026-08-08T14:02:56Z,0,UI/UX Specialist,45.544959,Adzuna::API::Response::Job,IT Jobs,it-jobs,Adzuna::API::Response::Category,CYNET SYSTEMS,Adzuna::API::Response::Company,Adzuna::API::Response::Location,"Montréal, Québec","['Canada', 'Québec', 'Montréal']",,,104000.0,114400.0
https://www.adzuna.ca/details/5833788387?utm_medium=api&utm_source=e90db681,-73.588138,eyJhbGciOiJIUzI1NiJ9.eyJzIjoiUkdhOGVMdVU4UkdXUG9KcVFYRlBudyIsImkiOiI1ODMzNzg4Mzg3In0.ZN_O0HliTL2pumVkC7bEkM2AHWR--XHwc9seSqTWBlI,5833788387,"D365 CE Technical Lead Responsibilities: Design, develop, and implement Dynamics 365 Customer Engagement (CE) solutions. Provide technical expertise across pre-sales and delivery phases. Evaluate client requirements and align solutions with Microsoft and client offerings. Develop end-to-end solutions based on Dynamics 365 CE and the Microsoft stack. Create high-quality proposals, client presentations, and demonstrations. Develop solution assets/accelerators and support go-to-market activities. …",2026-08-08T14:02:48Z,0,D365 CE Technical Lead,45.544959,Adzuna::API::Response::Job,IT Jobs,it-jobs,Adzuna::API::Response::Category,Pi-Square Technologies LLC,Adzuna::API::Response::Company,Adzuna::API::Response::Location,"Montréal, Québec","['Canada', 'Québec', 'Montréal']",,,104000.0,135200.0
https://www.adzuna.ca/details/5833624234?utm_medium=api&utm_source=e90db681,-73.467023,eyJhbGciOiJIUzI1NiJ9.eyJpIjoiNTgzMzYyNDIzNCIsInMiOiJSR2E4ZUx1VThSR1dQb0pxUVhGUG53In0.aGIR6MhktXK04sbMN32lIifcRVexcpfLR0EDXCkHvEQ,5833624234,"Nous recherchons un(e) Ingénieur(e) Embarqué(e) Senior spécialisé(e) en C/C++ pour rejoindre notre équipe technique. Vous serez un acteur clé dans le développement de systèmes embarqués haute performance pour des produits innovants dans des secteurs tels que l’automobile, l’IoT, les dispositifs médicaux ou l’automatisation industrielle. Vous interviendrez sur l’ensemble du cycle de développement : de la conception à la mise en production, en passant par l’implémentation et les tests, en collabo…",2026-08-08T11:33:57Z,0,Senior Embedded Engineer (C),45.458603,Adzuna::API::Response::Job,IT Jobs,it-jobs,Adzuna::API::Response::Category,Socket.dev,Adzuna::API::Response::Company,Adzuna::API::Response::Location,"Brossard, Champlain","['Canada', 'Québec', 'Montérégie', 'Champlain', 'Brossard']",,,,
https://www.adzuna.ca/details/5833623486?utm_medium=api&utm_source=e90db681,-73.588138,eyJhbGciOiJIUzI1NiJ9.eyJpIjoiNTgzMzYyMzQ4NiIsInMiOiJSR2E4ZUx1VThSR1dQb0pxUVhGUG53In0.4SCFyuJGMOavjh2SPgqOzxfdgbF_TFHPjgBsyKly0NU,5833623486,"McKesson, l'une des 10 premières entreprises du classement Fortune Global 500, touche à pratiquement tous les aspects des soins de santé et s'emploie à faire une réelle différence. Nous sommes reconnus pour notre capacité à offrir un savoir, des produits et des services qui rendent les soins de qualité plus accessibles et plus abordables. Chez nous, la santé, le bonheur et le bien-être de nos gens et des personnes que nous desservons sont prioritaires-et nous tiennent à cœur. Ce que tu fais che…",2026-08-08T11:33:52Z,0,"Gestionnaire principal(e), IA, Innovation et Opérations / Sr. Manager, AI, Innovation & Operation",45.544959,Adzuna::API::Response::Job,IT Jobs,it-jobs,Adzuna::API::Response::Category,McKesson,Adzuna::API::Response::Company,Adzuna::API::Response::Location,"Montréal, Québec","['Canada', 'Québec', 'Montréal']",,,,
https://www.adzuna.ca/details/5833588662?utm_medium=api&utm_source=e90db681,-73.588138,eyJhbGciOiJIUzI1NiJ9.eyJzIjoiUkdhOGVMdVU4UkdXUG9KcVFYRlBudyIsImkiOiI1ODMzNTg4NjYyIn0.nn8LnX0s9S-8wgPSLtBpyqZI21FT_a7iShQ0HTbd3Bg,5833588662,"MaintainX is the world's leading AI-powered maintenance and asset management platform, serving 14,000 customers including Duracell, Shell, Cintas, and Brenntag. We raised $150M in Series D funding led by Bessemer Venture Partners and Bain Capital Ventures, bringing our total funding to $254M. We were named to the Forbes 2025 Cloud 100 , the definitive ranking of the top 100 private cloud companies in the world. We're growing fast and hiring the talent to match. Nous sommes à la recherche d’un(e…",2026-08-08T11:18:30Z,0,Conseiller(ère) principal(e) en implantation – Entreprises (Bilingue),45.544959,Adzuna::API::Response::Job,IT Jobs,it-jobs,Adzuna::API::Response::Category,MaintainX,Adzuna::API::Response::Company,Adzuna::API::Response::Location,"Montréal, Québec","['Canada', 'Québec', 'Montréal']",full_time,,,
https://www.adzuna.ca/details/5833587982?utm_medium=api&utm_source=e90db681,-73.588138,eyJhbGciOiJIUzI1NiJ9.eyJzIjoiUkdhOGVMdVU4UkdXUG9KcVFYRlBudyIsImkiOiI1ODMzNTg3OTgyIn0.B4wC7T3cmRFCCUUflAjxAG0xnRCIvzxyTDIs6X89gpI,5833587982,"Une version française suivra Sagard Overview: Sagard is a multi-strategy alternative asset management firm active in venture capital, private equity, private credit and real estate. Sagard also engages in private wealth management through Sagard Wealth. Founded in 2016 and guided by the core values of entrepreneurship, innovation, collaboration, rigour and authenticity, Sagard has experienced outstanding growth. Today, the firm has more than US$45 billion under management, 190 portfolio compani…",2026-08-08T11:17:55Z,0,Security Project Manager / Gestionnaire de projets en sécurité,45.544959,Adzuna::API::Response::Job,IT Jobs,it-jobs,Adzuna::API::Response::Category,Sagard Holdings Manager LP,Adzuna::API::Response::Company,Adzuna::API::Response::Location,"Montréal, Québec","['Canada', 'Québec', 'Montréal']",full_time,contract,,
https://www.adzuna.ca/details/5833587808?utm_medium=api&utm_source=e90db681,-73.588138,eyJhbGciOiJIUzI1NiJ9.eyJpIjoiNTgzMzU4NzgwOCIsInMiOiJSR2E4ZUx1VThSR1dQb0pxUVhGUG53In0.w-rfjqudCVRvF9l9P3dBsDPj7pMS-lZ20WlAZVu0QJU,5833587808,"As part of the Product Development team, the Cloud Developer - Product DevOps will be responsible for the maintenance, support and continuous improvement of our existing products and will occasionally participate in the development of new product features. The main responsibilities of the Cloud Developer will be to ensure the continuous operations of our products, monitor event logs, recover from outages, troubleshoot, and develop software fixes as well as offer technical support to our custome…",2026-08-08T11:17:46Z,0,Cloud Developer - Product DevOps,45.544959,Adzuna::API::Response::Job,IT Jobs,it-jobs,Adzuna::API::Response::Category,GURUS Solutions,Adzuna::API::Response::Company,Adzuna::API::Response::Location,"Montréal, Québec","['Canada', 'Québec', 'Montréal']",,,,
https://www.adzuna.ca/details/5833587743?utm_medium=api&utm_source=e90db681,-73.588138,eyJhbGciOiJIUzI1NiJ9.eyJzIjoiUkdhOGVMdVU4UkdXUG9KcVFYRlBudyIsImkiOiI1ODMzNTg3NzQzIn0.eidYqJTF9GOstwYYRuPTJ2CZ3KQqH455RZ9bquEzlOk,5833587743,"MaintainX is the world's leading AI-powered maintenance and asset management platform, serving 14,000 customers including Duracell, Shell, Cintas, and Brenntag. We raised $150M in Series D funding led by Bessemer Venture Partners and Bain Capital Ventures, bringing our total funding to $254M. We were named to the Forbes 2025 Cloud 100 , the definitive ranking of the top 100 private cloud companies in the world. We're growing fast and hiring the talent to match. MaintainX est la première platefo…",2026-08-08T11:17:43Z,0,Développeur(se) Full-Stack intermédiaire,45.544959,Adzuna::API::Response::Job,IT Jobs,it-jobs,Adzuna::API::Response::Category,MaintainX,Adzuna::API::Response::Company,Adzuna::API::Response::Location,"Montréal, Québec","['Canada', 'Québec', 'Montréal']",full_time,,,
https://www.adzuna.ca/details/5833587482?utm_medium=api&utm_source=e90db681,-73.588138,eyJhbGciOiJIUzI1NiJ9.eyJpIjoiNTgzMzU4NzQ4MiIsInMiOiJSR2E4ZUx1VThSR1dQb0pxUVhGUG53In0.7DzlCuM5eseFaI9fgjADQDk8rXPV0Tp9DdUUOuB3vFo,5833587482,Devenez un actif pour la collectivité ! Faites partie de l’équipe de La Caisse et ressentez la fierté de contribuer à l’avenir financier de millions de Québécois et Québécoises en créant un monde plus durable. À La Caisse : On valorise votre apport unique au sein d’une équipe d’envergure mondiale. On vous confie un travail qui vous permet de vous épanouir et de vous dépasser. On vous offre des occasions d’apprendre aux côtés de spécialistes généreux de leur savoir. On s’investit pleinement pour…,2026-08-08T11:17:33Z,0,"Premier(-ère) Développeur(-euse)*, Solutions numériques et analytique–Revenu fixe",45.544959,Adzuna::API::Response::Job,IT Jobs,it-jobs,Adzuna::API::Response::Category,CDPQ,Adzuna::API::Response::Company,Adzuna::API::Response::Location,"Montréal, Québec","['Canada', 'Québec', 'Montréal']",full_time,,,
https://www.adzuna.ca/details/5833587150?utm_medium=api&utm_source=e90db681,-73.588138,eyJhbGciOiJIUzI1NiJ9.eyJzIjoiUkdhOGVMdVU4UkdXUG9KcVFYRlBudyIsImkiOiI1ODMzNTg3MTUwIn0.Ir5coEeM1f_ZbXCKp1x-FHypuCK1QQSn9BW566m8L0c,5833587150,"We're seeking someone to join our team as a Senior Security Architecture Specialist in Cyber to be responsible for the security design tooling standards across the firm - translating compliance obligations into operable, developer friendly architecture patterns, while directly operating the design governance toolchain that makes those standards real. In the Technology division, we leverage innovation to build the connections and capabilities that power our Firm, enabling our clients and colleag…",2026-08-08T11:17:22Z,0,Senior Security Architecture Specialist (Hybrid),45.544959,Adzuna::API::Response::Job,IT Jobs,it-jobs,Adzuna::API::Response::Category,Morgan Stanley,Adzuna::API::Response::Company,Adzuna::API::Response::Location,"Montréal, Québec","['Canada', 'Québec', 'Montréal']",full_time,,,
https://www.adzuna.ca/details/5833586223?utm_medium=api&utm_source=e90db681,-73.588138,eyJhbGciOiJIUzI1NiJ9.eyJzIjoiUkdhOGVMdVU4UkdXUG9KcVFYRlBudyIsImkiOiI1ODMzNTg2MjIzIn0.rCE2RlgU9v0oJPztZqySTFKMEgD8508QCDeqQUoCrvU,5833586223,"MaintainX is the world's leading AI-powered maintenance and asset management platform, serving 14,000 customers including Duracell, Shell, Cintas, and Brenntag. We raised $150M in Series D funding led by Bessemer Venture Partners and Bain Capital Ventures, bringing our total funding to $254M. We were named to the Forbes 2025 Cloud 100 , the definitive ranking of the top 100 private cloud companies in the world. We're growing fast and hiring the talent to match. MaintainX is the world's leading …",2026-08-08T11:16:28Z,0,Product Design Manager,45.544959,Adzuna::API::Response::Job,IT Jobs,it-jobs,Adzuna::API::Response::Category,MaintainX,Adzuna::API::Response::Company,Adzuna::API::Response::Location,"Montréal, Québec","['Canada', 'Québec', 'Montréal']",full_time,,,
https://www.adzuna.ca/details/5833586008?utm_medium=api&utm_source=e90db681,-73.588138,eyJhbGciOiJIUzI1NiJ9.eyJpIjoiNTgzMzU4NjAwOCIsInMiOiJSR2E4ZUx1VThSR1dQb0pxUVhGUG53In0.gLaF_pUFKjkBhbu6wSIGkq3oImVcUxaeOmEuAOyve-Q,5833586008,"MaintainX is the world's leading AI-powered maintenance and asset management platform, serving 14,000 customers including Duracell, Shell, Cintas, and Brenntag. We raised $150M in Series D funding led by Bessemer Venture Partners and Bain Capital Ventures, bringing our total funding to $254M. We were named to the Forbes 2025 Cloud 100 , the definitive ranking of the top 100 private cloud companies in the world. We're growing fast and hiring the talent to match. MaintainX is the world leading mo…",2026-08-08T11:16:21Z,0,"Senior Software Developer, Search",45.544959,Adzuna::API::Response::Job,IT Jobs,it-jobs,Adzuna::API::Response::Category,MaintainX,Adzuna::API::Response::Company,Adzuna::API::Response::Location,"Montréal, Québec","['Canada', 'Québec', 'Montréal']",full_time,,,
https://www.adzuna.ca/details/5833585850?utm_medium=api&utm_source=e90db681,-73.588138,eyJhbGciOiJIUzI1NiJ9.eyJzIjoiUkdhOGVMdVU4UkdXUG9KcVFYRlBudyIsImkiOiI1ODMzNTg1ODUwIn0.UM38jCNpLGmxMRhElwJDzaW9ArF7GeIrGw1Yy6BVI9c,5833585850,"MaintainX is the world's leading AI-powered maintenance and asset management platform, serving 14,000 customers including Duracell, Shell, Cintas, and Brenntag. We raised $150M in Series D funding led by Bessemer Venture Partners and Bain Capital Ventures, bringing our total funding to $254M. We were named to the Forbes 2025 Cloud 100 , the definitive ranking of the top 100 private cloud companies in the world. We're growing fast and hiring the talent to match. MaintainX est la plateforme la pl…",2026-08-08T11:16:17Z,0,Développeuse / Développeur d'intégration,45.544959,Adzuna::API::Response::Job,IT Jobs,it-jobs,Adzuna::API::Response::Category,MaintainX,Adzuna::API::Response::Company,Adzuna::API::Response::Location,"Montréal, Québec","['Canada', 'Québec', 'Montréal']",full_time,,,
https://www.adzuna.ca/details/5833585737?utm_medium=api&utm_source=e90db681,-73.588138,eyJhbGciOiJIUzI1NiJ9.eyJpIjoiNTgzMzU4NTczNyIsInMiOiJSR2E4ZUx1VThSR1dQb0pxUVhGUG53In0.qpQioLeSaIaKx51d9XXZw5E3bIXJsTTZZW2WJ6ntpzA,5833585737,"MaintainX is the world's leading AI-powered maintenance and asset management platform, serving 14,000 customers including Duracell, Shell, Cintas, and Brenntag. We raised $150M in Series D funding led by Bessemer Venture Partners and Bain Capital Ventures, bringing our total funding to $254M. We were named to the Forbes 2025 Cloud 100 , the definitive ranking of the top 100 private cloud companies in the world. We're growing fast and hiring the talent to match. MaintainX is the world's leading …",2026-08-08T11:16:11Z,0,Intermediate Full-Stack Developer,45.544959,Adzuna::API::Response::Job,IT Jobs,it-jobs,Adzuna::API::Response::Category,MaintainX,Adzuna::API::Response::Company,Adzuna::API::Response::Location,"Montréal, Québec","['Canada', 'Québec', 'Montréal']",full_time,,,
https://www.adzuna.ca/details/5833585299?utm_medium=api&utm_source=e90db681,-73.588138,eyJhbGciOiJIUzI1NiJ9.eyJpIjoiNTgzMzU4NTI5OSIsInMiOiJSR2E4ZUx1VThSR1dQb0pxUVhGUG53In0.6xZMakXmbbRrv1jKsFagsa4LQKw0TsMH278q5uilsgY,5833585299,"WHAT MAKES US EPIC? At the core of Epic’s success are talented, passionate people. Epic prides itself on creating a collaborative, welcoming, and creative environment. Whether it’s building award-winning games or crafting engine technology that enables others to make visually stunning interactive experiences, we’re always innovating. Being Epic means being a part of a team that continually strives to do right by our community and users. We’re constantly innovating to raise the bar of engine and…",2026-08-08T11:15:44Z,0,"Senior Engine Programmer, Content Distribution",45.544959,Adzuna::API::Response::Job,IT Jobs,it-jobs,Adzuna::API::Response::Category,Epic Games,Adzuna::API::Response::Company,Adzuna::API::Response::Location,"Montréal, Québec","['Canada', 'Québec', 'Montréal']",,,,
https://www.adzuna.ca/details/5833584965?utm_medium=api&utm_source=e90db681,-73.588138,eyJhbGciOiJIUzI1NiJ9.eyJzIjoiUkdhOGVMdVU4UkdXUG9KcVFYRlBudyIsImkiOiI1ODMzNTg0OTY1In0.3zKfHX-WI6iZbQGknRZYuu3-dIlXCqtI_Iv4jTgh3xQ,5833584965,Position Description: Vous êtes un analyste fonctionnel désirant oeuvrer dans un environnement en forte croissance et utilisant le meilleur de la technologie disponible aujourd'hui? Vous aimez les défis autant technologiques qu'organisationnels ? Vous voulez travailler pour une organisation en pleine transformation numérique? Travailler sur plusieurs projets ayant une feuille de route s'étalant sur plusieurs années vous stimule ? Nous avons l'opportunité qu'il vous faut ! Venez rejoindre plus d…,2026-08-08T11:15:18Z,0,Analyste fonctionnel Expert,45.544959,Adzuna::API::Response::Job,IT Jobs,it-jobs,Adzuna::API::Response::Category,CGI,Adzuna::API::Response::Company,Adzuna::API::Response::Location,"Montréal, Québec","['Canada', 'Québec', 'Montréal']",full_time,,,
https://www.adzuna.ca/details/5833584823?utm_medium=api&utm_source=e90db681,-73.579237,eyJhbGciOiJIUzI1NiJ9.eyJzIjoiUkdhOGVMdVU4UkdXUG9KcVFYRlBudyIsImkiOiI1ODMzNTg0ODIzIn0.mjU08M5uBq4BOl2sdnWhsBbddYugGb1NFkQDkZwxkfo,5833584823,"Langues requises : Français et anglais – bilinguisme complet requis à l’oral et à l’écrit Heures de travail par semaine : 40 heures par semaine Lieu du mandat : Montréal Type de poste : Hybride – présence obligatoire 2 jours par semaine au bureau Durée de la mission : Jusqu’au 31 décembre 2026, avec possibilité de renouvellement À propos du poste Nous recherchons un Concepteur pédagogique / Instructional Designer senior possédant une solide expérience dans la conception de formations liées à de…",2026-08-08T11:15:09Z,0,Instructional Designer – Concepteur pédagogique PLM,45.515359,Adzuna::API::Response::Job,IT Jobs,it-jobs,Adzuna::API::Response::Category,Xideral,Adzuna::API::Response::Company,Adzuna::API::Response::Location,"Outremont, Montréal","['Canada', 'Québec', 'Montréal', 'Outremont']",,contract,,
https://www.adzuna.ca/details/5833584218?utm_medium=api&utm_source=e90db681,-73.588138,eyJhbGciOiJIUzI1NiJ9.eyJpIjoiNTgzMzU4NDIxOCIsInMiOiJSR2E4ZUx1VThSR1dQb0pxUVhGUG53In0.lL6hT7S4Nvmm0FE0aSIk2-KyCT2xUgQ5PMUKcIM4-P4,5833584218,"About Mistral Mistral provides full-stack AI solutions: from frontier models to developer tools, applications, and compute. We partner with enterprises tackling the hardest problems—across high-stakes industries like finance, manufacturing, defense, healthcare, and the public sector—co-creating customized AI systems that they can run on their terms. We are a dynamic, collaborative team passionate about AI and its potential to transform society. Our diverse workforce thrives in competitive envir…",2026-08-08T11:14:39Z,0,"Applied AI, Forward Deployed Machine Learning Engineer",45.544959,Adzuna::API::Response::Job,IT Jobs,it-jobs,Adzuna::API::Response::Category,Mistral,Adzuna::API::Response::Company,Adzuna::API::Response::Location,"Montréal, Québec","['Canada', 'Québec', 'Montréal']",full_time,,,
https://www.adzuna.ca/details/5833584110?utm_medium=api&utm_source=e90db681,-73.588138,eyJhbGciOiJIUzI1NiJ9.eyJzIjoiUkdhOGVMdVU4UkdXUG9KcVFYRlBudyIsImkiOiI1ODMzNTg0MTEwIn0.xFwdjmUSXSks5k9pxmuKeepsY8DO1gsVGOuZfhkxEVw,5833584110,"MaintainX is the world's leading AI-powered maintenance and asset management platform, serving 14,000 customers including Duracell, Shell, Cintas, and Brenntag. We raised $150M in Series D funding led by Bessemer Venture Partners and Bain Capital Ventures, bringing our total funding to $254M. We were named to the Forbes 2025 Cloud 100 , the definitive ranking of the top 100 private cloud companies in the world. We're growing fast and hiring the talent to match. Reporting to the Senior Manager o…",2026-08-08T11:14:32Z,0,Customer Education Manager,45.544959,Adzuna::API::Response::Job,IT Jobs,it-jobs,Adzuna::API::Response::Category,MaintainX,Adzuna::API::Response::Company,Adzuna::API::Response::Location,"Montréal, Québec","['Canada', 'Québec', 'Montréal']",full_time,,,
https://www.adzuna.ca/details/5833583558?utm_medium=api&utm_source=e90db681,-73.588138,eyJhbGciOiJIUzI1NiJ9.eyJpIjoiNTgzMzU4MzU1OCIsInMiOiJSR2E4ZUx1VThSR1dQb0pxUVhGUG53In0.PNo1f5U1v27t-dUpUeHLkE0IZHdrVeFvAMWXVAvXbso,5833583558,"We’re seeking someone to join our Credit Valuation Adjustment (CVA) Technology team as an Full Stack – Java Application Developer to drive the design and delivery of next-generation risk management, enabling critical risk analytics across the Firm. In the Technology division, we leverage innovation to build the connections and capabilities that power our Firm, enabling our clients and colleagues to redefine markets and shape the future of our communities. This is a Software Engineering III posi…",2026-08-08T11:14:04Z,0,Full Stack – Java Application Developer (Hybrid),45.544959,Adzuna::API::Response::Job,IT Jobs,it-jobs,Adzuna::API::Response::Category,Morgan Stanley,Adzuna::API::Response::Company,Adzuna::API::Response::Location,"Montréal, Québec","['Canada', 'Québec', 'Montréal']",full_time,,,
https://www.adzuna.ca/details/5833582687?utm_medium=api&utm_source=e90db681,-73.588138,eyJhbGciOiJIUzI1NiJ9.eyJpIjoiNTgzMzU4MjY4NyIsInMiOiJSR2E4ZUx1VThSR1dQb0pxUVhGUG53In0.P2K0GQOwJNoRYjEMsDOPAuABYETBIUlNsyUNFj2Gc9Q,5833582687,Devenez un actif pour la collectivité ! Faites partie de l’équipe de La Caisse et ressentez la fierté de contribuer à l’avenir financier de millions de Québécois et Québécoises en créant un monde plus durable. À La Caisse : On valorise votre apport unique au sein d’une équipe d’envergure mondiale. On vous confie un travail qui vous permet de vous épanouir et de vous dépasser. On vous offre des occasions d’apprendre aux côtés de spécialistes généreux de leur savoir. On s’investit pleinement pour…,2026-08-08T11:12:59Z,0,"Développeur(-euse) principal(e)*, Solutions numériques et analytique–Marchés liquides",45.544959,Adzuna::API::Response::Job,IT Jobs,it-jobs,Adzuna::API::Response::Category,CDPQ,Adzuna::API::Response::Company,Adzuna::API::Response::Location,"Montréal, Québec","['Canada', 'Québec', 'Montréal']",full_time,,,
https://www.adzuna.ca/details/5833582301?utm_medium=api&utm_source=e90db681,-73.588138,eyJhbGciOiJIUzI1NiJ9.eyJzIjoiUkdhOGVMdVU4UkdXUG9KcVFYRlBudyIsImkiOiI1ODMzNTgyMzAxIn0.j905PFvwChrqUl83R9LYZfqvQbVRKcX2_N6KpOXB9Qg,5833582301,"MaintainX is the world's leading AI-powered maintenance and asset management platform, serving 14,000 customers including Duracell, Shell, Cintas, and Brenntag. We raised $150M in Series D funding led by Bessemer Venture Partners and Bain Capital Ventures, bringing our total funding to $254M. We were named to the Forbes 2025 Cloud 100 , the definitive ranking of the top 100 private cloud companies in the world. We're growing fast and hiring the talent to match. MaintainX est la plus importante …",2026-08-08T11:12:28Z,0,Analyste Principal en Sécurité,45.544959,Adzuna::API::Response::Job,IT Jobs,it-jobs,Adzuna::API::Response::Category,MaintainX,Adzuna::API::Response::Company,Adzuna::API::Response::Location,"Montréal, Québec","['Canada', 'Québec', 'Montréal']",full_time,,,
https://www.adzuna.ca/details/5833582096?utm_medium=api&utm_source=e90db681,-73.588138,eyJhbGciOiJIUzI1NiJ9.eyJzIjoiUkdhOGVMdVU4UkdXUG9KcVFYRlBudyIsImkiOiI1ODMzNTgyMDk2In0.3r8vz_x2VGnAW_20H_kf5OPBiTnCtSQC_G_kGMWIrOI,5833582096,"MaintainX is the world's leading AI-powered maintenance and asset management platform, serving 14,000 customers including Duracell, Shell, Cintas, and Brenntag. We raised $150M in Series D funding led by Bessemer Venture Partners and Bain Capital Ventures, bringing our total funding to $254M. We were named to the Forbes 2025 Cloud 100 , the definitive ranking of the top 100 private cloud companies in the world. We're growing fast and hiring the talent to match. MaintainX is the world's leading …",2026-08-08T11:12:16Z,0,Full-Stack Developer - IAM,45.544959,Adzuna::API::Response::Job,IT Jobs,it-jobs,Adzuna::API::Response::Category,MaintainX,Adzuna::API::Response::Company,Adzuna::API::Response::Location,"Montréal, Québec","['Canada', 'Québec', 'Montréal']",full_time,,,
https://www.adzuna.ca/details/5833581099?utm_medium=api&utm_source=e90db681,-73.588138,eyJhbGciOiJIUzI1NiJ9.eyJpIjoiNTgzMzU4MTA5OSIsInMiOiJSR2E4ZUx1VThSR1dQb0pxUVhGUG53In0.f4ET-KvVd6dvw-NmS5RHACZOLDsDzgFBxoXFR06NuKE,5833581099,English version below Doit être local à Montréal Vous souhaitez travailler dans le domaine de la technologie au sein d'une banque d'investissement? Nous recherchons une personne souhaitant intégrer une équipe dynamique en tant que Développeur Java/Scala pour l’un de nos clients. Il s’agit d’un poste de développement applicatif au sein de l’équipe responsable du développement du data mart stratégique de l’entreprise pour les dépôts ISG. Les données proviendront de la source de référence (« golde…,2026-08-08T11:11:09Z,0,Développeur Java / Java Developer,45.544959,Adzuna::API::Response::Job,IT Jobs,it-jobs,Adzuna::API::Response::Category,mthree,Adzuna::API::Response::Company,Adzuna::API::Response::Location,"Montréal, Québec","['Canada', 'Québec', 'Montréal']",full_time,,,
https://www.adzuna.ca/details/5833580600?utm_medium=api&utm_source=e90db681,-73.588138,eyJhbGciOiJIUzI1NiJ9.eyJpIjoiNTgzMzU4MDYwMCIsInMiOiJSR2E4ZUx1VThSR1dQb0pxUVhGUG53In0.cy595lIfYb9Hz28JUSGo2LZndNOYsr9E5mzbaiGDPAo,5833580600,"About Mistral Mistral provides full-stack AI solutions: from frontier models to developer tools, applications, and compute. We partner with enterprises tackling the hardest problems—across high-stakes industries like finance, manufacturing, defense, healthcare, and the public sector—co-creating customized AI systems that they can run on their terms. We are a dynamic, collaborative team passionate about AI and its potential to transform society. Our diverse workforce thrives in competitive envir…",2026-08-08T11:10:30Z,0,"Pentester, Offensive Forward Deployment Engineer - Montreal",45.544959,Adzuna::API::Response::Job,IT Jobs,it-jobs,Adzuna::API::Response::Category,Mistral,Adzuna::API::Response::Company,Adzuna::API::Response::Location,"Montréal, Québec","['Canada', 'Québec', 'Montréal']",full_time,,,
https://www.adzuna.ca/details/5833580470?utm_medium=api&utm_source=e90db681,-73.588138,eyJhbGciOiJIUzI1NiJ9.eyJzIjoiUkdhOGVMdVU4UkdXUG9KcVFYRlBudyIsImkiOiI1ODMzNTgwNDcwIn0.8pJ0lxpC_Lt4nDHrmEgMm7rvcRZD_4qK6jXJ8cXf3zs,5833580470,"Why Valtech? We’re the experience innovation company - a trusted partner to the world’s most recognized brands. To our people we offer growth opportunities, a values -driven culture, international careers and the chance to shape the future of experience. The opportunity At Valtech, you’ll find an environment designed for continuous learning, meaningful impact, and professional growth. Whether you're pioneering new digital solutions, challenging conventional thinking or building the next generat…",2026-08-08T11:10:23Z,0,Senior Data Scientist,45.544959,Adzuna::API::Response::Job,IT Jobs,it-jobs,Adzuna::API::Response::Category,Valtech,Adzuna::API::Response::Company,Adzuna::API::Response::Location,"Montréal, Québec","['Canada', 'Québec', 'Montréal']",full_time,,,
https://www.adzuna.ca/details/5833580421?utm_medium=api&utm_source=e90db681,-73.588138,eyJhbGciOiJIUzI1NiJ9.eyJzIjoiUkdhOGVMdVU4UkdXUG9KcVFYRlBudyIsImkiOiI1ODMzNTgwNDIxIn0.qD19DY4jgqyRXzhazawCdcSWLXw4vaIRfIvEEW7YKno,5833580421,"MaintainX is the world's leading AI-powered maintenance and asset management platform, serving 14,000 customers including Duracell, Shell, Cintas, and Brenntag. We raised $150M in Series D funding led by Bessemer Venture Partners and Bain Capital Ventures, bringing our total funding to $254M. We were named to the Forbes 2025 Cloud 100 , the definitive ranking of the top 100 private cloud companies in the world. We're growing fast and hiring the talent to match. MaintainX est la première platefo…",2026-08-08T11:10:20Z,0,"Architecte de solutions, Intégrations",45.544959,Adzuna::API::Response::Job,IT Jobs,it-jobs,Adzuna::API::Response::Category,MaintainX,Adzuna::API::Response::Company,Adzuna::API::Response::Location,"Montréal, Québec","['Canada', 'Québec', 'Montréal']",full_time,,,
https://www.adzuna.ca/details/5833579833?utm_medium=api&utm_source=e90db681,-73.588138,eyJhbGciOiJIUzI1NiJ9.eyJpIjoiNTgzMzU3OTgzMyIsInMiOiJSR2E4ZUx1VThSR1dQb0pxUVhGUG53In0.apmodxJQ_LK62P2-XuEvOP_c00libZaU5ge-VFL67_E,5833579833,"Job Description: Titre du poste : Concepteur(trice) logiciel sénior Lieu : Montréal, QC (mode hybride) Type de poste : Permanent, temps plein À propos d'EXFO EXFO est un chef de file mondial en matière de solutions intelligentes de test, de surveillance et d’analyse de réseaux. Nos technologies soutiennent les plus grands fournisseurs de services de télécommunications, fabricants d’équipements réseau et fournisseurs de services Web à travers le monde. Présente dans plus de 25 pays et comptant p…",2026-08-08T11:09:37Z,0,Concepteur(trice) logiciel sénior,45.544959,Adzuna::API::Response::Job,IT Jobs,it-jobs,Adzuna::API::Response::Category,EXFO,Adzuna::API::Response::Company,Adzuna::API::Response::Location,"Montréal, Québec","['Canada', 'Québec', 'Montréal']",full_time,permanent,,
https://www.adzuna.ca/details/5833579612?utm_medium=api&utm_source=e90db681,-73.588138,eyJhbGciOiJIUzI1NiJ9.eyJpIjoiNTgzMzU3OTYxMiIsInMiOiJSR2E4ZUx1VThSR1dQb0pxUVhGUG53In0.7uDMuWnRrSyTArdWtNJyxiPKkWJdWbbUKfDffL_oync,5833579612,"MaintainX is the world's leading AI-powered maintenance and asset management platform, serving 14,000 customers including Duracell, Shell, Cintas, and Brenntag. We raised $150M in Series D funding led by Bessemer Venture Partners and Bain Capital Ventures, bringing our total funding to $254M. We were named to the Forbes 2025 Cloud 100 , the definitive ranking of the top 100 private cloud companies in the world. We're growing fast and hiring the talent to match. The Integrations Consultant plays…",2026-08-08T11:09:25Z,0,Integrations Consultant,45.544959,Adzuna::API::Response::Job,IT Jobs,it-jobs,Adzuna::API::Response::Category,MaintainX,Adzuna::API::Response::Company,Adzuna::API::Response::Location,"Montréal, Québec","['Canada', 'Québec', 'Montréal']",full_time,,,
https://www.adzuna.ca/details/5833579342?utm_medium=api&utm_source=e90db681,-73.588138,eyJhbGciOiJIUzI1NiJ9.eyJzIjoiUkdhOGVMdVU4UkdXUG9KcVFYRlBudyIsImkiOiI1ODMzNTc5MzQyIn0.66Y6oB1XNiAXeZ5c5Exxcjm956nEH3W2AtWG4JJLnh0,5833579342,"MaintainX is the world's leading AI-powered maintenance and asset management platform, serving 14,000 customers including Duracell, Shell, Cintas, and Brenntag. We raised $150M in Series D funding led by Bessemer Venture Partners and Bain Capital Ventures, bringing our total funding to $254M. We were named to the Forbes 2025 Cloud 100 , the definitive ranking of the top 100 private cloud companies in the world. We're growing fast and hiring the talent to match. The Integration Developer plays a…",2026-08-08T11:09:09Z,0,Integrations Developer,45.544959,Adzuna::API::Response::Job,IT Jobs,it-jobs,Adzuna::API::Response::Category,MaintainX,Adzuna::API::Response::Company,Adzuna::API::Response::Location,"Montréal, Québec","['Canada', 'Québec', 'Montréal']",full_time,,,
https://www.adzuna.ca/details/5833579209?utm_medium=api&utm_source=e90db681,-73.588138,eyJhbGciOiJIUzI1NiJ9.eyJzIjoiUkdhOGVMdVU4UkdXUG9KcVFYRlBudyIsImkiOiI1ODMzNTc5MjA5In0.RRh9eRBWAa_pslPqd8m-KkmdzgMaKrYFc9g2qdbsEnA,5833579209,"MaintainX is the world's leading AI-powered maintenance and asset management platform, serving 14,000 customers including Duracell, Shell, Cintas, and Brenntag. We raised $150M in Series D funding led by Bessemer Venture Partners and Bain Capital Ventures, bringing our total funding to $254M. We were named to the Forbes 2025 Cloud 100 , the definitive ranking of the top 100 private cloud companies in the world. We're growing fast and hiring the talent to match. MaintainX is the world's leading …",2026-08-08T11:09:00Z,0,"Software Developer, Mobile Platform",45.544959,Adzuna::API::Response::Job,IT Jobs,it-jobs,Adzuna::API::Response::Category,MaintainX,Adzuna::API::Response::Company,Adzuna::API::Response::Location,"Montréal, Québec","['Canada', 'Québec', 'Montréal']",full_time,,,
https://www.adzuna.ca/details/5833579051?utm_medium=api&utm_source=e90db681,-73.588138,eyJhbGciOiJIUzI1NiJ9.eyJzIjoiUkdhOGVMdVU4UkdXUG9KcVFYRlBudyIsImkiOiI1ODMzNTc5MDUxIn0.5VAkGLr2zfWyUR-x0-x4_z5pCzWGGuP5LHkRizM-Mp4,5833579051,"MaintainX is the world's leading AI-powered maintenance and asset management platform, serving 14,000 customers including Duracell, Shell, Cintas, and Brenntag. We raised $150M in Series D funding led by Bessemer Venture Partners and Bain Capital Ventures, bringing our total funding to $254M. We were named to the Forbes 2025 Cloud 100 , the definitive ranking of the top 100 private cloud companies in the world. We're growing fast and hiring the talent to match. As our first dedicated Solutions …",2026-08-08T11:08:53Z,0,"Solutions Architect, Integrations",45.544959,Adzuna::API::Response::Job,IT Jobs,it-jobs,Adzuna::API::Response::Category,MaintainX,Adzuna::API::Response::Company,Adzuna::API::Response::Location,"Montréal, Québec","['Canada', 'Québec', 'Montréal']",full_time,,,
https://www.adzuna.ca/details/5833578820?utm_medium=api&utm_source=e90db681,-73.588138,eyJhbGciOiJIUzI1NiJ9.eyJpIjoiNTgzMzU3ODgyMCIsInMiOiJSR2E4ZUx1VThSR1dQb0pxUVhGUG53In0.rNyScNh4LBb5bXJZ1YaK11Px8MpqLvoqjrBv3G18JDk,5833578820,"English version follows  Pilotez l’orientation technologique régionale et jouez un rôle déterminant dans l’alignement des solutions numériques avec les priorités d’affaires à travers l’Amérique. Agissez comme partenaire clé entre les opérations et la technologie, en orientant les priorités, en soutenant l’adoption et en veillant à la création de valeur concrète pour l’organisation. Occupez un rôle de leadership stratégique à portée mondiale, où vous contribuerez à déployer les standards d’entre…",2026-08-08T11:08:45Z,0,Consultant(e) en technologie / Technology Consultant,45.544959,Adzuna::API::Response::Job,IT Jobs,it-jobs,Adzuna::API::Response::Category,Rio Tinto,Adzuna::API::Response::Company,Adzuna::API::Response::Location,"Montréal, Québec","['Canada', 'Québec', 'Montréal']",full_time,permanent,,
https://www.adzuna.ca/details/5833578536?utm_medium=api&utm_source=e90db681,-73.579237,eyJhbGciOiJIUzI1NiJ9.eyJpIjoiNTgzMzU3ODUzNiIsInMiOiJSR2E4ZUx1VThSR1dQb0pxUVhGUG53In0.RW1eM4mGG-dwxkHlQ1Mmbfcd-MoNJo252ELv1KRcXxg,5833578536,"Langue requise : Bilingue français/anglais ou anglophone accepté Heures de travail par semaine : 40 heures par semaine Lieu du mandat : Montréal Type de poste : Hybride – 1 journée par semaine chez le client ou selon les besoins Durée de la mission : Jusqu’au 31 décembre 2026, avec possibilité de renouvellement CV : CV en anglais requis À propos du poste Nous recherchons un Analyste SAP Junior afin de soutenir les unités d’affaires et les équipes TI dans un environnement manufacturier internati…",2026-08-08T11:08:28Z,0,Analyste SAP Junior – Analyste d’affaires TI,45.515359,Adzuna::API::Response::Job,IT Jobs,it-jobs,Adzuna::API::Response::Category,Xideral,Adzuna::API::Response::Company,Adzuna::API::Response::Location,"Outremont, Montréal","['Canada', 'Québec', 'Montréal', 'Outremont']",,contract,,
https://www.adzuna.ca/details/5833577641?utm_medium=api&utm_source=e90db681,-73.588138,eyJhbGciOiJIUzI1NiJ9.eyJpIjoiNTgzMzU3NzY0MSIsInMiOiJSR2E4ZUx1VThSR1dQb0pxUVhGUG53In0.KSnLyIo4oh2jcG5rREmkNtyogl6FzPVE3MDCBhHB-_w,5833577641,"MaintainX is the world's leading AI-powered maintenance and asset management platform, serving 14,000 customers including Duracell, Shell, Cintas, and Brenntag. We raised $150M in Series D funding led by Bessemer Venture Partners and Bain Capital Ventures, bringing our total funding to $254M. We were named to the Forbes 2025 Cloud 100 , the definitive ranking of the top 100 private cloud companies in the world. We're growing fast and hiring the talent to match. The Integrations Consultant plays…",2026-08-08T11:07:47Z,0,Senior Integrations Consultant,45.544959,Adzuna::API::Response::Job,IT Jobs,it-jobs,Adzuna::API::Response::Category,MaintainX,Adzuna::API::Response::Company,Adzuna::API::Response::Location,"Montréal, Québec","['Canada', 'Québec', 'Montréal']",full_time,,,
https://www.adzuna.ca/details/5833577574?utm_medium=api&utm_source=e90db681,-73.588138,eyJhbGciOiJIUzI1NiJ9.eyJpIjoiNTgzMzU3NzU3NCIsInMiOiJSR2E4ZUx1VThSR1dQb0pxUVhGUG53In0.L4-bWrFMGEKGlXUWzdpvt2dO1AxVxbewYl-6XW6oB28,5833577574,"MaintainX is the world's leading AI-powered maintenance and asset management platform, serving 14,000 customers including Duracell, Shell, Cintas, and Brenntag. We raised $150M in Series D funding led by Bessemer Venture Partners and Bain Capital Ventures, bringing our total funding to $254M. We were named to the Forbes 2025 Cloud 100 , the definitive ranking of the top 100 private cloud companies in the world. We're growing fast and hiring the talent to match. MaintainX is the world's leading …",2026-08-08T11:07:42Z,0,"Senior Software Developer, Backend Platform",45.544959,Adzuna::API::Response::Job,IT Jobs,it-jobs,Adzuna::API::Response::Category,MaintainX,Adzuna::API::Response::Company,Adzuna::API::Response::Location,"Montréal, Québec","['Canada', 'Québec', 'Montréal']",full_time,,,
https://www.adzuna.ca/details/5833577450?utm_medium=api&utm_source=e90db681,-73.588138,eyJhbGciOiJIUzI1NiJ9.eyJzIjoiUkdhOGVMdVU4UkdXUG9KcVFYRlBudyIsImkiOiI1ODMzNTc3NDUwIn0.QkbXM9jiPk56HCUJ27KtVaM0XdMX644j4n9kQgvrBsg,5833577450,"MaintainX is the world's leading AI-powered maintenance and asset management platform, serving 14,000 customers including Duracell, Shell, Cintas, and Brenntag. We raised $150M in Series D funding led by Bessemer Venture Partners and Bain Capital Ventures, bringing our total funding to $254M. We were named to the Forbes 2025 Cloud 100 , the definitive ranking of the top 100 private cloud companies in the world. We're growing fast and hiring the talent to match. MaintainX est la plateforme la pl…",2026-08-08T11:07:34Z,0,Concepteur de produits senior,45.544959,Adzuna::API::Response::Job,IT Jobs,it-jobs,Adzuna::API::Response::Category,MaintainX,Adzuna::API::Response::Company,Adzuna::API::Response::Location,"Montréal, Québec","['Canada', 'Québec', 'Montréal']",full_time,,,
https://www.adzuna.ca/details/5833577440?utm_medium=api&utm_source=e90db681,-73.588138,eyJhbGciOiJIUzI1NiJ9.eyJpIjoiNTgzMzU3NzQ0MCIsInMiOiJSR2E4ZUx1VThSR1dQb0pxUVhGUG53In0.mDMFTBWIWDpHnVX6g7w6FJX9crAGsjF832kdvv-2XuA,5833577440,"About Mistral Mistral provides full-stack AI solutions: from frontier models to developer tools, applications, and compute. We partner with enterprises tackling the hardest problems—across high-stakes industries like finance, manufacturing, defense, healthcare, and the public sector—co-creating customized AI systems that they can run on their terms. We are a dynamic, collaborative team passionate about AI and its potential to transform society. Our diverse workforce thrives in competitive envir…",2026-08-08T11:07:34Z,0,"Applied AI Engineer, CyberSecurity - Montreal",45.544959,Adzuna::API::Response::Job,IT Jobs,it-jobs,Adzuna::API::Response::Category,Mistral,Adzuna::API::Response::Company,Adzuna::API::Response::Location,"Montréal, Québec","['Canada', 'Québec', 'Montréal']",full_time,,,
https://www.adzuna.ca/details/5833577361?utm_medium=api&utm_source=e90db681,-73.588138,eyJhbGciOiJIUzI1NiJ9.eyJzIjoiUkdhOGVMdVU4UkdXUG9KcVFYRlBudyIsImkiOiI1ODMzNTc3MzYxIn0.QIvbV6aBAkP8wixjKReMMA2VhZecbd327DK3YUysFyo,5833577361,"MaintainX is the world's leading AI-powered maintenance and asset management platform, serving 14,000 customers including Duracell, Shell, Cintas, and Brenntag. We raised $150M in Series D funding led by Bessemer Venture Partners and Bain Capital Ventures, bringing our total funding to $254M. We were named to the Forbes 2025 Cloud 100 , the definitive ranking of the top 100 private cloud companies in the world. We're growing fast and hiring the talent to match. MaintainX est la plateforme la pl…",2026-08-08T11:07:30Z,0,Consultant en intégration,45.544959,Adzuna::API::Response::Job,IT Jobs,it-jobs,Adzuna::API::Response::Category,MaintainX,Adzuna::API::Response::Company,Adzuna::API::Response::Location,"Montréal, Québec","['Canada', 'Québec', 'Montréal']",full_time,,,
https://www.adzuna.ca/details/5833573687?utm_medium=api&utm_source=e90db681,-73.588138,eyJhbGciOiJIUzI1NiJ9.eyJzIjoiUkdhOGVMdVU4UkdXUG9KcVFYRlBudyIsImkiOiI1ODMzNTczNjg3In0.Vn-ZVNW03zmSGOjz9Vnrn1CdTCCYlD4qi1SAPdPr7v4,5833573687,"Position Description: Administrateur de bureau Windows Mode de travail : Sur site Lieu : Montréal, Canada Résumé du poste Nous recherchons un(e) administrateur(trice) Windows Desktop expérimenté(e) pour rejoindre notre équipe d’administration des systèmes Windows. Ce rôle met l’accent sur une expertise technique pratique afin d’assurer la stabilité, la sécurité et la performance de l’environnement informatique des utilisateurs finaux, incluant les postes de travail physiques, l’infrastructure d…",2026-08-08T11:05:31Z,0,Administrateur de bureau Windows,45.544959,Adzuna::API::Response::Job,IT Jobs,it-jobs,Adzuna::API::Response::Category,CGI,Adzuna::API::Response::Company,Adzuna::API::Response::Location,"Montréal, Québec","['Canada', 'Québec', 'Montréal']",full_time,,0.0,115000.0
https://www.adzuna.ca/details/5833573164?utm_medium=api&utm_source=e90db681,-73.588138,eyJhbGciOiJIUzI1NiJ9.eyJpIjoiNTgzMzU3MzE2NCIsInMiOiJSR2E4ZUx1VThSR1dQb0pxUVhGUG53In0.9vLCUYMLBHahQTH1yuVO5B9QIgzR9M5A0L9hecOap54,5833573164,"MaintainX is the world's leading AI-powered maintenance and asset management platform, serving 14,000 customers including Duracell, Shell, Cintas, and Brenntag. We raised $150M in Series D funding led by Bessemer Venture Partners and Bain Capital Ventures, bringing our total funding to $254M. We were named to the Forbes 2025 Cloud 100 , the definitive ranking of the top 100 private cloud companies in the world. We're growing fast and hiring the talent to match. MaintainX is the world's leading …",2026-08-08T11:04:53Z,0,"Senior Technical Product Manager, Search",45.544959,Adzuna::API::Response::Job,IT Jobs,it-jobs,Adzuna::API::Response::Category,MaintainX,Adzuna::API::Response::Company,Adzuna::API::Response::Location,"Montréal, Québec","['Canada', 'Québec', 'Montréal']",full_time,,,
https://www.adzuna.ca/details/5833572941?utm_medium=api&utm_source=e90db681,-73.588138,eyJhbGciOiJIUzI1NiJ9.eyJpIjoiNTgzMzU3Mjk0MSIsInMiOiJSR2E4ZUx1VThSR1dQb0pxUVhGUG53In0.W9w-QqrdniKTEUuqz2lYZe4Rx7vcF5Wf_1WqKyYr6hU,5833572941,"MaintainX is the world's leading AI-powered maintenance and asset management platform, serving 14,000 customers including Duracell, Shell, Cintas, and Brenntag. We raised $150M in Series D funding led by Bessemer Venture Partners and Bain Capital Ventures, bringing our total funding to $254M. We were named to the Forbes 2025 Cloud 100 , the definitive ranking of the top 100 private cloud companies in the world. We're growing fast and hiring the talent to match. Nous sommes à la recherche d’un(e…",2026-08-08T11:04:45Z,0,Conseiller(ère) principal(e) en implantation - Entreprises,45.544959,Adzuna::API::Response::Job,IT Jobs,it-jobs,Adzuna::API::Response::Category,MaintainX,Adzuna::API::Response::Company,Adzuna::API::Response::Location,"Montréal, Québec","['Canada', 'Québec', 'Montréal']",full_time,,,
https://www.adzuna.ca/details/5833572300?utm_medium=api&utm_source=e90db681,-73.588138,eyJhbGciOiJIUzI1NiJ9.eyJzIjoiUkdhOGVMdVU4UkdXUG9KcVFYRlBudyIsImkiOiI1ODMzNTcyMzAwIn0.JVgTfitx-WaxUim5QQQwKwSpMfwiNI3gAD_xbWntI1c,5833572300,"Established in 2004, we are a tech pioneer offering world-class adult entertainment and games on some of the internet’s safest and most popular platforms. With the support of an international team of dynamic and collaborative innovators, we are on a mission to enable safe user experiences and empower our communities by celebrating diversity, inclusion, and expression — all while maintaining robust trust-and-safety protocols. We embrace the best of both worlds! Local talent can thrive in our col…",2026-08-08T11:04:04Z,0,Sr. Corporate Project Manager,45.544959,Adzuna::API::Response::Job,IT Jobs,it-jobs,Adzuna::API::Response::Category,Aylo,Adzuna::API::Response::Company,Adzuna::API::Response::Location,"Montréal, Québec","['Canada', 'Québec', 'Montréal']",full_time,contract,,
https://www.adzuna.ca/details/5833571927?utm_medium=api&utm_source=e90db681,-73.588138,eyJhbGciOiJIUzI1NiJ9.eyJpIjoiNTgzMzU3MTkyNyIsInMiOiJSR2E4ZUx1VThSR1dQb0pxUVhGUG53In0.lK53kp1GR3-R1_6RGCffqJ8L8PYP20UOSydt9gWHZyE,5833571927,"MaintainX is the world's leading AI-powered maintenance and asset management platform, serving 14,000 customers including Duracell, Shell, Cintas, and Brenntag. We raised $150M in Series D funding led by Bessemer Venture Partners and Bain Capital Ventures, bringing our total funding to $254M. We were named to the Forbes 2025 Cloud 100 , the definitive ranking of the top 100 private cloud companies in the world. We're growing fast and hiring the talent to match. MaintainX is the world's leading …",2026-08-08T11:03:37Z,0,DevOps Specialist,45.544959,Adzuna::API::Response::Job,IT Jobs,it-jobs,Adzuna::API::Response::Category,MaintainX,Adzuna::API::Response::Company,Adzuna::API::Response::Location,"Montréal, Québec","['Canada', 'Québec', 'Montréal']",full_time,,,
https://www.adzuna.ca/details/5833571901?utm_medium=api&utm_source=e90db681,-73.56065,eyJhbGciOiJIUzI1NiJ9.eyJzIjoiUkdhOGVMdVU4UkdXUG9KcVFYRlBudyIsImkiOiI1ODMzNTcxOTAxIn0.DKBcdEvBF8oOPTasIU_ieavX70Ux-VOHnJLr0CHf9LI,5833571901,"Description This job posting is available in French only due to the location of publication. Votre rôle, votre impact En tant que développeur ou développeuse Web full-stack senior, vous rejoindrez une équipe de développement Web responsable de l’évolution et de la modernisation d’une plateforme numérique d’envergure. Vous contribuerez au développement de nouvelles fonctionnalités, à l'amélioration continue de l'expérience utilisateur et à l'évolution de l’environnement technologique moderne. Vo…",2026-08-08T11:03:36Z,0,Senior Full-Stack Web Developer,45.50687,Adzuna::API::Response::Job,IT Jobs,it-jobs,Adzuna::API::Response::Category,Alithya,Adzuna::API::Response::Company,Adzuna::API::Response::Location,"Westmount, Montréal","['Canada', 'Québec', 'Montréal', 'Westmount']",full_time,,,
https://www.adzuna.ca/details/5833571719?utm_medium=api&utm_source=e90db681,-73.588138,eyJhbGciOiJIUzI1NiJ9.eyJzIjoiUkdhOGVMdVU4UkdXUG9KcVFYRlBudyIsImkiOiI1ODMzNTcxNzE5In0.4I54B_ZJ9iSRIlp00Hac6ZaYmA7-9CMfZxNcOTulRb4,5833571719,"L’opportunité Vous serez une développeuse ou un développeur clé au sein d’une équipe responsable d’une plateforme utilisée dans tout Unity, et votre travail aura un impact direct sur la façon dont des centaines de développeurs créent, déploient et exploitent leurs services. Votre contribution sera extrêmement déterminante pour la réussite, la rapidité et l’établissement des bonnes pratiques avec lesquelles les développeurs chez Unity mettent leur code en production. L’équipe est une équipe mond…",2026-08-08T11:03:25Z,0,Operations Developer / Développeur opérationnel,45.544959,Adzuna::API::Response::Job,IT Jobs,it-jobs,Adzuna::API::Response::Category,Unity Technologies Canada Company,Adzuna::API::Response::Company,Adzuna::API::Response::Location,"Montréal, Québec","['Canada', 'Québec', 'Montréal']",full_time,,83300.0,124900.0
https://www.adzuna.ca/details/5833571236?utm_medium=api&utm_source=e90db681,-73.588138,eyJhbGciOiJIUzI1NiJ9.eyJpIjoiNTgzMzU3MTIzNiIsInMiOiJSR2E4ZUx1VThSR1dQb0pxUVhGUG53In0.36J-XuVQ5WMpv2vX_oMIAxriOF5TChNCcsz4diHjOH0,5833571236,"Search is being rewritten. Come help us shape what's next. Buyers used to start on Google. Now they ask ChatGPT, Claude, Perplexity, and Gemini which vendors to trust. Getting recommended by an AI assistant is a different problem from ranking on a search page — some people call it Generative Engine Optimization (GEO), some call it AEO, and the field hasn't agreed on a name yet. That's how early this is. At Flexspring — the leading expert in HR data integration — we're investing in it now rather…",2026-08-08T11:02:45Z,0,Digital Marketing Intern - SEO & AI Search,45.544959,Adzuna::API::Response::Job,IT Jobs,it-jobs,Adzuna::API::Response::Category,Flexspring,Adzuna::API::Response::Company,Adzuna::API::Response::Location,"Montréal, Québec","['Canada', 'Québec', 'Montréal']",,contract,,
https://www.adzuna.ca/details/5833571086?utm_medium=api&utm_source=e90db681,-73.588138,eyJhbGciOiJIUzI1NiJ9.eyJzIjoiUkdhOGVMdVU4UkdXUG9KcVFYRlBudyIsImkiOiI1ODMzNTcxMDg2In0.HMr8wGusa2baBJCxY82pPodHZYQ918vI_re9VDR7YlM,5833571086,"We’re seeking someone to join our team as a Lead Software Production Management & Reliability Engineering to bring your passion for technology to enable the team to operate more efficiently in a fast-paced environment and help provide best in class services to the Firm’s clients through improvements in production management, service availability, observability, scalability, performance, and resilience. In the Technology division, we leverage innovation to build the connections and capabilities …",2026-08-08T11:02:30Z,0,Consultant Conversion - Lead Soft Prod Mgmt & RE : Job Level - Vice President,45.544959,Adzuna::API::Response::Job,IT Jobs,it-jobs,Adzuna::API::Response::Category,Morgan Stanley,Adzuna::API::Response::Company,Adzuna::API::Response::Location,"Montréal, Québec","['Canada', 'Québec', 'Montréal']",full_time,,,
https://www.adzuna.ca/details/5833570737?utm_medium=api&utm_source=e90db681,-73.588138,eyJhbGciOiJIUzI1NiJ9.eyJpIjoiNTgzMzU3MDczNyIsInMiOiJSR2E4ZUx1VThSR1dQb0pxUVhGUG53In0.0IIf7gz7raF-NI7bJS0OxAZDxTgK9hxDEWWPOzh6dow,5833570737,"We’re seeking someone to join our team as a Software Developer to help design and deliver next-generation front-office technology solutions while contributing to large-scale strategic platforms that support our global Institutional Securities businesses. In the Technology division, we leverage innovation to build the connections and capabilities that power our Firm, enabling our clients and colleagues to redefine markets and shape the future of our communities. This is a Lead Software Engineeri…",2026-08-08T11:02:09Z,0,Consultant Conversion - Lead Software Eng : Job Level - Director,45.544959,Adzuna::API::Response::Job,IT Jobs,it-jobs,Adzuna::API::Response::Category,Morgan Stanley,Adzuna::API::Response::Company,Adzuna::API::Response::Location,"Montréal, Québec","['Canada', 'Québec', 'Montréal']",full_time,,,
https://www.adzuna.ca/details/5833570202?utm_medium=api&utm_source=e90db681,-73.588138,eyJhbGciOiJIUzI1NiJ9.eyJpIjoiNTgzMzU3MDIwMiIsInMiOiJSR2E4ZUx1VThSR1dQb0pxUVhGUG53In0.MuqyVZgqjoQhSwwypSr5jiOLRrNExIlKE2S2RPGVWRM,5833570202,"MaintainX is the world's leading AI-powered maintenance and asset management platform, serving 14,000 customers including Duracell, Shell, Cintas, and Brenntag. We raised $150M in Series D funding led by Bessemer Venture Partners and Bain Capital Ventures, bringing our total funding to $254M. We were named to the Forbes 2025 Cloud 100 , the definitive ranking of the top 100 private cloud companies in the world. We're growing fast and hiring the talent to match. The Opportunity We're looking for…",2026-08-08T11:01:28Z,0,"Senior Software Development Manager, Platform",45.544959,Adzuna::API::Response::Job,IT Jobs,it-jobs,Adzuna::API::Response::Category,MaintainX,Adzuna::API::Response::Company,Adzuna::API::Response::Location,"Montréal, Québec","['Canada', 'Québec', 'Montréal']",full_time,,,
https://www.adzuna.ca/details/5833570193?utm_medium=api&utm_source=e90db681,-73.588138,eyJhbGciOiJIUzI1NiJ9.eyJzIjoia3J4dGZidVU4Ukc5a3MyM2pubG5zQSIsImkiOiI1ODMzNTcwMTkzIn0.7V-WalVL8yFpSB4pjlYd0V-0SZu79_YmM5f-hCLvVFU,5833570193,"MaintainX is the world's leading AI-powered maintenance and asset management platform, serving 14,000 customers including Duracell, Shell, Cintas, and Brenntag. We raised $150M in Series D funding led by Bessemer Venture Partners and Bain Capital Ventures, bringing our total funding to $254M. We were named to the Forbes 2025 Cloud 100 , the definitive ranking of the top 100 private cloud companies in the world. We're growing fast and hiring the talent to match. Nous sommes à la recherche d’un D…",2026-08-08T11:01:27Z,0,"Développeur(se) logiciel principal (Senior), déploiements de conformité et multi-régions",45.544959,Adzuna::API::Response::Job,IT Jobs,it-jobs,Adzuna::API::Response::Category,MaintainX,Adzuna::API::Response::Company,Adzuna::API::Response::Location,"Montréal, Québec","['Canada', 'Québec', 'Montréal']",full_time,,,
https://www.adzuna.ca/details/5833568782?utm_medium=api&utm_source=e90db681,-73.588138,eyJhbGciOiJIUzI1NiJ9.eyJpIjoiNTgzMzU2ODc4MiIsInMiOiJrcnh0ZmJ1VThSRzlrczIzam5sbnNBIn0.0plD_ztHaX4H2ct9ezhF9VaiC8lZrD3nFEFJcqmCnGI,5833568782,"Développeur-euse de logiciels full-stack : Nous recherchons actuellement un.e développeur.se de logiciels pour compléter notre équipe de Montréal. Tu souhaites rejoindre l’équipe d’un leader mondial en technologie? À propos de nous Broadsign est une entreprise de logiciels en pleine croissance dont la mission est de faciliter plus que jamais l’achat, la vente et l’exécution de médias d’affichage extérieur. Les plus grandes agences d’affichage extérieur utilisent notre logiciel. Il génère des ca…",2026-08-08T10:59:45Z,0,Développeur-euse de logiciels full-stack,45.544959,Adzuna::API::Response::Job,IT Jobs,it-jobs,Adzuna::API::Response::Category,Carrières Broadsign,Adzuna::API::Response::Company,Adzuna::API::Response::Location,"Montréal, Québec","['Canada', 'Québec', 'Montréal']",,permanent,,
https://www.adzuna.ca/details/5833568733?utm_medium=api&utm_source=e90db681,-73.588138,eyJhbGciOiJIUzI1NiJ9.eyJzIjoia3J4dGZidVU4Ukc5a3MyM2pubG5zQSIsImkiOiI1ODMzNTY4NzMzIn0.NdosAZ95t6Vwlry5CN_z2U0AaNrowyua6uu2V6dtujg,5833568733,"About Mistral Mistral provides full-stack AI solutions: from frontier models to developer tools, applications, and compute. We partner with enterprises tackling the hardest problems—across high-stakes industries like finance, manufacturing, defense, healthcare, and the public sector—co-creating customized AI systems that they can run on their terms. We are a dynamic, collaborative team passionate about AI and its potential to transform society. Our diverse workforce thrives in competitive envir…",2026-08-08T10:59:40Z,0,"Applied AI, Technical Lead, Forward Deployed AI Engineer",45.544959,Adzuna::API::Response::Job,IT Jobs,it-jobs,Adzuna::API::Response::Category,Mistral,Adzuna::API::Response::Company,Adzuna::API::Response::Location,"Montréal, Québec","['Canada', 'Québec', 'Montréal']",full_time,,,
https://www.adzuna.ca/details/5833568453?utm_medium=api&utm_source=e90db681,-73.588138,eyJhbGciOiJIUzI1NiJ9.eyJzIjoia3J4dGZidVU4Ukc5a3MyM2pubG5zQSIsImkiOiI1ODMzNTY4NDUzIn0.3BP0lbI6aCJM0WdCrMPO1VgQWq1oXLHLGNtmvEpEsQQ,5833568453,"About AlayaCare At AlayaCare, we’re more than just a fast-growing SaaS company, we’re a team of people passionate about transforming home healthcare. Our cloud-based platform empowers care providers around the world to deliver better outcomes for their clients. With 550 employees across Canada, the US, Australia, and Brazil, we’re united by a shared mission and a strong culture of transparency, growth, and human connection. Whether you're early in your career or a seasoned expert, AlayaCare off…",2026-08-08T10:59:23Z,0,Senior Fullstack Developer (Python/React),45.544959,Adzuna::API::Response::Job,IT Jobs,it-jobs,Adzuna::API::Response::Category,AlayaCare,Adzuna::API::Response::Company,Adzuna::API::Response::Location,"Montréal, Québec","['Canada', 'Québec', 'Montréal']",full_time,,,
https://www.adzuna.ca/details/5833568088?utm_medium=api&utm_source=e90db681,-73.588138,eyJhbGciOiJIUzI1NiJ9.eyJzIjoia3J4dGZidVU4Ukc5a3MyM2pubG5zQSIsImkiOiI1ODMzNTY4MDg4In0.UZzaDZ9NisNWic308nL8kGtEy866sZ7IfG2C0EmLZn4,5833568088,"Company Description Wepoint is the architect of major transformations for businesses and public sector organizations. We support our clients from strategy through technological implementation, always striving to think beyond the obvious and to act within the framework of Economic, Social, Environmental, and Technological Responsibility (RESET). Our goal is to create new ways of working, new economic models, and smarter environments. In nearly 20 years, we have become one of the key players in d…",2026-08-08T10:58:45Z,0,Conseiller(ère) sénior en transformation organisationnelle et en communication,45.544959,Adzuna::API::Response::Job,IT Jobs,it-jobs,Adzuna::API::Response::Category,Onepoint,Adzuna::API::Response::Company,Adzuna::API::Response::Location,"Montréal, Québec","['Canada', 'Québec', 'Montréal']",full_time,,,
https://www.adzuna.ca/details/5833567961?utm_medium=api&utm_source=e90db681,-73.588138,eyJhbGciOiJIUzI1NiJ9.eyJpIjoiNTgzMzU2Nzk2MSIsInMiOiJrcnh0ZmJ1VThSRzlrczIzam5sbnNBIn0.sf6ZRol1RcARsBoHBJxZDqkPmXNAlLFZW5ryMKCHMv8,5833567961,"As part of the growth of our Hybrid Cloud & Data practice (AI, Analytics & Data Services), we are looking for a Senior Data Engineer – Hybrid Cloud & Data to participate in the design, development, and evolution of modern data platforms for our clients. The successful candidate plays a key role in transforming data into strategic assets by collaborating with Data & AI architects, solution architects, BI analysts, and development teams. This role combines data engineering, data modeling, pipelin…",2026-08-08T10:58:34Z,0,Senior Data Engineer,45.544959,Adzuna::API::Response::Job,IT Jobs,it-jobs,Adzuna::API::Response::Category,LGS,Adzuna::API::Response::Company,Adzuna::API::Response::Location,"Montréal, Québec","['Canada', 'Québec', 'Montréal']",,,,
https://www.adzuna.ca/details/5833567839?utm_medium=api&utm_source=e90db681,-73.588138,eyJhbGciOiJIUzI1NiJ9.eyJzIjoia3J4dGZidVU4Ukc5a3MyM2pubG5zQSIsImkiOiI1ODMzNTY3ODM5In0.qxuI3mQrXXoZpv0ODgIWZfqGJM_KXBQkR2pgnc4Fc_o,5833567839,"MaintainX is the world's leading AI-powered maintenance and asset management platform, serving 14,000 customers including Duracell, Shell, Cintas, and Brenntag. We raised $150M in Series D funding led by Bessemer Venture Partners and Bain Capital Ventures, bringing our total funding to $254M. We were named to the Forbes 2025 Cloud 100 , the definitive ranking of the top 100 private cloud companies in the world. We're growing fast and hiring the talent to match. MaintainX is the world's leading …",2026-08-08T10:58:24Z,0,Design Researcher,45.544959,Adzuna::API::Response::Job,IT Jobs,it-jobs,Adzuna::API::Response::Category,MaintainX,Adzuna::API::Response::Company,Adzuna::API::Response::Location,"Montréal, Québec","['Canada', 'Québec', 'Montréal']",full_time,,,
https://www.adzuna.ca/details/5833567669?utm_medium=api&utm_source=e90db681,-73.588138,eyJhbGciOiJIUzI1NiJ9.eyJpIjoiNTgzMzU2NzY2OSIsInMiOiJrcnh0ZmJ1VThSRzlrczIzam5sbnNBIn0.YYvg_9ySNeb7ncZ2tvhhfTBNYMOoD9dN5AtHQ9mQTCk,5833567669,"MaintainX is the world's leading AI-powered maintenance and asset management platform, serving 14,000 customers including Duracell, Shell, Cintas, and Brenntag. We raised $150M in Series D funding led by Bessemer Venture Partners and Bain Capital Ventures, bringing our total funding to $254M. We were named to the Forbes 2025 Cloud 100 , the definitive ranking of the top 100 private cloud companies in the world. We're growing fast and hiring the talent to match. MaintainX is the leading AI-power…",2026-08-08T10:58:15Z,0,"Director of Software Development, Platform",45.544959,Adzuna::API::Response::Job,IT Jobs,it-jobs,Adzuna::API::Response::Category,MaintainX,Adzuna::API::Response::Company,Adzuna::API::Response::Location,"Montréal, Québec","['Canada', 'Québec', 'Montréal']",full_time,,,
https://www.adzuna.ca/details/5833567119?utm_medium=api&utm_source=e90db681,-73.588138,eyJhbGciOiJIUzI1NiJ9.eyJpIjoiNTgzMzU2NzExOSIsInMiOiJrcnh0ZmJ1VThSRzlrczIzam5sbnNBIn0.XDqOV4Bk8BUQUMsBzx3wLIgYAWSeFBscLSI3tF6XEGU,5833567119,"Full-Stack Software Developer Location: Montreal (Hybrid) *Only candidates located in Montreal will be contacted if selected * About Us Broadsign is a growing software company with a mission to make buying, selling, and delivering out-of-home media easier than ever. Our software is operated by some of the most successful out-of-home businesses and powers impactful, compelling campaigns seen across the world. Come join us as a Full-Stack Software Developer in Montreal! About the Role As a Full-S…",2026-08-08T10:57:26Z,0,Full-stack Software Developer,45.544959,Adzuna::API::Response::Job,IT Jobs,it-jobs,Adzuna::API::Response::Category,Broadsign,Adzuna::API::Response::Company,Adzuna::API::Response::Location,"Montréal, Québec","['Canada', 'Québec', 'Montréal']",full_time,permanent,,
https://www.adzuna.ca/details/5833566952?utm_medium=api&utm_source=e90db681,-73.588138,eyJhbGciOiJIUzI1NiJ9.eyJpIjoiNTgzMzU2Njk1MiIsInMiOiJrcnh0ZmJ1VThSRzlrczIzam5sbnNBIn0.KsJL0UTqEE9P2--5v24yWeTBIPlKUrb7BHzGXDxTGs0,5833566952,"une version française suivra Sagard Overview Sagard is a multi-strategy alternative asset management firm active in venture capital, private equity, private credit and real estate. Sagard also engages in private wealth management through Sagard Wealth. Founded in 2016 and guided by the core values of entrepreneurship, innovation, collaboration, rigour and authenticity, Sagard has experienced outstanding growth. Today, the firm has more than US$45 billion under management, 190 portfolio companie…",2026-08-08T10:57:15Z,0,Technical Project Manager / Gestionnaire de projets techniques,45.544959,Adzuna::API::Response::Job,IT Jobs,it-jobs,Adzuna::API::Response::Category,Sagard Holdings Manager LP,Adzuna::API::Response::Company,Adzuna::API::Response::Location,"Montréal, Québec","['Canada', 'Québec', 'Montréal']",full_time,,,
https://www.adzuna.ca/details/5833566704?utm_medium=api&utm_source=e90db681,-73.588138,eyJhbGciOiJIUzI1NiJ9.eyJzIjoia3J4dGZidVU4Ukc5a3MyM2pubG5zQSIsImkiOiI1ODMzNTY2NzA0In0.KdUw55D2C5qWp5MQu0ApEeix3pyB266F3ipEHMasJTI,5833566704,"Company Description Wepoint is the architect of major transformations for businesses and public sector organizations. We support our clients from strategy through technological implementation, always striving to think beyond the obvious and to act within the framework of Economic, Social, Environmental, and Technological Responsibility (RESET). Our goal is to create new ways of working, new economic models, and smarter environments. In nearly 20 years, we have become one of the key players in d…",2026-08-08T10:57:04Z,0,Analyste en gestion de projets TI (PCO) senior,45.544959,Adzuna::API::Response::Job,IT Jobs,it-jobs,Adzuna::API::Response::Category,Onepoint,Adzuna::API::Response::Company,Adzuna::API::Response::Location,"Montréal, Québec","['Canada', 'Québec', 'Montréal']",full_time,,,
https://www.adzuna.ca/details/5833566609?utm_medium=api&utm_source=e90db681,-73.588138,eyJhbGciOiJIUzI1NiJ9.eyJpIjoiNTgzMzU2NjYwOSIsInMiOiJrcnh0ZmJ1VThSRzlrczIzam5sbnNBIn0.HBHKK1mT8xb7lw5pcytw809moSSaeIhJX-wL2rL9Ew4,5833566609,"Project Manager, Global Training Fix Term, 12 months Contract Key Responsibilities: The Project Manager, Global Training is responsible for the implementation and deployment of the new learning management platform and its integration into ACI�s wider enterprise architecture. This role manages delivery of the project plan, in close collaboration with the selected solution provider, tracking milestones, interdependencies across the different delivery and work streams and coordinates the internal …",2026-08-08T10:56:58Z,0,"Project Manager, Global Training",45.544959,Adzuna::API::Response::Job,IT Jobs,it-jobs,Adzuna::API::Response::Category,Airports Council International,Adzuna::API::Response::Company,Adzuna::API::Response::Location,"Montréal, Québec","['Canada', 'Québec', 'Montréal']",,contract,,
https://www.adzuna.ca/details/5833566319?utm_medium=api&utm_source=e90db681,-73.588138,eyJhbGciOiJIUzI1NiJ9.eyJzIjoia3J4dGZidVU4Ukc5a3MyM2pubG5zQSIsImkiOiI1ODMzNTY2MzE5In0.W_85C3QccVvFcA-kpQ5puxF6L3l3CfQNxFppfJWbUZo,5833566319,"About AlayaCare At AlayaCare, we’re more than just a fast-growing SaaS company, we’re a team of people passionate about transforming home healthcare. Our cloud-based platform empowers care providers around the world to deliver better outcomes for their clients. With 550 employees across Canada, the US, Australia, and Brazil, we’re united by a shared mission and a strong culture of transparency, growth, and human connection. Whether you're early in your career or a seasoned expert, AlayaCare off…",2026-08-08T10:56:32Z,0,Fullstack Developer (Python),45.544959,Adzuna::API::Response::Job,IT Jobs,it-jobs,Adzuna::API::Response::Category,AlayaCare,Adzuna::API::Response::Company,Adzuna::API::Response::Location,"Montréal, Québec","['Canada', 'Québec', 'Montréal']",full_time,,,
https://www.adzuna.ca/details/5833565973?utm_medium=api&utm_source=e90db681,-73.588138,eyJhbGciOiJIUzI1NiJ9.eyJpIjoiNTgzMzU2NTk3MyIsInMiOiJrcnh0ZmJ1VThSRzlrczIzam5sbnNBIn0.jTJaOXxiDjSgIabCZBKzd__1ahMHwKI8r8SRx68kjNQ,5833565973,"About Mistral Mistral provides full-stack AI solutions: from frontier models to developer tools, applications, and compute. We partner with enterprises tackling the hardest problems—across high-stakes industries like finance, manufacturing, defense, healthcare, and the public sector—co-creating customized AI systems that they can run on their terms. We are a dynamic, collaborative team passionate about AI and its potential to transform society. Our diverse workforce thrives in competitive envir…",2026-08-08T10:55:55Z,0,AI Deployment Strategist,45.544959,Adzuna::API::Response::Job,IT Jobs,it-jobs,Adzuna::API::Response::Category,Mistral,Adzuna::API::Response::Company,Adzuna::API::Response::Location,"Montréal, Québec","['Canada', 'Québec', 'Montréal']",full_time,,,
https://www.adzuna.ca/details/5833565746?utm_medium=api&utm_source=e90db681,-73.588138,eyJhbGciOiJIUzI1NiJ9.eyJpIjoiNTgzMzU2NTc0NiIsInMiOiJrcnh0ZmJ1VThSRzlrczIzam5sbnNBIn0.A8F01cQ5rQBhne32WQv50mHOa7Eox5LiKziL6m4PsTM,5833565746,"Company Description Wepoint is the architect of major transformations for businesses and public sector organizations. We support our clients from strategy through technological implementation, always striving to think beyond the obvious and to act within the framework of Economic, Social, Environmental, and Technological Responsibility (RESET). Our goal is to create new ways of working, new economic models, and smarter environments. In nearly 20 years, we have become one of the key players in d…",2026-08-08T10:55:38Z,0,Analyste gouvernance et valorisation de données,45.544959,Adzuna::API::Response::Job,IT Jobs,it-jobs,Adzuna::API::Response::Category,Onepoint,Adzuna::API::Response::Company,Adzuna::API::Response::Location,"Montréal, Québec","['Canada', 'Québec', 'Montréal']",full_time,,,
https://www.adzuna.ca/details/5833565657?utm_medium=api&utm_source=e90db681,-73.588138,eyJhbGciOiJIUzI1NiJ9.eyJzIjoia3J4dGZidVU4Ukc5a3MyM2pubG5zQSIsImkiOiI1ODMzNTY1NjU3In0.yc0XlHIIEi6DEztLVkCsWip20TDCDkuH0zq5SqFrEDw,5833565657,"Senior Business Analyst – Axiom Regulatory Reporting About the Role We are seeking an experienced Senior Business Analyst to join our Axiom Regulatory Reporting practice. In this client-facing role, you will partner directly with financial institutions to design, implement, and optimize regulatory reporting solutions on the Axiom platform. You will serve as a trusted advisor, guiding clients through complex data and reporting requirements while ensuring alignment with U.S. regulatory expectatio…",2026-08-08T10:55:34Z,0,Senior Business Analyst - Regulatory Reporting,45.544959,Adzuna::API::Response::Job,IT Jobs,it-jobs,Adzuna::API::Response::Category,ADTM Adenza Technology de Mexico S de RL de CV,Adzuna::API::Response::Company,Adzuna::API::Response::Location,"Montréal, Québec","['Canada', 'Québec', 'Montréal']",full_time,,106000.0,148000.0
https://www.adzuna.ca/details/5833381399?utm_medium=api&utm_source=e90db681,-73.588138,eyJhbGciOiJIUzI1NiJ9.eyJpIjoiNTgzMzM4MTM5OSIsInMiOiJrcnh0ZmJ1VThSRzlrczIzam5sbnNBIn0.OhufgYKR4tZATxqF1eRoJGvXuFJRXTC1iB09GTEnQBQ,5833381399,"Job Description Job Description Lieu : Montréal (mode hybride – 2 jours en présentiel) Type de poste : Permanent À propos de RENAPS RENAPS est un fournisseur de solutions et de services TI présent au Canada, aux États-Unis et à l’international. Nous accompagnons nos clients à travers un large éventail de services : Services TI gérés ou à la demande Transformation numérique Infrastructure et Cloud Développement applicatif Audit et gestion de licences Recrutement et dotation TI Nous offrons un en…",2026-08-08T06:51:36Z,0,Technology Sales Representative/Représentant des ventes technologiques (Hybride),45.544959,Adzuna::API::Response::Job,IT Jobs,it-jobs,Adzuna::API::Response::Category,RENAPS,Adzuna::API::Response::Company,Adzuna::API::Response::Location,"Montréal, Québec","['Canada', 'Québec', 'Montréal']",,permanent,,
https://www.adzuna.ca/details/5833381339?utm_medium=api&utm_source=e90db681,-73.588138,eyJhbGciOiJIUzI1NiJ9.eyJpIjoiNTgzMzM4MTMzOSIsInMiOiJrcnh0ZmJ1VThSRzlrczIzam5sbnNBIn0.CJrAYsTUlIZvs79lb3bv6Ttm_0-LzNBmto-pWjx7ets,5833381339,"Job Description Job Description Company Description Ubisoft is a global leader in gaming with teams across the world creating original and memorable gaming experiences, from Assassin’s Creed, Rainbow Six to Just Dance and more. We believe diverse perspectives help both players and teams thrive. If you’re passionate about innovation and pushing entertainment boundaries, join our journey and help create the unknown! Job Description As a Security Specialist – Digital Fraud at Ubisoft Montréal, you…",2026-08-08T06:51:34Z,0,Security Specialist - Digital Fraud,45.544959,Adzuna::API::Response::Job,IT Jobs,it-jobs,Adzuna::API::Response::Category,Ubisoft,Adzuna::API::Response::Company,Adzuna::API::Response::Location,"Montréal, Québec","['Canada', 'Québec', 'Montréal']",,,,
https://www.adzuna.ca/details/5833380604?utm_medium=api&utm_source=e90db681,-73.588138,eyJhbGciOiJIUzI1NiJ9.eyJzIjoia3J4dGZidVU4Ukc5a3MyM2pubG5zQSIsImkiOiI1ODMzMzgwNjA0In0.sm9PfxASNN1NJpmvmNo-wNqN9S8RNCqZ5l9FSdNsP0M,5833380604,"Job Description Job Description Salary: Competitive Package About SDA At SDA, we developinnovative, user-centric products on the SAP Business Technology Platform (SAP BTP) that integrate seamlessly with SAP backend systems. Our innovations are trusted by leading enterprises andshowcasedon the SAP Store. We are a lean, ambitious, and values-driven team committed to excellence, integrity, and customer success. The Role We are looking for an experienced SAP BTP Developer to join our team and help …",2026-08-08T06:51:07Z,0,SAP BTP Developer/ Dveloppeur SAP BTP,45.544959,Adzuna::API::Response::Job,IT Jobs,it-jobs,Adzuna::API::Response::Category,SDA,Adzuna::API::Response::Company,Adzuna::API::Response::Location,"Montréal, Québec","['Canada', 'Québec', 'Montréal']",,,,
https://www.adzuna.ca/details/5833380347?utm_medium=api&utm_source=e90db681,-73.588138,eyJhbGciOiJIUzI1NiJ9.eyJzIjoia3J4dGZidVU4Ukc5a3MyM2pubG5zQSIsImkiOiI1ODMzMzgwMzQ3In0.hh0okmCXQeyfedVoauA-La_kK86qqJN4-kqqXqVBvi4,5833380347,Job Description Job Description ???? This Isn't Just Another QA Role Join 20 industry veterans (300 delivered projects) building the FPS that's rewriting gaming's rules. We're creating tournament-grade multiplayer systems where players truly own their achievements - and we need someone who breaks things beautifully. Why This Role Hits Different ???? You'll be the guardian of quality for a revolutionary FPS that combines: Hardcore competitive gameplay that demands perfection True digital economi…,2026-08-08T06:50:57Z,0,QA Tester | Multiplayer FPS,45.544959,Adzuna::API::Response::Job,IT Jobs,it-jobs,Adzuna::API::Response::Category,Ironbelly Studios,Adzuna::API::Response::Company,Adzuna::API::Response::Location,"Montréal, Québec","['Canada', 'Québec', 'Montréal']",,,,
https://www.adzuna.ca/details/5833380182?utm_medium=api&utm_source=e90db681,-73.588138,eyJhbGciOiJIUzI1NiJ9.eyJzIjoia3J4dGZidVU4Ukc5a3MyM2pubG5zQSIsImkiOiI1ODMzMzgwMTgyIn0.hwL6ngLluPSqJTbKvk9TDG7xCjf9YkjTxEtEolBR1Ho,5833380182,"Job Description Job Description Job Vacancy: Data Analyst Location: Anywhere in Canada (Hybrid and Remote) Reports to: Head of Insights and Engagement Systems Details: Full-Time, permanent position, unionized, four day work week, Monday to Thursday, 28 hours/week. Salary: $64,643 - $69,918 CAD per year. This amount will be prorated for partial years of service. Closing date for applicants: August 28, 2026 ABOUT GREENPEACE CANADA: Greenpeace Canada is an independently funded, non-profit organiza…",2026-08-08T06:50:52Z,0,Data Analyst,45.544959,Adzuna::API::Response::Job,IT Jobs,it-jobs,Adzuna::API::Response::Category,GreenPeace,Adzuna::API::Response::Company,Adzuna::API::Response::Location,"Montréal, Québec","['Canada', 'Québec', 'Montréal']",full_time,permanent,64643.0,69918.0
https://www.adzuna.ca/details/5833379926?utm_medium=api&utm_source=e90db681,-73.588138,eyJhbGciOiJIUzI1NiJ9.eyJzIjoia3J4dGZidVU4Ukc5a3MyM2pubG5zQSIsImkiOiI1ODMzMzc5OTI2In0.3zriJtwJAl_qswpmnPS9PFK4-bPmQEM1Md-55vJVHrU,5833379926,"Job Description Job Description:\n\nLa dynamique de votre équipe : Notre équipe de spécialistes de la mise en œuvre et de l'assistance apporte un niveau optimal d'expertise technique et d'assistance à l'ensemble de l'organisation. Grâce à un travail d'équipe concerté, nous trouvons des solutions aux différents problèmes rencontrés par les systèmes de nos clients. Votre formation comprendra des sessions de formation en ligne dispensées par notre équipe de formation, suivies de séances individuel…",2026-08-08T06:50:44Z,0,Spécialiste livraison et soutien / Delivery & Support Specialist - Unification,45.544959,Adzuna::API::Response::Job,IT Jobs,it-jobs,Adzuna::API::Response::Category,Genetec,Adzuna::API::Response::Company,Adzuna::API::Response::Location,"Montréal, Québec","['Canada', 'Québec', 'Montréal']",,,,
https://www.adzuna.ca/details/5833379834?utm_medium=api&utm_source=e90db681,-73.506654,eyJhbGciOiJIUzI1NiJ9.eyJzIjoia3J4dGZidVU4Ukc5a3MyM2pubG5zQSIsImkiOiI1ODMzMzc5ODM0In0.ZCpxKcebvMdtE5SzUSim1Zw7om2ArA68N4tu9xxdKHE,5833379834,"Job Description Job Description Company Description Be part of AIM's growing success. American Iron & Metal Company (AIM) is a recognized global leader in the metal recycling industry, with over 125 locations and 4,000 employees worldwide. We have continued to thrive for the past eight decades thanks to the dedication of our employees and the ongoing trust and support of our customers. Join the AIM team, a growing team that, over the years, has transformed into a multifaceted company with busin…",2026-08-08T06:50:41Z,0,Business Systems Analyst,45.630158,Adzuna::API::Response::Job,IT Jobs,it-jobs,Adzuna::API::Response::Category,American Iron and Metal,Adzuna::API::Response::Company,Adzuna::API::Response::Location,"Montréal East, Montréal","['Canada', 'Québec', 'Montréal', 'Montréal East']",,,,
https://www.adzuna.ca/details/5833379804?utm_medium=api&utm_source=e90db681,-73.506654,eyJhbGciOiJIUzI1NiJ9.eyJpIjoiNTgzMzM3OTgwNCIsInMiOiJrcnh0ZmJ1VThSRzlrczIzam5sbnNBIn0.bjCtE60F4Gr_9NkINkSxVedlnivnD3FM9ilwvrt2pSY,5833379804,"Job Description Job Description The client envisions an experienced Scrum Master, comfortable working on large-scale projects, whose core competencies lie in two key areas: operational mastery of Jira and rigorous facilitation of Agile ceremonies. The description repeatedly emphasizes Jira (team leader, KPI tracking, quality control of the product and sprint backlogs), indicating a profile that uses the tool daily, not just facilitates discussions. The focus on consistency between the sprint an…",2026-08-08T06:50:39Z,0,Scrum Master,45.630158,Adzuna::API::Response::Job,IT Jobs,it-jobs,Adzuna::API::Response::Category,Maarut,Adzuna::API::Response::Company,Adzuna::API::Response::Location,"Montréal East, Montréal","['Canada', 'Québec', 'Montréal', 'Montréal East']",,,2080.0,2080.0
https://www.adzuna.ca/details/5833379091?utm_medium=api&utm_source=e90db681,-73.588138,eyJhbGciOiJIUzI1NiJ9.eyJpIjoiNTgzMzM3OTA5MSIsInMiOiJrcnh0ZmJ1VThSRzlrczIzam5sbnNBIn0.NLcKme9Zx5KRHr71tWZYKvGcjWvPkx7apDkKesSb-4U,5833379091,"Job Description Job Description We are a diversified trading firm with over 3 decades of experience bringing sophisticated technology and exceptional people together to operate in markets around the world. We value autonomy and the ability to quickly pivot to capture opportunities, so we operate using our own capital and trading at our own risk. We operate with respect, curiosity and open minds. The people who thrive here share our belief that it’s not just what we do that matters–it's how we d…",2026-08-08T06:50:18Z,0,Software Engineer - trading,45.544959,Adzuna::API::Response::Job,IT Jobs,it-jobs,Adzuna::API::Response::Category,hireVouch,Adzuna::API::Response::Company,Adzuna::API::Response::Location,"Montréal, Québec","['Canada', 'Québec', 'Montréal']",,,,
https://www.adzuna.ca/details/5833378778?utm_medium=api&utm_source=e90db681,-73.588138,eyJhbGciOiJIUzI1NiJ9.eyJzIjoia3J4dGZidVU4Ukc5a3MyM2pubG5zQSIsImkiOiI1ODMzMzc4Nzc4In0.OiEkACt5EnwbaNn-oZJ7zAb_gCTBp0IR-q-QfYCjlmc,5833378778,"Job Description Job Description We are looking for an experienced DevOps/SRE Engineer for our client. This is a permanent position, that can either be remote or in-office at Toronto! Our client is a large fintech firm with a product that you've likely used many times before. You Have: You have hands-on experience with enterprise-grade infrastructures, operations and / or systems administration. Familiar with DevOps engineering practices Experience designing and implementing automations, includi…",2026-08-08T06:50:05Z,0,DevOps Engineer,45.544959,Adzuna::API::Response::Job,IT Jobs,it-jobs,Adzuna::API::Response::Category,Targeted Talent,Adzuna::API::Response::Company,Adzuna::API::Response::Location,"Montréal, Québec","['Canada', 'Québec', 'Montréal']",,permanent,,
https://www.adzuna.ca/details/5833378630?utm_medium=api&utm_source=e90db681,-73.588138,eyJhbGciOiJIUzI1NiJ9.eyJzIjoia3J4dGZidVU4Ukc5a3MyM2pubG5zQSIsImkiOiI1ODMzMzc4NjMwIn0.pqz3wv8jtcveXzFb9nAxe3IsCEM8hvSfXYZ9XcgIxPw,5833378630,"Job Description Job Description Company Description Ubisoft is a global leader in gaming with teams across the world creating original and memorable gaming experiences, from Assassin’s Creed, Rainbow Six to Just Dance and more. We believe diverse perspectives help both players and teams thrive. If you’re passionate about innovation and pushing entertainment boundaries, join our journey and help create the unknown! Job Description As a Product Director, Knowledge at Ubisoft Montreal, you will gu…",2026-08-08T06:49:59Z,0,"Product Director, Knowledge",45.544959,Adzuna::API::Response::Job,IT Jobs,it-jobs,Adzuna::API::Response::Category,Ubisoft,Adzuna::API::Response::Company,Adzuna::API::Response::Location,"Montréal, Québec","['Canada', 'Québec', 'Montréal']",,,,
https://www.adzuna.ca/details/5833378453?utm_medium=api&utm_source=e90db681,-73.588138,eyJhbGciOiJIUzI1NiJ9.eyJzIjoia3J4dGZidVU4Ukc5a3MyM2pubG5zQSIsImkiOiI1ODMzMzc4NDUzIn0.XTHkZvvz11xmdaXr0EOXXg3otwqbwwHaHy1ABcfr4-c,5833378453,"Job Description Job Description À propos de la compagnie : Fournisseur de technologies de pointe dans les domaines de l’intelligence d’affaires, de la sécurité physique unifiée, de la sécurité publique et des opérations. Genetec développe des logiciels sur plateforme ouverte, du matériel et des services basés sur le cloud destinés au secteur de la sécurité physique et de la sécurité publique. Son produit phare, Security Center, regroupe sur une seule et même plateforme la vidéosurveillance sur …",2026-08-08T06:49:53Z,0,Testeur(euse) de systèmes / System Tester - Cloudrunner,45.544959,Adzuna::API::Response::Job,IT Jobs,it-jobs,Adzuna::API::Response::Category,Genetec,Adzuna::API::Response::Company,Adzuna::API::Response::Location,"Montréal, Québec","['Canada', 'Québec', 'Montréal']",,,,
https://www.adzuna.ca/details/5833378361?utm_medium=api&utm_source=e90db681,-73.588138,eyJhbGciOiJIUzI1NiJ9.eyJpIjoiNTgzMzM3ODM2MSIsInMiOiJrcnh0ZmJ1VThSRzlrczIzam5sbnNBIn0.91CbzaeS-2zLsLUEcgboMy7qI60x1IsSKCd0Uh0AYk4,5833378361,"Job Description Job Description Directeur vente de solutions TI / IT Solutions Sales Director Lieu : Montréal (mode hybride – 2 jours en présentiel) Type de poste : Permanent À propos de RENAPS RENAPS est un fournisseur de solutions et de services TI présent au Canada, aux États-Unis et à l’international. Nous accompagnons nos clients à travers un large éventail de services : Services TI gérés ou à la demande Transformation numérique Infrastructure et Cloud Développement applicatif Audit et ges…",2026-08-08T06:49:49Z,0,Directeur vente de solutions TI / IT Solutions Sales Director,45.544959,Adzuna::API::Response::Job,IT Jobs,it-jobs,Adzuna::API::Response::Category,RENAPS,Adzuna::API::Response::Company,Adzuna::API::Response::Location,"Montréal, Québec","['Canada', 'Québec', 'Montréal']",,permanent,,
https://www.adzuna.ca/details/5833377579?utm_medium=api&utm_source=e90db681,-73.588138,eyJhbGciOiJIUzI1NiJ9.eyJpIjoiNTgzMzM3NzU3OSIsInMiOiJrcnh0ZmJ1VThSRzlrczIzam5sbnNBIn0.oMnhDSK6C6u6-Di5L2lmvYYsivpm9sjl_j15lWnHUKg,5833377579,"Job Description Job Description Company Description Acumatica is a company on a mission. We are a leading innovator in cloud ERP with customers located around the world. But don’t take our word for it—read what analysts like G2 and Info-Tech have to say about us. Acumatica is a company on a mission. We are a leading innovator in cloud ERP (Enterprise Resource Planning) solutions with growing businesses worldwide. But don’t take our word for it—read what analysts like G2, IDC, Nucleus Research, …",2026-08-08T06:49:07Z,0,Solution Architect,45.544959,Adzuna::API::Response::Job,IT Jobs,it-jobs,Adzuna::API::Response::Category,Acumatica,Adzuna::API::Response::Company,Adzuna::API::Response::Location,"Montréal, Québec","['Canada', 'Québec', 'Montréal']",,,,
https://www.adzuna.ca/details/5833377103?utm_medium=api&utm_source=e90db681,-73.742893,eyJhbGciOiJIUzI1NiJ9.eyJpIjoiNTgzMzM3NzEwMyIsInMiOiJrcnh0ZmJ1VThSRzlrczIzam5sbnNBIn0.SE4RP8QVT7ak5G-22-ddp3N6DWFYRYfx-01MMWeCcw4,5833377103,"Job Description Job Description Description de l'entreprise Linen Chest est à la recherche d’un(e) Directeur(trice), Technologie et Transformation numérique afin de piloter l’évolution de notre environnement technologique et soutenir notre croissance dans un contexte de transformation numérique. Relevant directement du président, cette personne jouera un rôle clé dans la définition et l’exécution de la stratégie TI, en assurant l’alignement entre les solutions technologiques et les priorités d’…",2026-08-08T06:48:41Z,0,"Directeur(trice), Technologie et Transformation numérique",45.581149,Adzuna::API::Response::Job,IT Jobs,it-jobs,Adzuna::API::Response::Category,Linen Chest,Adzuna::API::Response::Company,Adzuna::API::Response::Location,"Laval, Laval region","['Canada', 'Québec', 'Laval region', 'Laval']",,,,
https://www.adzuna.ca/details/5833376536?utm_medium=api&utm_source=e90db681,-73.742893,eyJhbGciOiJIUzI1NiJ9.eyJzIjoia3J4dGZidVU4Ukc5a3MyM2pubG5zQSIsImkiOiI1ODMzMzc2NTM2In0.vT5aU90wi_1Sbub2uUNSALcL7ddJB3ErfZ6wwKb2RcU,5833376536,"Job Description Job Description Build What’s Next in Retail Technology At LOC, you'll join a collaborative team dedicated to shaping the future of retail. We foster an environment where people feel supported, challenged, and empowered; believing this is key to great work. You'll have the opportunity to build your career, whether you're innovating new solutions, providing customer support, or driving initiatives across teams. We value ownership, continuous learning, and forward thinking in every…",2026-08-08T06:48:15Z,0,QA Analyst - POS Peripheral,45.581149,Adzuna::API::Response::Job,IT Jobs,it-jobs,Adzuna::API::Response::Category,Loc Software,Adzuna::API::Response::Company,Adzuna::API::Response::Location,"Laval, Laval region","['Canada', 'Québec', 'Laval region', 'Laval']",,,,
https://www.adzuna.ca/details/5833376171?utm_medium=api&utm_source=e90db681,-73.588138,eyJhbGciOiJIUzI1NiJ9.eyJzIjoia3J4dGZidVU4Ukc5a3MyM2pubG5zQSIsImkiOiI1ODMzMzc2MTcxIn0.HP6qtA4afiPewJc84ecwmZskzozdr3QKMeZ66fF5QCg,5833376171,"Job Description Job Description Salary: $64,643 - $69,918 CAD per year Job Vacancy: Data Analyst Location: Anywhere in Canada (Hybrid and Remote) Reports to: Head of Insights and Engagement Systems Details: Full-Time, permanent position, unionized, four day work week, Monday to Thursday, 28 hours/week. Salary: $64,643 - $69,918 CAD per year. This amount will be prorated for partial years of service. Closing date for applicants: August 28, 2026 ABOUT GREENPEACE CANADA: Greenpeace Canada is an in…",2026-08-08T06:47:52Z,0,Data Analyst,45.544959,Adzuna::API::Response::Job,IT Jobs,it-jobs,Adzuna::API::Response::Category,GreenPeace,Adzuna::API::Response::Company,Adzuna::API::Response::Location,"Montréal, Québec","['Canada', 'Québec', 'Montréal']",full_time,permanent,,
https://www.adzuna.ca/details/5833375711?utm_medium=api&utm_source=e90db681,-73.588138,eyJhbGciOiJIUzI1NiJ9.eyJpIjoiNTgzMzM3NTcxMSIsInMiOiJrcnh0ZmJ1VThSRzlrczIzam5sbnNBIn0.FlqUKrbfWlOrlWssEPFEPtr2wn98_4NKlRrVtU7gH_Q,5833375711,"Job Description Job Description:\n\nDescription de l'entreprise Chez Gameloft nous créons des moments de joie pour nos joueurs autour du monde à travers des expériences de jeux excitantes. C'est notre mission, et cela l'a été depuis plus de 25 ans. Nous sommes les fiers créateurs d'Asphalt, Dungeon Hunter, Modern Combat et plus de 200 autres super jeux. Il y a un jeu pour tous, et nous nous élargissons maintenant avec des jeux multi-plateforme sur PC et consoles, avec des jeux tels Disney Speed…",2026-08-08T06:47:37Z,0,[Disney Dreamlight Valley] Chef(fe) de Produit - Product Manager,45.544959,Adzuna::API::Response::Job,IT Jobs,it-jobs,Adzuna::API::Response::Category,Gameloft Montréal,Adzuna::API::Response::Company,Adzuna::API::Response::Location,"Montréal, Québec","['Canada', 'Québec', 'Montréal']",,,,
https://www.adzuna.ca/details/5833374869?utm_medium=api&utm_source=e90db681,-73.588138,eyJhbGciOiJIUzI1NiJ9.eyJpIjoiNTgzMzM3NDg2OSIsInMiOiJrcnh0ZmJ1VThSRzlrczIzam5sbnNBIn0.nvlSdrKc975RfzoyQpRvjlVW-wsFGRmQUQBzUWyPUdo,5833374869,"Job Description Job Description:\n\nDescription de l'entreprise Chez Gameloft nous créons des moments de joie pour nos joueurs autour du monde à travers des expériences de jeux excitantes. C'est notre mission, et cela l'a été depuis plus de 25 ans. Nous sommes les fiers créateurs d'Asphalt, Dungeon Hunter, Modern Combat et plus de 200 autres super jeux. Il y a un jeu pour tous, et nous nous élargissons maintenant avec des jeux multi-plateforme sur PC et consoles, avec des jeux tels Disney Speed…",2026-08-08T06:47:12Z,0,Développeur(se) d'automatisation et d'infrastructure - Infrastructure & Automation Developer,45.544959,Adzuna::API::Response::Job,IT Jobs,it-jobs,Adzuna::API::Response::Category,Gameloft Montréal,Adzuna::API::Response::Company,Adzuna::API::Response::Location,"Montréal, Québec","['Canada', 'Québec', 'Montréal']",,,,
https://www.adzuna.ca/details/5833373823?utm_medium=api&utm_source=e90db681,-73.588138,eyJhbGciOiJIUzI1NiJ9.eyJpIjoiNTgzMzM3MzgyMyIsInMiOiJrcnh0ZmJ1VThSRzlrczIzam5sbnNBIn0.ufTMLvgpBCJ3n5BynA6lXHRDHRpbdSkRB2IQtoyHfOs,5833373823,"Job Description Job Description Description de l'entreprise Talan est un groupe international qui accompagne ses clients dans leur transformation Data & IA, de bout en bout, en combinant conseil en management et expertise technologique. Avec plus de 6000 collaborateurs sur 5 continents, nous accélérons les transformations de nos clients à travers des partenariats de long terme, en créant un impact mesurable et durable. Notre proposition de valeur repose sur un écosystème d’innovation structuré …",2026-08-08T06:46:40Z,0,Consultant(e) senior logistique ERP Dynamics | Senior ERP Dynamics Supply Chain Consultant,45.544959,Adzuna::API::Response::Job,IT Jobs,it-jobs,Adzuna::API::Response::Category,Talan,Adzuna::API::Response::Company,Adzuna::API::Response::Location,"Montréal, Québec","['Canada', 'Québec', 'Montréal']",,,,
https://www.adzuna.ca/details/5833373250?utm_medium=api&utm_source=e90db681,-73.506654,eyJhbGciOiJIUzI1NiJ9.eyJpIjoiNTgzMzM3MzI1MCIsInMiOiJrcnh0ZmJ1VThSRzlrczIzam5sbnNBIn0.jBT9_RDjkb4UoFyM1o2pr0M7GXCG_UiIyrlllrFQoQk,5833373250,"Job Description Job Description Description de l'entreprise American Iron & Metal (AIM) est une entreprise familiale et un leader mondial reconnu dans l'industrie du recyclage des métaux avec plus de 125 sites et 4000 employés dans le monde entier. Nous avons continué à prospérer au cours des huit dernières décennies grâce au dévouement de nos employés et à la confiance et au soutien continus de nos clients. Faites partie de l'équipe AIM, une équipe en pleine croissance avec un esprit d'entrepr…",2026-08-08T06:46:13Z,0,Spécialiste Réseaux (Conformité de l'architecture et opérations),45.630158,Adzuna::API::Response::Job,IT Jobs,it-jobs,Adzuna::API::Response::Category,American Iron and Metal,Adzuna::API::Response::Company,Adzuna::API::Response::Location,"Montréal East, Montréal","['Canada', 'Québec', 'Montréal', 'Montréal East']",,,,
https://www.adzuna.ca/details/5833372967?utm_medium=api&utm_source=e90db681,-73.588138,eyJhbGciOiJIUzI1NiJ9.eyJzIjoia3J4dGZidVU4Ukc5a3MyM2pubG5zQSIsImkiOiI1ODMzMzcyOTY3In0.jVGgW31nxhb3uScnIMvWtvtrCtznL-q0oDVVKzaRrQg,5833372967,"Job Description Job Description We are a diversified trading firm with over 3 decades of experience bringing sophisticated technology and exceptional people together to operate in markets around the world. We value autonomy and the ability to quickly pivot to capture opportunities, so we operate using our own capital and trading at our own risk. We operate with respect, curiosity and open minds. The people who thrive here share our belief that it’s not just what we do that matters–it's how we d…",2026-08-08T06:45:59Z,0,Software Engineer - Research,45.544959,Adzuna::API::Response::Job,IT Jobs,it-jobs,Adzuna::API::Response::Category,hireVouch,Adzuna::API::Response::Company,Adzuna::API::Response::Location,"Montréal, Québec","['Canada', 'Québec', 'Montréal']",,,,
https://www.adzuna.ca/details/5833372324?utm_medium=api&utm_source=e90db681,-73.588138,eyJhbGciOiJIUzI1NiJ9.eyJpIjoiNTgzMzM3MjMyNCIsInMiOiJrcnh0ZmJ1VThSRzlrczIzam5sbnNBIn0.3qHcaoapJpHKoaCp-ZIYUMlm8V7Dk2wKbJnxPLxMEZs,5833372324,"Job Description Job Description This is a remote position. Pourquoi ce rôle, pourquoi maintenant Fondée à Montréal en 2019, INNOOVA est une firme-conseil spécialisée en transformation RH et financière, et la seule partenaire Workday certifiée basée au Canada. Nous œuvrons aussi sur les plateformes Dayforce, UKG et SuccessFactors, auprès de clients dans plusieurs secteurs : santé, secteur public, finance et technologie. Chez INNOOVA, on a la rigueur d'une firme reconnue, sans la lourdeur des gra…",2026-08-08T06:45:31Z,0,Consultant · e Workday Senior - Multi-Module,45.544959,Adzuna::API::Response::Job,IT Jobs,it-jobs,Adzuna::API::Response::Category,INNOOVA,Adzuna::API::Response::Company,Adzuna::API::Response::Location,"Montréal, Québec","['Canada', 'Québec', 'Montréal']",,permanent,100.0,140.0
https://www.adzuna.ca/details/5833372138?utm_medium=api&utm_source=e90db681,-73.742893,eyJhbGciOiJIUzI1NiJ9.eyJpIjoiNTgzMzM3MjEzOCIsInMiOiJrcnh0ZmJ1VThSRzlrczIzam5sbnNBIn0.yeT9fXz_7Dadc1bHy8mcdoa_Wo9o-gKNDLl-a5cMLsQ,5833372138,"Job Description Job Description Façonnez l'avenir des technologies du commerce de détail Rejoignez LOC et faites partie d'une équipe collaborative qui façonne l'avenir du commerce de détail. Nous vous offrons un environnement stimulant où l'autonomie et l'apprentissage continu sont encouragés, car nous croyons que l'excellence naît de l'innovation et de la responsabilisation de chacun. Chez nous, vous aurez toutes les opportunités de développer votre carrière, que ce soit par l'élaboration de s…",2026-08-08T06:45:19Z,0,Analyste en assurance qualité - Périphériques (POS),45.581149,Adzuna::API::Response::Job,IT Jobs,it-jobs,Adzuna::API::Response::Category,Loc Software,Adzuna::API::Response::Company,Adzuna::API::Response::Location,"Laval, Laval region","['Canada', 'Québec', 'Laval region', 'Laval']",,,,
https://www.adzuna.ca/details/5833372063?utm_medium=api&utm_source=e90db681,-73.588138,eyJhbGciOiJIUzI1NiJ9.eyJzIjoia3J4dGZidVU4Ukc5a3MyM2pubG5zQSIsImkiOiI1ODMzMzcyMDYzIn0.E-nZZvnrE2_oOcB0tLcRe6Ijp1vxnHXAgrD0ervAikw,5833372063,"Job Description Job Description Description de l'entreprise VOSKER, leader nord-américain en surveillance de zones éloignées. Chaque jour, on est fiers d’aider nos clients à garder un œil sur ce qui compte réellement pour eux, en développant des caméras à énergie solaire et connectées cellulaire à notre plate-forme exclusive. En quelques mots chez VOSKER : On est performant, on pense autrement et on prend soin de nos gens ! On tire avantage de nos expertises pour gagner en équipe et redéfinir c…",2026-08-08T06:45:15Z,0,Développeur.euse systèmes embarqués / Firmware,45.544959,Adzuna::API::Response::Job,IT Jobs,it-jobs,Adzuna::API::Response::Category,Vosker,Adzuna::API::Response::Company,Adzuna::API::Response::Location,"Montréal, Québec","['Canada', 'Québec', 'Montréal']",,,,
https://www.adzuna.ca/details/5833371624?utm_medium=api&utm_source=e90db681,-73.588138,eyJhbGciOiJIUzI1NiJ9.eyJpIjoiNTgzMzM3MTYyNCIsInMiOiJrcnh0ZmJ1VThSRzlrczIzam5sbnNBIn0.wjd35eKam-ALXZuQElfn4lcMwC80-dd5TARI24kyaAM,5833371624,"Job Description Job Description Company Description Ubisoft is a global leader in gaming with teams across the world creating original and memorable gaming experiences, from Assassin’s Creed, Rainbow Six to Just Dance and more. We believe diverse perspectives help both players and teams thrive. If you’re passionate about innovation and pushing entertainment boundaries, join our journey and help create the unknown! Job Description As a Games Security Specialist at Ubisoft Montréal, you will be f…",2026-08-08T06:44:45Z,0,Games Security Specialist,45.544959,Adzuna::API::Response::Job,IT Jobs,it-jobs,Adzuna::API::Response::Category,Ubisoft,Adzuna::API::Response::Company,Adzuna::API::Response::Location,"Montréal, Québec","['Canada', 'Québec', 'Montréal']",,,,
https://www.adzuna.ca/details/5833370975?utm_medium=api&utm_source=e90db681,-73.588138,eyJhbGciOiJIUzI1NiJ9.eyJpIjoiNTgzMzM3MDk3NSIsInMiOiJrcnh0ZmJ1VThSRzlrczIzam5sbnNBIn0.pxW0kGq-MZdLGokSYsss2jPbQa8PY7wr-8WXykQVGDQ,5833370975,"Job Description Job Description Description de l'entreprise Ubisoft est une référence mondiale du jeu vidéo, avec des équipes réparties aux quatre coins du monde qui créent des expériences de jeu originales et mémorables, de Assassin’s Creed à Rainbow Six en passant par Just Dance et bien d’autres encore. Nous croyons que la diversité des points de vue fait progresser à la fois les joueurs et les équipes. Si vous êtes passionné·e par l’innovation et que vous souhaitez repousser les limites du d…",2026-08-08T06:44:26Z,0,Spécialiste en sécurité - Fraude numérique,45.544959,Adzuna::API::Response::Job,IT Jobs,it-jobs,Adzuna::API::Response::Category,Ubisoft,Adzuna::API::Response::Company,Adzuna::API::Response::Location,"Montréal, Québec","['Canada', 'Québec', 'Montréal']",,,,
https://www.adzuna.ca/details/5833370576?utm_medium=api&utm_source=e90db681,-73.588138,eyJhbGciOiJIUzI1NiJ9.eyJzIjoia3J4dGZidVU4Ukc5a3MyM2pubG5zQSIsImkiOiI1ODMzMzcwNTc2In0.f19komwBuh6OUNCIlX69PXp8Og8HGSfzMF5LHWyRqvg,5833370576,"Job Description Job Description Company Description MEDFAR Clinical Solutions was founded in 2010 by two aeronautical engineers who realized that the healthcare system was not exploiting the full potential of technology. Supported by a large community of medical experts and focused on clinical success and patient safety, MEDFAR was the first company to certify a cloud-based Electronic Medical Record in Canada: MYLE (Make Your Life Easy). Committed to promoting excellence and effectiveness in he…",2026-08-08T06:44:19Z,0,Data Transfer Team Lead,45.544959,Adzuna::API::Response::Job,IT Jobs,it-jobs,Adzuna::API::Response::Category,Medfar,Adzuna::API::Response::Company,Adzuna::API::Response::Location,"Montréal, Québec","['Canada', 'Québec', 'Montréal']",full_time,permanent,,
https://www.adzuna.ca/details/5833367265?utm_medium=api&utm_source=e90db681,-73.506654,eyJhbGciOiJIUzI1NiJ9.eyJzIjoia3J4dGZidVU4Ukc5a3MyM2pubG5zQSIsImkiOiI1ODMzMzY3MjY1In0.P0iOAawbBwYDtnIX0mbRsBeAEjuHisxbpo0RcWZhh0g,5833367265,"Job Description Job Description Description de l'entreprise American Iron & Metal (AIM) est une entreprise familiale et un leader mondial reconnu dans l'industrie du recyclage des métaux avec plus de 125 sites et 4000 employés dans le monde entier. Nous avons continué à prospérer au cours des huit dernières décennies grâce au dévouement de nos employés et à la confiance et au soutien continus de nos clients. Faites partie de l'équipe AIM, une équipe en pleine croissance avec un esprit d'entrepr…",2026-08-08T06:43:32Z,0,Analyste des systèmes d'affaires,45.630158,Adzuna::API::Response::Job,IT Jobs,it-jobs,Adzuna::API::Response::Category,American Iron and Metal,Adzuna::API::Response::Company,Adzuna::API::Response::Location,"Montréal East, Montréal","['Canada', 'Québec', 'Montréal', 'Montréal East']",,,,
https://www.adzuna.ca/details/5833365401?utm_medium=api&utm_source=e90db681,-73.588138,eyJhbGciOiJIUzI1NiJ9.eyJpIjoiNTgzMzM2NTQwMSIsInMiOiJrcnh0ZmJ1VThSRzlrczIzam5sbnNBIn0.3tjB9Tc8sYgPuZln-loab03GcZvkzspGEwVF6nTyBLM,5833365401,"Job Description Job Description Company Description Ubisoft is a global leader in gaming with teams across the world creating original and memorable gaming experiences, from Assassin’s Creed, Rainbow Six to Just Dance and more. We believe diverse perspectives help both players and teams thrive. If you’re passionate about innovation and pushing entertainment boundaries, join our journey and help us create the unknown! Job Description The Community Developer will be responsible for establishing a…",2026-08-08T06:42:56Z,0,Community Developer - Rainbow 6 Siege,45.544959,Adzuna::API::Response::Job,IT Jobs,it-jobs,Adzuna::API::Response::Category,Ubisoft,Adzuna::API::Response::Company,Adzuna::API::Response::Location,"Montréal, Québec","['Canada', 'Québec', 'Montréal']",,,,
https://www.adzuna.ca/details/5833365087?utm_medium=api&utm_source=e90db681,-73.588138,eyJhbGciOiJIUzI1NiJ9.eyJpIjoiNTgzMzM2NTA4NyIsInMiOiJrcnh0ZmJ1VThSRzlrczIzam5sbnNBIn0.XG_3MnbjUXeKYbGFhqf_xwYfLXFkziIc9_OoYywANXM,5833365087,"Job Description Job Description Gaming Content Operations Specialist Location: Onsite - Montreal Who we are: As a Gaming Content Operations Specialist, your gaming expertise is the main engine; AI is simply the power-up. You'll play the biggest RPGs on the market, master their systems, and transform that knowledge into definitive guides. You'll leverage AI tools to automate repetitive tasks—such as formatting item tables, cleaning up raw data, and organizing layouts—so you can focus on what mat…",2026-08-08T06:42:49Z,0,Gaming Content Operations Specialist,45.544959,Adzuna::API::Response::Job,IT Jobs,it-jobs,Adzuna::API::Response::Category,Valnet Inc.,Adzuna::API::Response::Company,Adzuna::API::Response::Location,"Montréal, Québec","['Canada', 'Québec', 'Montréal']",,,,
https://www.adzuna.ca/details/5833364445?utm_medium=api&utm_source=e90db681,-73.506654,eyJhbGciOiJIUzI1NiJ9.eyJzIjoia3J4dGZidVU4Ukc5a3MyM2pubG5zQSIsImkiOiI1ODMzMzY0NDQ1In0.0-ZmeK3PsAVIiKGf4EBa1vqTlpAjyXv143pERxY3tr0,5833364445,"Job Description Job Description Company Description Be part of AIM's growing success. American Iron & Metal Company (AIM) is a recognized global leader in the metal recycling industry, with over 125 locations and 4,000 employees worldwide. We have continued to thrive for the past eight decades thanks to the dedication of our employees and the ongoing trust and support of our customers. Join the AIM team, a growing team that, over the years, has transformed into a multifaceted company with busin…",2026-08-08T06:42:42Z,0,Senior Network Specialist (Architecture Enforcement & Operations),45.630158,Adzuna::API::Response::Job,IT Jobs,it-jobs,Adzuna::API::Response::Category,American Iron and Metal,Adzuna::API::Response::Company,Adzuna::API::Response::Location,"Montréal East, Montréal","['Canada', 'Québec', 'Montréal', 'Montréal East']",,,,
https://www.adzuna.ca/details/5833363687?utm_medium=api&utm_source=e90db681,-73.588138,eyJhbGciOiJIUzI1NiJ9.eyJpIjoiNTgzMzM2MzY4NyIsInMiOiJrcnh0ZmJ1VThSRzlrczIzam5sbnNBIn0.3OE4x-iRCtprJUH5XEoVaKxelVkkVqr_vy6yoNPpqwo,5833363687,"Job Description Job Description Company Description Ubisoft is a global leader in gaming with teams across the world creating original and memorable gaming experiences, from Assassin’s Creed, Rainbow Six to Just Dance and more. We believe diverse perspectives help both players and teams thrive. If you’re passionate about innovation and pushing entertainment boundaries, join our journey and help create the unknown! Job Description As a Data Developer at Ubisoft Montreal , you will join the Playe…",2026-08-08T06:42:33Z,0,Data Developer,45.544959,Adzuna::API::Response::Job,IT Jobs,it-jobs,Adzuna::API::Response::Category,Ubisoft,Adzuna::API::Response::Company,Adzuna::API::Response::Location,"Montréal, Québec","['Canada', 'Québec', 'Montréal']",,,,
https://www.adzuna.ca/details/5833363000?utm_medium=api&utm_source=e90db681,-73.588138,eyJhbGciOiJIUzI1NiJ9.eyJpIjoiNTgzMzM2MzAwMCIsInMiOiJrcnh0ZmJ1VThSRzlrczIzam5sbnNBIn0.xn24TChid1eb7j1anXwbOfcdXwFIqfxrpoKD4ktWqMQ,5833363000,"Job Description Job Description Company Description MEDFAR Clinical Solutions was founded in 2010 by two aeronautical engineers who realized that the healthcare system was not exploiting the full potential of technology. Supported by a large community of medical experts and focused on clinical success and patient safety, MEDFAR was the first company to certify a cloud-based Electronic Medical Record in Canada: MYLE (Make Your Life Easy). Committed to promoting excellence and effectiveness in he…",2026-08-08T06:42:25Z,0,"Director, Information Systems and IT Operations",45.544959,Adzuna::API::Response::Job,IT Jobs,it-jobs,Adzuna::API::Response::Category,Medfar,Adzuna::API::Response::Company,Adzuna::API::Response::Location,"Montréal, Québec","['Canada', 'Québec', 'Montréal']",,,,
https://www.adzuna.ca/details/5833355753?utm_medium=api&utm_source=e90db681,-73.443048,eyJhbGciOiJIUzI1NiJ9.eyJzIjoiUWpXcWdidVU4Ukc5a3MyM2pubG5zQSIsImkiOiI1ODMzMzU1NzUzIn0.zkF1EBQ6SVeG7g7XURcExdLlR9mMGX_JW9TMOU7ryG4,5833355753,"Propulsez votre carrière chez Tetra Tech! Chef de file mondial en services de génie-conseil et ingénierie, nous offrons une culture d’entreprise conviviale et inclusive aux membres de notre belle équipe, afin de les aider à s’accomplir. Chez Tetra Tech , nos gens, c’est notre force : nous comptons plus de 25 000 employés partout dans le monde, dont plus de 4 000 au Canada et 1 300 au Québec. Consultez cette vidéo et imprégnez-vous de notre culture : Fièrement Tetra Tech - YouTube Nos équipes le…",2026-08-08T06:41:06Z,0,Commis à la facturation,45.60017,Adzuna::API::Response::Job,IT Jobs,it-jobs,Adzuna::API::Response::Category,Tetra Tech,Adzuna::API::Response::Company,Adzuna::API::Response::Location,"Boucherville, Champlain","['Canada', 'Québec', 'Montérégie', 'Champlain', 'Boucherville']",,,,
https://www.adzuna.ca/details/5833355478?utm_medium=api&utm_source=e90db681,-73.588138,eyJhbGciOiJIUzI1NiJ9.eyJzIjoiUWpXcWdidVU4Ukc5a3MyM2pubG5zQSIsImkiOiI1ODMzMzU1NDc4In0.CVX0g9H6PkFoWLiGACmqFvEgbxKzwpngyg-1hxoEwKA,5833355478,"Spécialiste Pré-vente – Solutions SaaS À propos du poste Notre client, une entreprise technologique reconnue pour ses solutions SaaS innovantes, est à la recherche d'une personne spécialiste pré-vente pour appuyer son équipe des ventes dans la démonstration de la valeur technique de ses solutions auprès de clientèles comptes majeurs et gouvernement. La personne titulaire du poste agit comme lien essentiel entre les équipes commerciales, techniques et produit, en traduisant les besoins d'affaire…",2026-08-08T06:41:04Z,0,Specialiste Pré Vente (Saas),45.544959,Adzuna::API::Response::Job,IT Jobs,it-jobs,Adzuna::API::Response::Category,A & A Consultants,Adzuna::API::Response::Company,Adzuna::API::Response::Location,"Montréal, Québec","['Canada', 'Québec', 'Montréal']",,permanent,,
https://www.adzuna.ca/details/5833098355?utm_medium=api&utm_source=e90db681,-73.588138,eyJhbGciOiJIUzI1NiJ9.eyJzIjoiUWpXcWdidVU4Ukc5a3MyM2pubG5zQSIsImkiOiI1ODMzMDk4MzU1In0.UqXFOztVQv9KlUatVdQTeD46-hnStBbomcrC7jgeOW8,5833098355,"Software Engineer – Java, Spring Boot, DevSecOps, Cloud, Platform Engineering Job Description: We are seeking a Software Engineer to join a Global Enterprise Technology Team responsible for the development, modernization, security, and operational reliability of mission-critical information distribution systems and file transfer platforms. The candidate will play a key role in improving the security posture, resilience, and overall health of our platforms. This includes supporting vulnerability…",2026-08-08T03:26:30Z,0,"Software Engineer – Java, Spring Boot, DevSecOps, Cloud, Platform Modernization",45.544959,Adzuna::API::Response::Job,IT Jobs,it-jobs,Adzuna::API::Response::Category,Astra North Infoteck Inc.,Adzuna::API::Response::Company,Adzuna::API::Response::Location,"Montréal, Québec","['Canada', 'Québec', 'Montréal']",,permanent,10000.0,
https://www.adzuna.ca/details/5833098339?utm_medium=api&utm_source=e90db681,-73.588138,eyJhbGciOiJIUzI1NiJ9.eyJpIjoiNTgzMzA5ODMzOSIsInMiOiJRaldxZ2J1VThSRzlrczIzam5sbnNBIn0.c2q-2Kka3-uqzgMy5pwQgHWUoQz2RQbux7-AADJ99iE,5833098339,"Senior Software Engineer – Core Java, Apache Spark, Python, Big Data, SQL Job Description – Core Java, Apache Spark, Python We are seeking a highly motivated and experienced Software Engineer with strong expertise in Core Java, Apache Spark, Python, SQL, and Linux to design, develop, and support scalable server-side applications and analytical data processing systems. The ideal candidate will have hands-on experience in building high-performance applications, integrating analytical platforms, a…",2026-08-08T03:26:30Z,0,"Senior Software Engineer – Core Java, Apache Spark, Python, SQL, Data Processing",45.544959,Adzuna::API::Response::Job,IT Jobs,it-jobs,Adzuna::API::Response::Category,Astra North Infoteck Inc.,Adzuna::API::Response::Company,Adzuna::API::Response::Location,"Montréal, Québec","['Canada', 'Québec', 'Montréal']",,permanent,10000.0,
https://www.adzuna.ca/details/5833098350?utm_medium=api&utm_source=e90db681,-73.588138,eyJhbGciOiJIUzI1NiJ9.eyJzIjoiUWpXcWdidVU4Ukc5a3MyM2pubG5zQSIsImkiOiI1ODMzMDk4MzUwIn0.eLjprTVyvVLpXMKaLJGX4VoxZtONJpvbEzFf8bBaV-A,5833098350,"Power Platform & GenAI Developer – Power Apps, Power Automate, Copilot, LLMs, AI Integration We are seeking a highly skilled Power Platform & GenAI Developer with hands-on experience in Microsoft Power Apps, Power Automate, Copilot, Large Language Models (LLMs), and database integrations. The ideal candidate will be responsible for building intelligent business applications, automating workflows, developing AI-powered solutions, and integrating enterprise systems through APIs and databases. Key…",2026-08-08T03:26:30Z,0,"Power Platform & GenAI Developer – Microsoft Power Apps, Power Automate, Copilot, AI/LLM",45.544959,Adzuna::API::Response::Job,IT Jobs,it-jobs,Adzuna::API::Response::Category,Astra North Infoteck Inc.,Adzuna::API::Response::Company,Adzuna::API::Response::Location,"Montréal, Québec","['Canada', 'Québec', 'Montréal']",,permanent,10000.0,
https://www.adzuna.ca/details/5833098345?utm_medium=api&utm_source=e90db681,-73.588138,eyJhbGciOiJIUzI1NiJ9.eyJzIjoiUWpXcWdidVU4Ukc5a3MyM2pubG5zQSIsImkiOiI1ODMzMDk4MzQ1In0.TF6ZkxXxgqo7_6VV3j25Bu8awDDm_Ot_Hbw-p3Ci1aE,5833098345,"Senior Java Backend Developer – Core Java, Distributed Systems, Agentic AI • Strong expertise in Core Java development, with a proven track record of building production-grade backend systems • Experience designing and building large-scale, distributed systems • Solid understanding of data structures, algorithms, and software design patterns • Strong working knowledge of Linux/Unix environments and scripting • Experience with relational and document-oriented databases • Typically 5 years of exp…",2026-08-08T03:26:30Z,0,"Senior Java Backend Developer – Java, Distributed Systems, Agentic AI",45.544959,Adzuna::API::Response::Job,IT Jobs,it-jobs,Adzuna::API::Response::Category,Astra North Infoteck Inc.,Adzuna::API::Response::Company,Adzuna::API::Response::Location,"Montréal, Québec","['Canada', 'Québec', 'Montréal']",,permanent,10000.0,
https://www.adzuna.ca/details/5833098320?utm_medium=api&utm_source=e90db681,-73.588138,eyJhbGciOiJIUzI1NiJ9.eyJpIjoiNTgzMzA5ODMyMCIsInMiOiJRaldxZ2J1VThSRzlrczIzam5sbnNBIn0.2T5SbBH5S91fms0fF495rqr0MlRq6mG3y3kvwKyOpcE,5833098320,"Data & AI Engineer – Snowflake, Python, SQL, Cloud, Generative AI Job Description: Role: Data & AI Engineer / Developer We are seeking a highly skilled Data & AI Engineer with expertise in Snowflake, SQL, Python, Cloud Technologies, and AI-powered development tools. The ideal candidate will have hands-on experience designing and implementing scalable data solutions, developing data pipelines, and leveraging modern AI platforms such as Claude and Microsoft Copilot to enhance productivity, automa…",2026-08-08T03:26:30Z,0,"Data & AI Engineer – Snowflake, SQL, Python, Cloud, Generative AI",45.544959,Adzuna::API::Response::Job,IT Jobs,it-jobs,Adzuna::API::Response::Category,Astra North Infoteck Inc.,Adzuna::API::Response::Company,Adzuna::API::Response::Location,"Montréal, Québec","['Canada', 'Québec', 'Montréal']",,permanent,10000.0,
https://www.adzuna.ca/details/5833095346?utm_medium=api&utm_source=e90db681,-73.63272,eyJhbGciOiJIUzI1NiJ9.eyJzIjoiUWpXcWdidVU4Ukc5a3MyM2pubG5zQSIsImkiOiI1ODMzMDk1MzQ2In0.KNW1V5iKmKHOpMMeraa7LXz87rcjZP5HYbDm-32MhDQ,5833095346,"This is a remote position. Pourquoi ce rôle, pourquoi maintenant Fondée à Montréal en 2019, INNOOVA est une firme-conseil spécialisée en transformation RH et financière, et la seule partenaire Workday certifiée basée au Canada. Nous œuvrons aussi sur les plateformes Dayforce, UKG et SuccessFactors, auprès de clients dans plusieurs secteurs : santé, secteur public, finance et technologie. Chez INNOOVA, on a la rigueur d'une firme reconnue, sans la lourdeur des grandes structures corporatives. No…",2026-08-08T03:25:39Z,0,Consultant·e Workday Senior – Multi-Module,45.46183,Adzuna::API::Response::Job,IT Jobs,it-jobs,Adzuna::API::Response::Category,INNOOVA,Adzuna::API::Response::Company,Adzuna::API::Response::Location,"Montréal West, Montréal","['Canada', 'Québec', 'Montréal', 'Montréal West']",full_time,permanent,,
https://www.adzuna.ca/details/5833095338?utm_medium=api&utm_source=e90db681,-73.503077,eyJhbGciOiJIUzI1NiJ9.eyJpIjoiNTgzMzA5NTMzOCIsInMiOiJRaldxZ2J1VThSRzlrczIzam5sbnNBIn0.fVcWmFWvdpL9sfRQrdcJyiwbjYZOdh_dAPKGIHbLQFQ,5833095338,"The client envisions an experienced Scrum Master, comfortable working on large-scale projects, whose core competencies lie in two key areas: operational mastery of Jira and rigorous facilitation of Agile ceremonies. The description repeatedly emphasizes Jira (team leader, KPI tracking, quality control of the product and sprint backlogs), indicating a profile that uses the tool daily, not just facilitates discussions. The focus on consistency between the sprint and product backlogs and on qualit…",2026-08-08T03:25:39Z,0,Scrum Master,45.640175,Adzuna::API::Response::Job,IT Jobs,it-jobs,Adzuna::API::Response::Category,Maarut,Adzuna::API::Response::Company,Adzuna::API::Response::Location,"Montréal East, Montréal","['Canada', 'Québec', 'Montréal', 'Montréal East']",,contract,208000.0,208000.0
https://www.adzuna.ca/details/5833095311?utm_medium=api&utm_source=e90db681,-73.57193,eyJhbGciOiJIUzI1NiJ9.eyJzIjoiUWpXcWdidVU4Ukc5a3MyM2pubG5zQSIsImkiOiI1ODMzMDk1MzExIn0.CPCqz4NopqDkiW7OssKf3Rbg9jscmuaY439CruJSiKA,5833095311,"This is a remote position. Why this role, why now INNOOVA is a Montreal-based boutique consulting firm, founded in 2019, and a certified Workday partner headquartered in Canada. We also work across Dayforce, UKG, and SuccessFactors partnering with clients across sectors including healthcare, public sector, finance, and technology. At INNOOVA, you get the rigor of a recognized firm without the weight of large corporate structures. We're growing our Workday practice and adding a permanent, senior…",2026-08-08T03:25:38Z,0,Senior Workday Consultant Multi-Module,45.50438,Adzuna::API::Response::Job,IT Jobs,it-jobs,Adzuna::API::Response::Category,INNOOVA,Adzuna::API::Response::Company,Adzuna::API::Response::Location,"Westmount, Montréal","['Canada', 'Québec', 'Montréal', 'Westmount']",,permanent,,
https://www.adzuna.ca/details/5833095321?utm_medium=api&utm_source=e90db681,-73.55332,eyJhbGciOiJIUzI1NiJ9.eyJpIjoiNTgzMzA5NTMyMSIsInMiOiJRaldxZ2J1VThSRzlrczIzam5sbnNBIn0.3p53KZiAJFOCSf0DjCLWZNm2iGbp-LpBQKB2b3MYtU8,5833095321,"L’Analyste d’Affaires IA sera responsable de transformer les besoins d’affaires en solutions d’intelligence artificielle sécurisées et conformes, au sein d’une grande organisation en pleine évolution numérique. PLUS PRÉCISÉMENT • Analyser les besoins d’affaires directement avec les équipes concernées • Concevoir et déployer des solutions IA (LLM, RAG, agents) sécurisées • Piloter la feuille de route des initiatives IA (priorisation, coûts, échéanciers) • Assurer la gouvernance, la conformité et…",2026-08-08T03:25:38Z,0,Analyste d’Affaires IA,45.5099,Adzuna::API::Response::Job,IT Jobs,it-jobs,Adzuna::API::Response::Category,DELAN,Adzuna::API::Response::Company,Adzuna::API::Response::Location,"Westmount, Montréal","['Canada', 'Québec', 'Montréal', 'Westmount']",,permanent,,
https://www.adzuna.ca/details/5833095329?utm_medium=api&utm_source=e90db681,-73.878215,eyJhbGciOiJIUzI1NiJ9.eyJpIjoiNTgzMzA5NTMyOSIsInMiOiJRaldxZ2J1VThSRzlrczIzam5sbnNBIn0.hXGqyJNr6ilyVaNKRjYVW1zLk3m_youlZuSTx7rapoY,5833095329,"Développeur(se) IA This role requires a strong knowledge of French. Nous sommes présentement à la recherche d’un(e) Développeur(se) IA pour se joindre à l’équipe IA & Power Platform et contribuer à notre mission . Devenez la face concrète de l’innovation chez Solulan! Depuis 1999, Solulan accompagne les organisations dans leur transformation numérique en offrant des services de consultation, d’intégration et de support pour des solutions TI novatrices. Nous sommes fiers de contribuer au succès …",2026-08-08T03:25:38Z,0,Développeur(se) IA,45.675208,Adzuna::API::Response::Job,IT Jobs,it-jobs,Adzuna::API::Response::Category,Solulan,Adzuna::API::Response::Company,Adzuna::API::Response::Location,"Blainville, Thérèse-De Blainville","['Canada', 'Québec', 'Laurentides', 'Thérèse-De Blainville', 'Blainville']",,permanent,,
https://www.adzuna.ca/land/ad/5832823064?se=QjWqgbuU8RG9ks23jnlnsA&utm_medium=api&utm_source=e90db681&v=AEC21F3D057B89C2641DA10B553B7A5BFF06FD19,-73.588138,eyJhbGciOiJIUzI1NiJ9.eyJpIjoiNTgzMjgyMzA2NCIsInMiOiJRaldxZ2J1VThSRzlrczIzam5sbnNBIn0.YGH-51MadnnI47ZIjoOb_Kho2oKzRosJoliZ0kCHXZo,5832823064,"Une carrière en tant qu’analyste principale ou analyste principal d’affaires dans l’équipe évolution finances, à la Banque Nationale, c’est agir en tant qu’agent de liaison entre les équipes d’affaires et les équipes de livraison. Tu agis en mode agile et tu es membre d’une escouade qui gère et livre des projets d’affaires et technologiques pour différents secteurs. Ce rôle te permet d’avoir un impact positif sur notre organisation, grâce à tes compétences en analyse d’affaires, ce qui contribu…",2026-08-07T22:20:21Z,0,Analyste principal d'affaires,45.544959,Adzuna::API::Response::Job,IT Jobs,it-jobs,Adzuna::API::Response::Category,Banque Nationale,Adzuna::API::Response::Company,Adzuna::API::Response::Location,"Montréal, Québec","['Canada', 'Québec', 'Montréal']",full_time,,,
https://www.adzuna.ca/land/ad/5832821819?se=QjWqgbuU8RG9ks23jnlnsA&utm_medium=api&utm_source=e90db681&v=BD135148D4FBA3DDE3AA2DC16ADF66118F60358A,-73.443048,eyJhbGciOiJIUzI1NiJ9.eyJzIjoiUWpXcWdidVU4Ukc5a3MyM2pubG5zQSIsImkiOiI1ODMyODIxODE5In0.-wnf88AwyoMQ9N7Rdf-E3uC9Nu_bYAwuSujjaFIqSEc,5832821819,"Our Hybrid Workplace Policy establishes that associates need to have a reliable transportation to and from our corporate head office located in Boucherville (Quebec), to come to the office on a regular basis. We require all our head office associates to be proficient in French, spoken and written. 3 days office / 2 days remote At RONA, our employees let their passion blossom every day. Our teams are driven by the desire to help people bring their projects to life and are committed to making a d…",2026-08-07T22:19:33Z,0,"Manager, Pro In-Store Program Development (Hybrid - Boucherville)",45.60017,Adzuna::API::Response::Job,IT Jobs,it-jobs,Adzuna::API::Response::Category,RONA,Adzuna::API::Response::Company,Adzuna::API::Response::Location,"Boucherville, Champlain","['Canada', 'Québec', 'Montérégie', 'Champlain', 'Boucherville']",full_time,,,
https://www.adzuna.ca/details/5832789815?utm_medium=api&utm_source=e90db681,-73.588138,eyJhbGciOiJIUzI1NiJ9.eyJpIjoiNTgzMjc4OTgxNSIsInMiOiJRaldxZ2J1VThSRzlrczIzam5sbnNBIn0.4fEq0Y2WYayQ916kK5G2cMIXsk1V7n8nYufnqVFteIs,5832789815,"Job Description As a Senior Prompt Designer, you will play a defining role in shaping the quality, reliability, and evolution of MEDFAR's generative AI features — most notably CoeurWay , our AI-powered clinical scribe, and emerging AI capabilities within MYLE EMR. Reporting to the Director of UX, you will sit at the intersection of product, clinical quality, and AI craft, working closely with product designers, developers, QA, and client-facing teams to ensure that every AI-generated output mee…",2026-08-07T21:50:58Z,0,Generative AI (GenAI) | Prompt Engineer,45.544959,Adzuna::API::Response::Job,IT Jobs,it-jobs,Adzuna::API::Response::Category,Medfar,Adzuna::API::Response::Company,Adzuna::API::Response::Location,"Montréal, Québec","['Canada', 'Québec', 'Montréal']",,,,
https://www.adzuna.ca/details/5832789804?utm_medium=api&utm_source=e90db681,-73.588138,eyJhbGciOiJIUzI1NiJ9.eyJpIjoiNTgzMjc4OTgwNCIsInMiOiJRaldxZ2J1VThSRzlrczIzam5sbnNBIn0.j63-LIl3uccqfSy26_MW-qvQxHCqK0q3wTlMUE-9qKs,5832789804,"Job Description As a Mobile Software Developer II, you'll be part of MEDFAR's mobile team, building and evolving cross-platform applications across iOS, Android, and web that bring our healthcare platform to clinicians and their patients. Using React Native, you'll help deliver intuitive, reliable mobile experiences that support real-world clinical workflows. You'll contribute to the design, implementation, and deployment of new features while continuing to sharpen your craft alongside experien…",2026-08-07T21:50:58Z,0,React Native - Mobile Software Developer (SaaS Healthcare),45.544959,Adzuna::API::Response::Job,IT Jobs,it-jobs,Adzuna::API::Response::Category,Medfar,Adzuna::API::Response::Company,Adzuna::API::Response::Location,"Montréal, Québec","['Canada', 'Québec', 'Montréal']",,,,
https://www.adzuna.ca/details/5832789644?utm_medium=api&utm_source=e90db681,-73.443048,eyJhbGciOiJIUzI1NiJ9.eyJzIjoiUWpXcWdidVU4Ukc5a3MyM2pubG5zQSIsImkiOiI1ODMyNzg5NjQ0In0.M6eGeWo1Gaw-w44UB4KxGATrVT-5AUuamjEWdx7rvD0,5832789644,"Description du poste Responsabilités : Contribuer à la conception, au développement, à l’évolution et à la maintenance de nos applications distribuées et de nos systèmes legacy; Développer des API, micro-services et applications symbiotiques connectés à Microsoft Dynamics 365; Partager vos idées quant à l’architecture et aux choix technologies à adopter; Assurer la qualité du code livré par des test et des révisions de code; Produire de la documentation pertinente aux différentes applications; …",2026-08-07T21:50:58Z,0,Développeur Full Stack,45.60017,Adzuna::API::Response::Job,IT Jobs,it-jobs,Adzuna::API::Response::Category,Unimax,Adzuna::API::Response::Company,Adzuna::API::Response::Location,"Boucherville, Champlain","['Canada', 'Québec', 'Montérégie', 'Champlain', 'Boucherville']",,,,
https://www.adzuna.ca/details/5832789818?utm_medium=api&utm_source=e90db681,-73.588138,eyJhbGciOiJIUzI1NiJ9.eyJzIjoiUWpXcWdidVU4Ukc5a3MyM2pubG5zQSIsImkiOiI1ODMyNzg5ODE4In0.xNie9N6JaGAUCOp3uiJJzTRtFBgaQd_bdv9npdQ8KoQ,5832789818,"Job Description As a Senior Prompt Designer, you will play a defining role in shaping the quality, reliability, and evolution of MEDFAR's generative AI features — most notably CoeurWay , our AI-powered clinical scribe, and emerging AI capabilities within MYLE EMR. Reporting to the Director of UX, you will sit at the intersection of product, clinical quality, and AI craft, working closely with product designers, developers, QA, and client-facing teams to ensure that every AI-generated output mee…",2026-08-07T21:50:58Z,0,Senior Prompt Engineer (AI Clinical Products),45.544959,Adzuna::API::Response::Job,IT Jobs,it-jobs,Adzuna::API::Response::Category,Medfar,Adzuna::API::Response::Company,Adzuna::API::Response::Location,"Montréal, Québec","['Canada', 'Québec', 'Montréal']",,,,
https://www.adzuna.ca/details/5832789813?utm_medium=api&utm_source=e90db681,-73.588138,eyJhbGciOiJIUzI1NiJ9.eyJzIjoiUWpXcWdidVU4Ukc5a3MyM2pubG5zQSIsImkiOiI1ODMyNzg5ODEzIn0.X11aahNskJn8sgDyXAYsQxLW4IXRwudZhB_iJ9W-454,5832789813,"Job Description The Senior Engineering Manager, Platform Engineering owns the health, output, and growth of MEDFAR’s foundational technical functions: Cloud Engineering, Core Architecture. This is a high-impact leadership role responsible for the organization and management of technical teams working to scale reliable, maintainable systems. You will bridge the gap between platform strategy and technical execution, ensuring product teams can move faster through reusable capabilities and robust o…",2026-08-07T21:50:58Z,0,Senior Software Engineering Manager (SaaS Healthcare),45.544959,Adzuna::API::Response::Job,IT Jobs,it-jobs,Adzuna::API::Response::Category,Medfar,Adzuna::API::Response::Company,Adzuna::API::Response::Location,"Montréal, Québec","['Canada', 'Québec', 'Montréal']",,,,
https://www.adzuna.ca/details/5832789802?utm_medium=api&utm_source=e90db681,-73.588138,eyJhbGciOiJIUzI1NiJ9.eyJzIjoiUWpXcWdidVU4Ukc5a3MyM2pubG5zQSIsImkiOiI1ODMyNzg5ODAyIn0.vbgI9qvCephqtDA1hALrsROC5ZSVZxWE0FKzqSnlAWw,5832789802,"Job Description In your role of Senior DevOps Specialist, you will play a key role within the engineering organization and collaborate closely with architecture, product-aligned teams, and software developers. You will be responsible for designing, implementing, and evolving secure, scalable, and reliable cloud infrastructure and platform capabilities that enable product teams to deliver efficiently and autonomously. With a strong hands-on approach, you will contribute to the maturity of our Az…",2026-08-07T21:50:58Z,0,Senior DevOps Specialist (SaaS Healthcare),45.544959,Adzuna::API::Response::Job,IT Jobs,it-jobs,Adzuna::API::Response::Category,Medfar,Adzuna::API::Response::Company,Adzuna::API::Response::Location,"Montréal, Québec","['Canada', 'Québec', 'Montréal']",,,,
https://www.adzuna.ca/details/5832789781?utm_medium=api&utm_source=e90db681,-73.430404,eyJhbGciOiJIUzI1NiJ9.eyJpIjoiNTgzMjc4OTc4MSIsInMiOiJRaldxZ2J1VThSRzlrczIzam5sbnNBIn0.Lv8pcdbTpizNU8FkqF0uKxxR9_2dufM2fVszG32kd7I,5832789781,"Job Description Is this the right fit? Worth being upfront about how we work: We're looking for someone still close to the technology. You'll spend most of your time leading, but you should be able to get into the details with your team and know what you're looking at. Not everything here is documented. Some of our processes are mature, some aren't. You'll be improving both, and that requires comfort with a certain amount of ambiguity. We value decisions over consensus-building. You'll have the…",2026-08-07T21:50:58Z,0,IT Manager,45.490563,Adzuna::API::Response::Job,IT Jobs,it-jobs,Adzuna::API::Response::Category,Techo-Bloc,Adzuna::API::Response::Company,Adzuna::API::Response::Location,"Saint-Hubert, Champlain","['Canada', 'Québec', 'Montérégie', 'Champlain', 'Saint-Hubert']",,,,
https://www.adzuna.ca/details/5832789727?utm_medium=api&utm_source=e90db681,-73.588138,eyJhbGciOiJIUzI1NiJ9.eyJzIjoiUWpXcWdidVU4Ukc5a3MyM2pubG5zQSIsImkiOiI1ODMyNzg5NzI3In0.-pD-Y0F4LIPKW4wWEJDacTqmr_K-m7SBJ5UlCKX0zjw,5832789727,"Job Description Build Enterprise AI Solutions That Make an Impact! We're looking for a Senior AI Developer, Agentic AI to design, build, and operate production-grade AI solutions that accelerate productivity, innovation, and decision-making across CIMA. As part of our growing AI team, you'll develop intelligent agents, generative AI applications, and AI-powered automations that solve real business challenges. Working closely with the AI Team Lead, AI Enablement team, business stakeholders, and …",2026-08-07T21:50:58Z,0,"Senior AI Developer, Agentic AI",45.544959,Adzuna::API::Response::Job,IT Jobs,it-jobs,Adzuna::API::Response::Category,CIMA+,Adzuna::API::Response::Company,Adzuna::API::Response::Location,"Montréal, Québec","['Canada', 'Québec', 'Montréal']",,,,
https://www.adzuna.ca/details/5832789648?utm_medium=api&utm_source=e90db681,-73.443048,eyJhbGciOiJIUzI1NiJ9.eyJpIjoiNTgzMjc4OTY0OCIsInMiOiJRaldxZ2J1VThSRzlrczIzam5sbnNBIn0.a9bLLNAb0QSd_xygPG71qmzoppePF49bPVwOILxdO8I,5832789648,"Job Description Responsabilities: Contribute to the design, development, evolution, and maintenance of our distributed applications and legacy systems; Develop APIs, microservices, and integrated applications connected to Microsoft Dynamics 365; Share ideas regarding architecture and technology choices; Ensure the quality of delivered code through testing and code reviews; Produce relevant documentation for various applications; Provide application support to users.",2026-08-07T21:50:58Z,0,Full Stack Developer,45.60017,Adzuna::API::Response::Job,IT Jobs,it-jobs,Adzuna::API::Response::Category,Unimax,Adzuna::API::Response::Company,Adzuna::API::Response::Location,"Boucherville, Champlain","['Canada', 'Québec', 'Montérégie', 'Champlain', 'Boucherville']",,,,
https://www.adzuna.ca/details/5832789805?utm_medium=api&utm_source=e90db681,-73.588138,eyJhbGciOiJIUzI1NiJ9.eyJzIjoiUWpXcWdidVU4Ukc5a3MyM2pubG5zQSIsImkiOiI1ODMyNzg5ODA1In0.ixMjyLq_4VnocpsnBnAthk0HrT2Ez-N033AAO5Oto9M,5832789805,"Job Description As a Senior Software Developer - Healthcare systems integration profile, you will be a key member of our interoperability team and will work to design, implement, and maintain system integrations that will enrich the ecosystem surrounding our flagship product, the MYLE electronic medical record. What you'll do: Design and implementation of integration solutions : Develop and implement robust integration solutions using HL7, FHIR, and custom APIs to connect various healthcare sys…",2026-08-07T21:50:58Z,0,"Senior Software Developer - Health Systems Integration (HL7, FHIR)",45.544959,Adzuna::API::Response::Job,IT Jobs,it-jobs,Adzuna::API::Response::Category,Medfar,Adzuna::API::Response::Company,Adzuna::API::Response::Location,"Montréal, Québec","['Canada', 'Québec', 'Montréal']",,,,
https://www.adzuna.ca/details/5832789810?utm_medium=api&utm_source=e90db681,-73.588138,eyJhbGciOiJIUzI1NiJ9.eyJpIjoiNTgzMjc4OTgxMCIsInMiOiJRaldxZ2J1VThSRzlrczIzam5sbnNBIn0.Mhds8jnDKlXScb2rzKkVyKOZt3zhHB4KuDm5wubftSk,5832789810,"Job Description As a Senior Cloud / DevOps Specialist, you take ownership of designing, implementing, and maintaining cloud infrastructure and platform solutions with a high degree of autonomy. You make independent technical decisions, ensuring systems are scalable, secure, and aligned with organizational standards and SRE goals. In this role, you lead complex projects, drive improvements in infrastructure, observability, and operational processes, and mentor team members. You collaborate with …",2026-08-07T21:50:58Z,0,Cloud Specialist,45.544959,Adzuna::API::Response::Job,IT Jobs,it-jobs,Adzuna::API::Response::Category,Medfar,Adzuna::API::Response::Company,Adzuna::API::Response::Location,"Montréal, Québec","['Canada', 'Québec', 'Montréal']",,,,
https://www.adzuna.ca/details/5832789809?utm_medium=api&utm_source=e90db681,-73.588138,eyJhbGciOiJIUzI1NiJ9.eyJzIjoiUWpXcWdidVU4Ukc5a3MyM2pubG5zQSIsImkiOiI1ODMyNzg5ODA5In0.6RAYmaKrRtGOhhUXeD05toYPXD6xc8vvHl8GomxZyCU,5832789809,"Description du poste En tant que Spécialiste senior Cloud / DevOps, tu es responsable de la conception, de la mise en place et de la maintenance des infrastructures cloud et des solutions de plateforme, avec un haut niveau d’autonomie. Tu prends des décisions techniques de manière indépendante, en veillant à ce que les systèmes soient évolutifs, sécurisés et alignés avec les standards de l’organisation ainsi qu’avec les objectifs SRE. Dans ce rôle, tu pilotes des projets complexes, contribues à…",2026-08-07T21:50:58Z,0,Spécialiste DevOps,45.544959,Adzuna::API::Response::Job,IT Jobs,it-jobs,Adzuna::API::Response::Category,Medfar,Adzuna::API::Response::Company,Adzuna::API::Response::Location,"Montréal, Québec","['Canada', 'Québec', 'Montréal']",,,,
https://www.adzuna.ca/details/5832789737?utm_medium=api&utm_source=e90db681,-73.588138,eyJhbGciOiJIUzI1NiJ9.eyJpIjoiNTgzMjc4OTczNyIsInMiOiJRaldxZ2J1VThSRzlrczIzam5sbnNBIn0.x_k7GzE3qDeeZbchSuuGi5txzDTcmd8LHbUFaugz2uk,5832789737,"Description du poste Concevoir des solutions d’IA d’entreprise qui ont un impact ! Nous recherchons un·e développeur·se IA senior, IA agentique pour concevoir, développer et exploiter des solutions d’IA prêtes pour la production, afin d’accélérer la productivité, l’innovation et la prise de décision au sein de CIMA. Au sein de notre équipe IA en pleine croissance, vous développerez des agents intelligents, des applications d’IA générative et des automatisations propulsées par l'IA afin de résou…",2026-08-07T21:50:58Z,0,Développeuse ou Développeur senior - Intelligence artificielle,45.544959,Adzuna::API::Response::Job,IT Jobs,it-jobs,Adzuna::API::Response::Category,CIMA+,Adzuna::API::Response::Company,Adzuna::API::Response::Location,"Montréal, Québec","['Canada', 'Québec', 'Montréal']",,,,
https://www.adzuna.ca/details/5832789801?utm_medium=api&utm_source=e90db681,-73.588138,eyJhbGciOiJIUzI1NiJ9.eyJzIjoiUWpXcWdidVU4Ukc5a3MyM2pubG5zQSIsImkiOiI1ODMyNzg5ODAxIn0.E5fpKmya_CLkRDue44N70_kKqnfbSCM_3dAMLizLsm8,5832789801,"Description du poste En tant que Développeur·euse logiciel sénior – profil intégration des systèmes de santé , vous jouerez un rôle clé au sein de notre équipe d’interopérabilité. Vous contribuerez à concevoir, développer et maintenir des intégrations stratégiques qui enrichissent l’écosystème entourant notre produit phare : le dossier médical électronique MYLE . Vous serez au cœur de la connectivité entre les systèmes, garantissant une circulation fluide, sécurisée et conforme des données clin…",2026-08-07T21:50:58Z,0,"Développeur·euse logiciel sénior – Intégration de systèmes en santé (HL7, FHIR)",45.544959,Adzuna::API::Response::Job,IT Jobs,it-jobs,Adzuna::API::Response::Category,Medfar,Adzuna::API::Response::Company,Adzuna::API::Response::Location,"Montréal, Québec","['Canada', 'Québec', 'Montréal']",,,,
https://www.adzuna.ca/details/5832789811?utm_medium=api&utm_source=e90db681,-73.588138,eyJhbGciOiJIUzI1NiJ9.eyJzIjoiUWpXcWdidVU4Ukc5a3MyM2pubG5zQSIsImkiOiI1ODMyNzg5ODExIn0.vLCqzLjcVhwm5pvR94SNSb9jboXNv7EAtN2puQ0qXao,5832789811,"Job Description As a Senior Cloud / DevOps Specialist, you take ownership of designing, implementing, and maintaining cloud infrastructure and platform solutions with a high degree of autonomy. You make independent technical decisions, ensuring systems are scalable, secure, and aligned with organizational standards and SRE goals. In this role, you lead complex projects, drive improvements in infrastructure, observability, and operational processes, and mentor team members. You collaborate with …",2026-08-07T21:50:58Z,0,DevOps Specialist,45.544959,Adzuna::API::Response::Job,IT Jobs,it-jobs,Adzuna::API::Response::Category,Medfar,Adzuna::API::Response::Company,Adzuna::API::Response::Location,"Montréal, Québec","['Canada', 'Québec', 'Montréal']",,,,
https://www.adzuna.ca/details/5832789777?utm_medium=api&utm_source=e90db681,-73.430404,eyJhbGciOiJIUzI1NiJ9.eyJzIjoiUWpXcWdidVU4Ukc5a3MyM2pubG5zQSIsImkiOiI1ODMyNzg5Nzc3In0.QrMAVmymXnkYdLdaCG2OgB4UnQcUnmc6__xUBN4aKoM,5832789777,"Job Description WHY WE NEED YOU Our infrastructure doesn't stand still. Servers, networks, storage, and the systems that monitor them all need someone who treats ""keeping the lights on"" as a floor, not a ceiling — someone who maintains what's there, spots what's about to break, and pushes the environment forward with the rest of the IT team. You'll work close to the ground — configuring, testing, monitoring, patching, troubleshooting — while staying connected to the bigger picture: the infrastr…",2026-08-07T21:50:58Z,0,Systems Administrator,45.490563,Adzuna::API::Response::Job,IT Jobs,it-jobs,Adzuna::API::Response::Category,Techo-Bloc,Adzuna::API::Response::Company,Adzuna::API::Response::Location,"Saint-Hubert, Champlain","['Canada', 'Québec', 'Montérégie', 'Champlain', 'Saint-Hubert']",,,,
https://www.adzuna.ca/details/5832789579?utm_medium=api&utm_source=e90db681,-73.588138,eyJhbGciOiJIUzI1NiJ9.eyJpIjoiNTgzMjc4OTU3OSIsInMiOiJRaldxZ2J1VThSRzlrczIzam5sbnNBIn0.LRo6NT2zM7GmNdTiy4R13WFIF-MQOjfUukCmwaji-x8,5832789579,"Job Description Contract 6-months At PENN., a fashion-driven brand rooted in inclusivity, we create, inspire, and connect with a vibrant community. If you’re looking for a role where you can create content, be out in the field, grow a community, and help amplify an inclusive brand, you’ll feel right at home here. You’ll have the freedom to bring forward ideas, test, innovate, and most importantly, see the impact of your work firsthand. Responsibilities Content Creation & Execution • Create enga…",2026-08-07T21:50:57Z,0,Marketing Coordinator,45.544959,Adzuna::API::Response::Job,IT Jobs,it-jobs,Adzuna::API::Response::Category,PENN.,Adzuna::API::Response::Company,Adzuna::API::Response::Location,"Montréal, Québec","['Canada', 'Québec', 'Montréal']",,,,
https://www.adzuna.ca/details/5832760010?utm_medium=api&utm_source=e90db681,-73.588138,eyJhbGciOiJIUzI1NiJ9.eyJzIjoiUWpXcWdidVU4Ukc5a3MyM2pubG5zQSIsImkiOiI1ODMyNzYwMDEwIn0.4x6HGKOkBNu9_2YHMIuOurTATgwPQrjyQdh0s04kVvY,5832760010,"Sleep Country Canada is looking for a Delivery Manager, Digital & Data to play a critical role in driving the successful end-to-end delivery of digital and data initiatives. This role ensures projects are completed on time, manages dependencies and risks, and coordinates cross-functional teams to deliver efficient, high-quality outcomes across multiple workstreams. In this current open role you will: Own and drive end-to-end delivery execution across digital and data initiatives, ensuring commi…",2026-08-07T21:20:53Z,0,"Manager, Delivery - Digital & Data",45.544959,Adzuna::API::Response::Job,IT Jobs,it-jobs,Adzuna::API::Response::Category,Sleep Country,Adzuna::API::Response::Company,Adzuna::API::Response::Location,"Montréal, Québec","['Canada', 'Québec', 'Montréal']",full_time,permanent,105000.0,130000.0
https://www.adzuna.ca/details/5832703870?utm_medium=api&utm_source=e90db681,-73.5712,eyJhbGciOiJIUzI1NiJ9.eyJzIjoiUWpXcWdidVU4Ukc5a3MyM2pubG5zQSIsImkiOiI1ODMyNzAzODcwIn0.YQOGYu6DxjLEQiN85jUfqcDQPauBIMmnxaA2X9q9uac,5832703870,"Notre client, un leader dans le domaine de la fiscalité d'entreprise, recherche un(e) Directeur(trice) en Fiscalité pour rejoindre leur équipe dynamique. En tant que Directeur(trice) principal(e) en Fiscalité, vous ferez partie du département fiscalité, soutenant une équipe engagée. Le candidat idéal possède des compétences en leadership, en gestion de projet et en communication, qui s'harmoniseront avec la culture de l'organisation. Intitulé du poste : Directeur en Fiscalité Lieu : Montreal, Q…",2026-08-07T20:07:54Z,0,Directeur en Fiscalité,45.50434,Adzuna::API::Response::Job,IT Jobs,it-jobs,Adzuna::API::Response::Category,Manpower,Adzuna::API::Response::Company,Adzuna::API::Response::Location,"Westmount, Montréal","['Canada', 'Québec', 'Montréal', 'Westmount']",full_time,permanent,,
https://www.adzuna.ca/details/5832703881?utm_medium=api&utm_source=e90db681,-73.72601,eyJhbGciOiJIUzI1NiJ9.eyJzIjoiUWpXcWdidVU4Ukc5a3MyM2pubG5zQSIsImkiOiI1ODMyNzAzODgxIn0.LrTBpybW4xKlN7sn9AbHvQU7GQ5l-C0xzUcbL_m9MMg,5832703881,"Notre client, un leader dans le domaine des diagnostics cliniques, recherche un Administrateur pour bilingue français pour les contrats de service afin de rejoindre leur équipe dynamique. En tant qu'Administrateur bilingue français pour les contrats de service, vous ferez partie du département Support Client, en soutenant l'équipe de gestion des contrats et du service après-vente. Le candidat idéal possède une excellente capacité de communication, une forte orientation client et une capacité à …",2026-08-07T20:07:54Z,0,"Administrateur des ententes de service, Service Contracts Administrator",45.49871,Adzuna::API::Response::Job,IT Jobs,it-jobs,Adzuna::API::Response::Category,Manpower,Adzuna::API::Response::Company,Adzuna::API::Response::Location,"Saint-Laurent, Montréal","['Canada', 'Québec', 'Montréal', 'Saint-Laurent']",,permanent,,
https://www.adzuna.ca/details/5832621501?utm_medium=api&utm_source=e90db681,-73.72334,eyJhbGciOiJIUzI1NiJ9.eyJpIjoiNTgzMjYyMTUwMSIsInMiOiJRaldxZ2J1VThSRzlrczIzam5sbnNBIn0.b3QFpZKjfYPgBlaFBy9LrWGu29w5npdE-K-lngPiRAg,5832621501,"Gaming Content Operations Specialist Location: Onsite - Montreal Who we are: As a Gaming Content Operations Specialist, your gaming expertise is the main engine; AI is simply the power-up. You'll play the biggest RPGs on the market, master their systems, and transform that knowledge into definitive guides. You'll leverage AI tools to automate repetitive tasks—such as formatting item tables, cleaning up raw data, and organizing layouts—so you can focus on what matters most: accurate strategy, de…",2026-08-07T19:16:00Z,0,Gaming Content Operations Specialist,45.50679,Adzuna::API::Response::Job,IT Jobs,it-jobs,Adzuna::API::Response::Category,Valnet Inc.,Adzuna::API::Response::Company,Adzuna::API::Response::Location,"Saint-Laurent, Montréal","['Canada', 'Québec', 'Montréal', 'Saint-Laurent']",,,,
https://www.adzuna.ca/details/5832621043?utm_medium=api&utm_source=e90db681,-73.588138,eyJhbGciOiJIUzI1NiJ9.eyJzIjoiUWpXcWdidVU4Ukc5a3MyM2pubG5zQSIsImkiOiI1ODMyNjIxMDQzIn0.wLosCpeLLy3Hd8D9cDKe-wwPDav2y6YUR_IF_NOd8QQ,5832621043,"We’re seeking someone to join our team as a Business Analyst to lead the definition and delivery of HR data capabilities that enable trusted workforce insights, scalable data products, and AI-supported decision making across Human Resources and the broader business. In the Human Capital Management division, we provide advice and insight to attract, retain, reward and develop a talented global workforce, giving employees the support and tools they need to succeed. This is a Director level positi…",2026-08-07T19:15:58Z,0,Business Analyst – HR Data & Intelligence – Director (Hybrid),45.544959,Adzuna::API::Response::Job,IT Jobs,it-jobs,Adzuna::API::Response::Category,Morgan Stanley,Adzuna::API::Response::Company,Adzuna::API::Response::Location,"Montréal, Québec","['Canada', 'Québec', 'Montréal']",,,,
https://www.adzuna.ca/details/5832612340?utm_medium=api&utm_source=e90db681,-73.655091,eyJhbGciOiJIUzI1NiJ9.eyJpIjoiNTgzMjYxMjM0MCIsInMiOiJRaldxZ2J1VThSRzlrczIzam5sbnNBIn0.6-htnXnA-aIujw1sziU_EcHderk3yd30vYvChy-BTSs,5832612340,"Nous cherchons des auxiliaires parentales (nounou, garde d'enfant à domicile) pouvant se déplacer sur Mascouche Central. Après partage de votre profil via notre site internet, vous pourrez être mis en contact avec les familles cherchant une garde d’enfant. Merci !",2026-08-07T19:15:19Z,0,"Cherchons nounou, garde d'enfant ou auxiliaire parentale à Mascouche Central J7L",45.740455,Adzuna::API::Response::Job,IT Jobs,it-jobs,Adzuna::API::Response::Category,topnanny.net,Adzuna::API::Response::Company,Adzuna::API::Response::Location,"Terrebonne, Les Moulins","['Canada', 'Québec', 'Lanaudière', 'Les Moulins', 'Terrebonne']",,,,
https://www.adzuna.ca/details/5832610571?utm_medium=api&utm_source=e90db681,-73.588138,eyJhbGciOiJIUzI1NiJ9.eyJpIjoiNTgzMjYxMDU3MSIsInMiOiJRaldxZ2J1VThSRzlrczIzam5sbnNBIn0.ANbTQkY7CW6jt5wCFb_-Xye3gw39GAIlH7M6roKP8uU,5832610571,"We are looking for a passionate GAME MATHEMATICIAN to join our math team. Primary Responsibilities of this position include developing math models for slot machines, producing and maintaining PAR sheets, playtesting games in development, all while maintaining a laser focus on creating the best possible player experience. Slot Math has no secrets for you. You love great Slot Games and the math models behind them. You want to help develop the highest-quality games in the industry. We Want You! Jo…",2026-08-07T19:15:09Z,0,Game Mathematician (Slot Games),45.544959,Adzuna::API::Response::Job,IT Jobs,it-jobs,Adzuna::API::Response::Category,PearFiction Studios,Adzuna::API::Response::Company,Adzuna::API::Response::Location,"Montréal, Québec","['Canada', 'Québec', 'Montréal']",,,,
https://www.adzuna.ca/details/5832338980?utm_medium=api&utm_source=e90db681,-73.55332,eyJhbGciOiJIUzI1NiJ9.eyJpIjoiNTgzMjMzODk4MCIsInMiOiJRaldxZ2J1VThSRzlrczIzam5sbnNBIn0.cJwkeFPuwNYC-9nCl9sjwhAQKWgYk54TyNVy1-cuVns,5832338980,Nous sommes présentement à la recherche d’un Conseiller en Gouvernance PMO pour un contrat d’une durée de 12 mois avec possibilité de renouvellement. MANDAT • Définir et déployer les cadres de gouvernance en gestion de projets • Accompagner les équipes dans l'adoption des processus de gestion • Contribuer à l'évolution des outils de gestion de portefeuille • Assurer le suivi des indicateurs de performance et de reddition de comptes • Travailler au cœur d'une équipe provinciale de plus de 20 per…,2026-08-07T17:27:08Z,0,Conseiller en Gourvenance PMO (contrat 12 mois),45.5099,Adzuna::API::Response::Job,IT Jobs,it-jobs,Adzuna::API::Response::Category,DELAN,Adzuna::API::Response::Company,Adzuna::API::Response::Location,"Westmount, Montréal","['Canada', 'Québec', 'Montréal', 'Westmount']",,contract,,
https://www.adzuna.ca/details/5832338971?utm_medium=api&utm_source=e90db681,-73.55332,eyJhbGciOiJIUzI1NiJ9.eyJpIjoiNTgzMjMzODk3MSIsInMiOiJRaldxZ2J1VThSRzlrczIzam5sbnNBIn0.9_T8asTAEhALEEI4YSl62sPM8Mhompsvd-lAdizLauQ,5832338971,Nous sommes présentement à la recherche d’un Analyste Télécommunications pour un contrat d’une durée de 36 mois avec possibilité de renouvellement. MANDAT • Élaborer des solutions d'infrastructures technologiques pour les clients • Agir à titre d'expert-conseil et d'intégrateur en solutions technologiques • Rédiger les définitions de mandat pour les nouveaux projets clients • Accompagner les chargés de projets dans la mise en œuvre des solutions • Maintenir à jour l'architecture de référence et…,2026-08-07T17:27:08Z,0,Analyste Télécommunications (contrat 36 mois),45.5099,Adzuna::API::Response::Job,IT Jobs,it-jobs,Adzuna::API::Response::Category,DELAN,Adzuna::API::Response::Company,Adzuna::API::Response::Location,"Westmount, Montréal","['Canada', 'Québec', 'Montréal', 'Westmount']",,contract,,
https://www.adzuna.ca/land/ad/5832297156?se=QjWqgbuU8RG9ks23jnlnsA&utm_medium=api&utm_source=e90db681&v=F40A82EEE26FEE456701E538BE9FCFD631713A68,-73.554165,eyJhbGciOiJIUzI1NiJ9.eyJzIjoiUWpXcWdidVU4Ukc5a3MyM2pubG5zQSIsImkiOiI1ODMyMjk3MTU2In0.GqRwAca7UMBMCcdiYCwkHn0R6YiymtZS5AuFU88wC5o,5832297156,"At GCM Consultants, you CHOOSE ! Remote, hybrid or office? Achieve as a team We work together as a team, with generosity and pleasure, to achieve continuous improvement. Why choose GCM Consultants? Teleworking possible Flexible working hours Floating days offered upon hiring for personal reasons or illness, and redeemable if not used Employee Assistance Program (EAP) Telemedicine Flexible support program (for sports activities, professional dues, home internet, etc.) Deferred profit-sharing pro…",2026-08-07T16:19:25Z,0,Accounting Technician – Billing (telework possible),45.660741,Adzuna::API::Response::Job,IT Jobs,it-jobs,Adzuna::API::Response::Category,GCM Consultants inc.,Adzuna::API::Response::Company,Adzuna::API::Response::Location,"Anjou, Montréal","['Canada', 'Québec', 'Montréal', 'Anjou']",full_time,permanent,,
https://www.adzuna.ca/land/ad/5832297154?se=QjWqgbuU8RG9ks23jnlnsA&utm_medium=api&utm_source=e90db681&v=14FBC139B7B8980FFB62818862F2CFEFA1DD65C5,-73.424798,eyJhbGciOiJIUzI1NiJ9.eyJzIjoiUWpXcWdidVU4Ukc5a3MyM2pubG5zQSIsImkiOiI1ODMyMjk3MTU0In0.gdAeSJQzwFz8OzIZ-c9HGJJtLJZB7ileEkckTxf-4Vg,5832297154,"At GCM Consultants, you CHOOSE ! Remote, hybrid or office? Achieve as a team We work together as a team, with generosity and pleasure, to achieve continuous improvement. Why choose GCM Consultants? Teleworking possible Flexible working hours Floating days offered upon hiring for personal reasons or illness, and redeemable if not used Employee Assistance Program (EAP) Telemedicine Flexible support program (for sports activities, professional dues, home internet, etc.) Deferred profit-sharing pro…",2026-08-07T16:19:25Z,0,Accounting Technician – Billing (telework possible),45.676171,Adzuna::API::Response::Job,IT Jobs,it-jobs,Adzuna::API::Response::Category,GCM Consultants inc.,Adzuna::API::Response::Company,Adzuna::API::Response::Location,"Varennes, Lajemmerais","['Canada', 'Québec', 'Montérégie', 'Lajemmerais', 'Varennes']",full_time,permanent,,
https://www.adzuna.ca/land/ad/5832297128?se=QjWqgbuU8RG9ks23jnlnsA&utm_medium=api&utm_source=e90db681&v=7923CD81847F4D9F4EE6641ADA197EE8221335B7,-72.802242,eyJhbGciOiJIUzI1NiJ9.eyJpIjoiNTgzMjI5NzEyOCIsInMiOiJRaldxZ2J1VThSRzlrczIzam5sbnNBIn0.m6iPVr69CEnISNbMyd_w22mniNTSZvUEIYn2fHQDGyk,5832297128,"Ce que nous offrons Équilibre et flexibilité: Profitez d’un horaire de 35 heures par semaine, d’un mode hybride et d’un horaire d’été pour une vraie conciliation travail‑vie personnelle. Des avantages compétitifs: Bénéficiez d’un programme d’assurances collectives complet dès votre embauche, incluant l’accès à la télémédecine ainsi qu’à un programme d’aide aux employés. Une sécurité financière : Accédez à un régime de retraite à prestation déterminée, conçu pour vous offrir une tranquillité d’e…",2026-08-07T16:19:24Z,0,Développeur full-stack IA ou Développeuse full-stack IA,45.671171,Adzuna::API::Response::Job,IT Jobs,it-jobs,Adzuna::API::Response::Category,Humania Assurance inc.,Adzuna::API::Response::Company,Adzuna::API::Response::Location,"Saint-Liboire, Les Maskoutains","['Canada', 'Québec', 'Montérégie', 'Les Maskoutains', 'Saint-Liboire']",full_time,,,
https://www.adzuna.ca/details/5832275182?utm_medium=api&utm_source=e90db681,-73.588138,eyJhbGciOiJIUzI1NiJ9.eyJpIjoiNTgzMjI3NTE4MiIsInMiOiJRaldxZ2J1VThSRzlrczIzam5sbnNBIn0.CkR2LSp_Y0usecKTvv_fW07KHxYflXiJOkhgARbs3rY,5832275182,"We are looking for an experienced UI/UX Specialist with strong user experience design and research skills. The ideal candidate will be able to turn user insights into intuitive designs and collaborate effectively with cross-functional teams. What you'll do Conduct user research to understand user needs and behaviours Create wireframes, prototypes, and user flows Translate user insights into practical design solutions Collaborate with product managers, developers, and stakeholders Iterate design…",2026-08-07T14:02:41Z,0,UI/UX Specialist,45.544959,Adzuna::API::Response::Job,IT Jobs,it-jobs,Adzuna::API::Response::Category,J M Group Inc,Adzuna::API::Response::Company,Adzuna::API::Response::Location,"Montréal, Québec","['Canada', 'Québec', 'Montréal']",,,,
https://www.adzuna.ca/details/5832275141?utm_medium=api&utm_source=e90db681,-73.588138,eyJhbGciOiJIUzI1NiJ9.eyJpIjoiNTgzMjI3NTE0MSIsInMiOiJRaldxZ2J1VThSRzlrczIzam5sbnNBIn0.MRGgNn9WB6DOkEcqDVlw8t8kXTpj-b0eubiORY7SrFU,5832275141,"Job Overview: Requirement/Must Have: 7 years of hands-on experience in building large-scale distributed systems using agile methodologies. Strong expertise in Core Java, Spring Framework (Spring Boot), and Apache Spark. Solid understanding of microservices architecture, system design, scalability, resiliency, and security. Experience designing RESTful APIs, messaging systems, and middleware solutions. Proficiency in database design (relational and NoSQL). Knowledge of DevOps practices and tools…",2026-08-07T14:02:36Z,0,Java Full Stack Developer,45.544959,Adzuna::API::Response::Job,IT Jobs,it-jobs,Adzuna::API::Response::Category,CYNET SYSTEMS,Adzuna::API::Response::Company,Adzuna::API::Response::Location,"Montréal, Québec","['Canada', 'Québec', 'Montréal']",,,114400.0,114400.0
https://www.adzuna.ca/details/5832275097?utm_medium=api&utm_source=e90db681,-73.588138,eyJhbGciOiJIUzI1NiJ9.eyJzIjoiUWpXcWdidVU4Ukc5a3MyM2pubG5zQSIsImkiOiI1ODMyMjc1MDk3In0.sBWb7Mtp8Wzcs-NCDwEwGS7U4tiJ2Cza9FNUmHhZPPg,5832275097,"Job Overview: Requirement/Must Have: 10 years in software engineering, with 4 years in a delivery/project management role. Bachelor's or Master's degree in Computer Science, Engineering, or a related field. PMP, CSM (Certified Scrum Master), or PMI-ACP is good to have. Responsibilities: Own end-to-end delivery of complex, full-stack software products from inception to deployment. Manage project timelines, scope, resource allocation, budgets, and risk mitigation strategies. Enforce Agile practic…",2026-08-07T14:02:33Z,0,Java Delivery Manager,45.544959,Adzuna::API::Response::Job,IT Jobs,it-jobs,Adzuna::API::Response::Category,CYNET SYSTEMS,Adzuna::API::Response::Company,Adzuna::API::Response::Location,"Montréal, Québec","['Canada', 'Québec', 'Montréal']",,,114400.0,114400.0
https://www.adzuna.ca/land/ad/5832244146?se=QjWqgbuU8RG9ks23jnlnsA&utm_medium=api&utm_source=e90db681&v=35E08C45C61405356889EDDF963109F9BB87C23C,-73.53546,eyJhbGciOiJIUzI1NiJ9.eyJzIjoiUWpXcWdidVU4Ukc5a3MyM2pubG5zQSIsImkiOiI1ODMyMjQ0MTQ2In0.TYnNsjeWj23SNe7Niqy22P8OjDOzInfnoEs4T3zzx8o,5832244146,"Bonjour ! Je suis Angela, Conseillère en recrutement pour l’agence de placement Fed Supply, spécialiste par excellence dans les domaines de la chaîne d'approvisionnement, de la logistique, du transport, et du service client - proposant des emplois temporaires et permanents sur la Grande Région de Montréal. Mission Sommaire du poste Notre client, une entreprise manufacturière en forte croissance spécialisée dans la réalisation de projets techniques sur mesure, recherche un Acheteur tactique / op…",2026-08-07T13:26:36Z,0,Acheteur(trice) tactique / opérationnel(le),45.574562,Adzuna::API::Response::Job,IT Jobs,it-jobs,Adzuna::API::Response::Category,Fed Supply,Adzuna::API::Response::Company,Adzuna::API::Response::Location,"Anjou, Montréal","['Canada', 'Québec', 'Montréal', 'Anjou']",,permanent,,
https://www.adzuna.ca/land/ad/5832237002?se=QjWqgbuU8RG9ks23jnlnsA&utm_medium=api&utm_source=e90db681&v=141781EA7DD80585D5FBD1258BAAF777B4E05780,-73.671912,eyJhbGciOiJIUzI1NiJ9.eyJpIjoiNTgzMjIzNzAwMiIsInMiOiJRaldxZ2J1VThSRzlrczIzam5sbnNBIn0.wmNPwFodZx_fqxaZ6hu8xHTURDiiZ6Ybao7ij1JGX_o,5832237002,"Faites évoluer une plateforme au cœur de notre entreprise Nous sommes à la recherche d'un développeur Full Stack qui souhaite participer activement à la conception et au développement de notre plateforme de gestion ainsi qu'à nos sites Web. Notre plateforme sera utilisée quotidiennement tant par nos équipes internes que par nos clients. Plus qu'un simple développeur, nous recherchons une personne qui désire contribuer aux décisions techniques, proposer des idées et participer à l'évolution de l…",2026-08-07T13:23:13Z,0,Développeur Full Stack,45.597185,Adzuna::API::Response::Job,IT Jobs,it-jobs,Adzuna::API::Response::Category,Zone Technologie Électronique inc.,Adzuna::API::Response::Company,Adzuna::API::Response::Location,"Montréal North, Montréal","['Canada', 'Québec', 'Montréal', 'Montréal North']",full_time,,,
https://www.adzuna.ca/details/5832226488?utm_medium=api&utm_source=e90db681,-73.588138,eyJhbGciOiJIUzI1NiJ9.eyJzIjoiUWpXcWdidVU4Ukc5a3MyM2pubG5zQSIsImkiOiI1ODMyMjI2NDg4In0.P2hKKvrRIszG9gT2F07p7fnflHArXDhLXuWtzAZrjrM,5832226488,"We're currently hiring for an HR & Systems Coordinator to join the Edelweiss Software Group! About Us: Edelweiss Software Group is an operating group of Valsoft Corporation that acquires and grows mission-critical vertical market software companies. With a long-term, buy-and-hold approach, Edelweiss provides its businesses with the strategic guidance, investment, and operational resources they need to thrive—while preserving the unique brands, cultures, and customer relationships that make them…",2026-08-07T13:16:43Z,0,HR & Systems Administrator,45.544959,Adzuna::API::Response::Job,IT Jobs,it-jobs,Adzuna::API::Response::Category,Valsoft Corporation,Adzuna::API::Response::Company,Adzuna::API::Response::Location,"Montréal, Québec","['Canada', 'Québec', 'Montréal']",full_time,,,
https://www.adzuna.ca/details/5832112551?utm_medium=api&utm_source=e90db681,-74.043014,eyJhbGciOiJIUzI1NiJ9.eyJpIjoiNTgzMjExMjU1MSIsInMiOiJRaldxZ2J1VThSRzlrczIzam5sbnNBIn0.Z9Hzr14JC3nmVDEGkh0wHfPLW2xOmvGpVTVqv4BAdgw,5832112551,"Job Description - Analyste en conformité commerce internationale /Trade Compliance Associate Analyst (344074) Analyste en conformité commerce internationale /Trade Compliance Associate Analyst (344074) Nous sommes plus que des experts en aviation, nous sommes des pionniers. Nous repoussons les limites de ce qui est possible. De franchir le mur du son jusqu’aux systèmes de rotor basculant avancés. Aujourd'hui, Bell façonne l'avenir de l'aviation grâce à une ingénierie spécialisée. Venez rejoindr…",2026-08-07T11:31:25Z,0,Analyste en conformité commerce internationale /Trade Compliance Associate Analyst,45.649659,Adzuna::API::Response::Job,IT Jobs,it-jobs,Adzuna::API::Response::Category,Cessna Aircraft Company,Adzuna::API::Response::Company,Adzuna::API::Response::Location,"Mirabel, Laurentides","['Canada', 'Québec', 'Laurentides', 'Mirabel']",,,,
